ISO-10303-21;
HEADER;
/* Generated by software containing ST-Developer
 * from STEP Tools, Inc. (www.steptools.com) 
 */

FILE_DESCRIPTION(
/* description */ (''),
/* implementation_level */ '2;1');

FILE_NAME(
/* name */ 'Housing.step',
/* time_stamp */ '2026-09-16T01:27:47-04:00',
/* author */ (''),
/* organization */ (''),
/* preprocessor_version */ 'ST-DEVELOPER v20.2',
/* originating_system */ 'Autodesk Translation Framework v15.15.0.0',
/* authorisation */ '');

FILE_SCHEMA (('AUTOMOTIVE_DESIGN { 1 0 10303 214 3 1 1 }'));
ENDSEC;

DATA;
#10=MECHANICAL_DESIGN_GEOMETRIC_PRESENTATION_REPRESENTATION('',(#13),#5646);
#11=SHAPE_REPRESENTATION_RELATIONSHIP('SRR','None',#5653,#12);
#12=ADVANCED_BREP_SHAPE_REPRESENTATION('',(#14),#5645);
#13=STYLED_ITEM('',(#5663),#14);
#14=MANIFOLD_SOLID_BREP('Housing',#3398);
#15=CIRCLE('',#3443,2.5);
#16=CIRCLE('',#3444,2.5);
#17=CIRCLE('',#3446,12.5);
#18=CIRCLE('',#3447,12.5);
#19=CIRCLE('',#3448,3.50000000000001);
#20=CIRCLE('',#3450,12.5);
#21=CIRCLE('',#3452,12.5);
#22=CIRCLE('',#3453,3.50000000000001);
#23=CIRCLE('',#3456,3.00000000000004);
#24=CIRCLE('',#3457,3.00000000000004);
#25=CIRCLE('',#3460,3.24999999999999);
#26=CIRCLE('',#3461,3.24999999999999);
#27=CIRCLE('',#3463,2.6);
#28=CIRCLE('',#3464,2.6);
#29=CIRCLE('',#3466,2.6);
#30=CIRCLE('',#3467,2.6);
#31=CIRCLE('',#3469,12.5);
#32=CIRCLE('',#3470,12.5);
#33=CIRCLE('',#3472,12.5);
#34=CIRCLE('',#3473,3.50000000000001);
#35=CIRCLE('',#3476,3.24999999999999);
#36=CIRCLE('',#3477,3.24999999999999);
#37=CIRCLE('',#3480,3.00000000000001);
#38=CIRCLE('',#3481,3.00000000000001);
#39=CIRCLE('',#3484,3.00000000000004);
#40=CIRCLE('',#3485,3.00000000000004);
#41=CIRCLE('',#3487,12.5);
#42=CIRCLE('',#3488,3.50000000000001);
#43=CIRCLE('',#3490,2.5);
#44=CIRCLE('',#3491,2.5);
#45=CIRCLE('',#3494,3.00000000000001);
#46=CIRCLE('',#3495,3.00000000000001);
#47=CIRCLE('',#3499,2.5);
#48=CIRCLE('',#3500,3.00000000000004);
#49=CIRCLE('',#3501,3.24999999999999);
#50=CIRCLE('',#3502,3.00000000000001);
#51=CIRCLE('',#3503,3.00000000000001);
#52=CIRCLE('',#3504,3.24999999999999);
#53=CIRCLE('',#3505,3.00000000000004);
#54=CIRCLE('',#3506,2.5);
#55=CIRCLE('',#3507,2.6);
#56=CIRCLE('',#3508,2.6);
#57=CIRCLE('',#3510,2.6);
#58=CIRCLE('',#3513,2.5);
#59=CIRCLE('',#3515,12.5);
#60=CIRCLE('',#3516,12.5);
#61=CIRCLE('',#3517,3.50000000000001);
#62=CIRCLE('',#3519,3.00000000000004);
#63=CIRCLE('',#3522,3.00000000000001);
#64=CIRCLE('',#3525,3.24999999999999);
#65=CIRCLE('',#3528,3.50000000000001);
#66=CIRCLE('',#3530,2.5);
#67=CIRCLE('',#3532,12.5);
#68=CIRCLE('',#3533,12.5);
#69=CIRCLE('',#3534,3.50000000000001);
#70=CIRCLE('',#3536,3.00000000000004);
#71=CIRCLE('',#3539,3.00000000000001);
#72=CIRCLE('',#3542,3.24999999999999);
#73=CIRCLE('',#3545,3.50000000000001);
#74=CIRCLE('',#3547,2.6);
#75=CIRCLE('',#3550,12.5);
#76=CIRCLE('',#3552,12.5);
#77=CIRCLE('',#3556,12.5);
#78=CIRCLE('',#3558,12.5);
#79=CIRCLE('',#3572,12.5);
#80=CIRCLE('',#3573,12.5);
#81=CIRCLE('',#3574,3.5);
#82=CIRCLE('',#3575,3.50000000000001);
#83=CIRCLE('',#3577,12.5);
#84=CIRCLE('',#3579,2.5);
#85=CIRCLE('',#3580,3.00000000000004);
#86=CIRCLE('',#3581,3.24999999999999);
#87=CIRCLE('',#3582,3.00000000000001);
#88=CIRCLE('',#3583,3.00000000000001);
#89=CIRCLE('',#3584,3.24999999999999);
#90=CIRCLE('',#3585,3.00000000000004);
#91=CIRCLE('',#3586,2.5);
#92=CIRCLE('',#3587,2.6);
#93=CIRCLE('',#3588,2.6);
#94=CIRCLE('',#3591,12.5);
#95=CIRCLE('',#3592,3.5);
#96=CIRCLE('',#3593,3.50000000000001);
#97=CIRCLE('',#3596,12.5);
#98=CIRCLE('',#3597,12.5);
#99=CIRCLE('',#3600,12.5);
#100=CIRCLE('',#3601,3.5);
#101=CIRCLE('',#3602,3.50000000000001);
#102=CIRCLE('',#3604,12.5);
#103=CIRCLE('',#3606,3.5);
#104=CIRCLE('',#3608,3.50000000000001);
#105=CIRCLE('',#3611,2.5);
#106=CIRCLE('',#3614,3.00000000000004);
#107=CIRCLE('',#3617,3.24999999999999);
#108=CIRCLE('',#3620,3.00000000000001);
#109=CIRCLE('',#3623,2.6);
#110=CIRCLE('',#3626,3.24999999999999);
#111=CIRCLE('',#3629,3.00000000000001);
#112=CIRCLE('',#3632,3.00000000000004);
#113=CIRCLE('',#3636,2.5);
#114=CIRCLE('',#3639,2.6);
#115=CIRCLE('',#3642,12.5);
#116=CIRCLE('',#3643,12.5);
#117=CIRCLE('',#3645,12.5);
#118=CIRCLE('',#3646,3.50000000000001);
#119=CIRCLE('',#3648,3.00000000000004);
#120=CIRCLE('',#3649,3.24999999999999);
#121=CIRCLE('',#3650,3.00000000000001);
#122=CIRCLE('',#3651,3.00000000000001);
#123=CIRCLE('',#3652,3.24999999999999);
#124=CIRCLE('',#3653,3.00000000000004);
#125=CIRCLE('',#3654,2.5);
#126=CIRCLE('',#3655,2.5);
#127=CIRCLE('',#3656,2.6);
#128=CIRCLE('',#3657,2.6);
#129=CIRCLE('',#3659,12.5);
#130=CIRCLE('',#3660,12.5);
#131=CIRCLE('',#3662,12.5);
#132=CIRCLE('',#3663,3.50000000000001);
#133=CIRCLE('',#3665,12.5);
#134=CIRCLE('',#3666,3.50000000000001);
#135=CIRCLE('',#3669,3.00000000000001);
#136=CIRCLE('',#3672,2.5);
#137=CIRCLE('',#3675,3.00000000000004);
#138=CIRCLE('',#3678,3.00000000000001);
#139=CIRCLE('',#3681,3.24999999999999);
#140=CIRCLE('',#3684,2.6);
#141=CIRCLE('',#3686,2.6);
#142=CIRCLE('',#3688,3.24999999999999);
#143=CIRCLE('',#3691,3.00000000000004);
#144=CIRCLE('',#3694,2.5);
#145=CIRCLE('',#3696,3.50000000000001);
#146=CIRCLE('',#3702,12.5);
#147=CYLINDRICAL_SURFACE('',#3442,2.5);
#148=CYLINDRICAL_SURFACE('',#3449,12.5);
#149=CYLINDRICAL_SURFACE('',#3455,3.00000000000004);
#150=CYLINDRICAL_SURFACE('',#3459,3.24999999999999);
#151=CYLINDRICAL_SURFACE('',#3462,2.6);
#152=CYLINDRICAL_SURFACE('',#3465,2.6);
#153=CYLINDRICAL_SURFACE('',#3468,12.5);
#154=CYLINDRICAL_SURFACE('',#3475,3.24999999999999);
#155=CYLINDRICAL_SURFACE('',#3479,3.00000000000001);
#156=CYLINDRICAL_SURFACE('',#3483,3.00000000000004);
#157=CYLINDRICAL_SURFACE('',#3489,2.5);
#158=CYLINDRICAL_SURFACE('',#3493,3.00000000000001);
#159=CYLINDRICAL_SURFACE('',#3509,2.6);
#160=CYLINDRICAL_SURFACE('',#3512,2.5);
#161=CYLINDRICAL_SURFACE('',#3518,3.00000000000004);
#162=CYLINDRICAL_SURFACE('',#3521,3.00000000000001);
#163=CYLINDRICAL_SURFACE('',#3524,3.24999999999999);
#164=CYLINDRICAL_SURFACE('',#3527,3.50000000000001);
#165=CYLINDRICAL_SURFACE('',#3529,2.5);
#166=CYLINDRICAL_SURFACE('',#3535,3.00000000000004);
#167=CYLINDRICAL_SURFACE('',#3538,3.00000000000001);
#168=CYLINDRICAL_SURFACE('',#3541,3.24999999999999);
#169=CYLINDRICAL_SURFACE('',#3544,3.50000000000001);
#170=CYLINDRICAL_SURFACE('',#3546,2.6);
#171=CYLINDRICAL_SURFACE('',#3549,12.5);
#172=CYLINDRICAL_SURFACE('',#3554,12.5);
#173=CYLINDRICAL_SURFACE('',#3555,12.5);
#174=CYLINDRICAL_SURFACE('',#3560,12.5);
#175=CYLINDRICAL_SURFACE('',#3562,3.50000000000001);
#176=CYLINDRICAL_SURFACE('',#3563,3.50000000000001);
#177=CYLINDRICAL_SURFACE('',#3564,12.5);
#178=CYLINDRICAL_SURFACE('',#3566,12.5);
#179=CYLINDRICAL_SURFACE('',#3576,12.5);
#180=CYLINDRICAL_SURFACE('',#3594,12.5);
#181=CYLINDRICAL_SURFACE('',#3595,12.5);
#182=CYLINDRICAL_SURFACE('',#3603,12.5);
#183=CYLINDRICAL_SURFACE('',#3605,3.5);
#184=CYLINDRICAL_SURFACE('',#3607,3.50000000000001);
#185=CYLINDRICAL_SURFACE('',#3609,3.5);
#186=CYLINDRICAL_SURFACE('',#3610,2.5);
#187=CYLINDRICAL_SURFACE('',#3613,3.00000000000004);
#188=CYLINDRICAL_SURFACE('',#3616,3.24999999999999);
#189=CYLINDRICAL_SURFACE('',#3619,3.00000000000001);
#190=CYLINDRICAL_SURFACE('',#3622,2.6);
#191=CYLINDRICAL_SURFACE('',#3625,3.24999999999999);
#192=CYLINDRICAL_SURFACE('',#3628,3.00000000000001);
#193=CYLINDRICAL_SURFACE('',#3631,3.00000000000004);
#194=CYLINDRICAL_SURFACE('',#3635,2.5);
#195=CYLINDRICAL_SURFACE('',#3637,3.50000000000001);
#196=CYLINDRICAL_SURFACE('',#3638,2.6);
#197=CYLINDRICAL_SURFACE('',#3641,12.5);
#198=CYLINDRICAL_SURFACE('',#3658,12.5);
#199=CYLINDRICAL_SURFACE('',#3668,3.00000000000001);
#200=CYLINDRICAL_SURFACE('',#3671,2.5);
#201=CYLINDRICAL_SURFACE('',#3674,3.00000000000004);
#202=CYLINDRICAL_SURFACE('',#3677,3.00000000000001);
#203=CYLINDRICAL_SURFACE('',#3680,3.24999999999999);
#204=CYLINDRICAL_SURFACE('',#3683,2.6);
#205=CYLINDRICAL_SURFACE('',#3685,2.6);
#206=CYLINDRICAL_SURFACE('',#3687,3.24999999999999);
#207=CYLINDRICAL_SURFACE('',#3690,3.00000000000004);
#208=CYLINDRICAL_SURFACE('',#3693,2.5);
#209=CYLINDRICAL_SURFACE('',#3695,3.50000000000001);
#210=CYLINDRICAL_SURFACE('',#3697,3.50000000000001);
#211=CYLINDRICAL_SURFACE('',#3698,12.5);
#212=CYLINDRICAL_SURFACE('',#3701,12.5);
#213=FACE_BOUND('',#421,.T.);
#214=FACE_BOUND('',#422,.T.);
#215=FACE_BOUND('',#423,.T.);
#216=FACE_BOUND('',#424,.T.);
#217=FACE_BOUND('',#425,.T.);
#218=FACE_BOUND('',#427,.T.);
#219=FACE_BOUND('',#458,.T.);
#220=FACE_BOUND('',#461,.T.);
#221=FACE_BOUND('',#470,.T.);
#222=FACE_BOUND('',#478,.T.);
#223=FACE_BOUND('',#483,.T.);
#224=FACE_BOUND('',#485,.T.);
#225=FACE_BOUND('',#486,.T.);
#226=FACE_BOUND('',#488,.T.);
#227=FACE_BOUND('',#489,.T.);
#228=FACE_BOUND('',#492,.T.);
#229=FACE_BOUND('',#495,.T.);
#230=FACE_BOUND('',#505,.T.);
#231=FACE_BOUND('',#515,.T.);
#232=FACE_BOUND('',#516,.T.);
#233=FACE_BOUND('',#519,.T.);
#234=FACE_BOUND('',#524,.T.);
#235=FACE_BOUND('',#534,.T.);
#236=FACE_BOUND('',#535,.T.);
#237=FACE_BOUND('',#540,.T.);
#238=FACE_BOUND('',#543,.T.);
#239=FACE_BOUND('',#544,.T.);
#240=FACE_BOUND('',#547,.T.);
#241=FACE_BOUND('',#552,.T.);
#242=FACE_BOUND('',#565,.T.);
#243=FACE_BOUND('',#575,.T.);
#244=FACE_BOUND('',#582,.T.);
#245=FACE_BOUND('',#584,.T.);
#246=FACE_BOUND('',#585,.T.);
#247=FACE_BOUND('',#588,.T.);
#248=FACE_BOUND('',#590,.T.);
#249=FACE_BOUND('',#592,.T.);
#250=FACE_BOUND('',#615,.T.);
#251=FACE_BOUND('',#616,.T.);
#252=FACE_BOUND('',#619,.T.);
#253=FACE_BOUND('',#621,.T.);
#254=FACE_BOUND('',#622,.T.);
#255=FACE_OUTER_BOUND('',#420,.T.);
#256=FACE_OUTER_BOUND('',#426,.T.);
#257=FACE_OUTER_BOUND('',#428,.T.);
#258=FACE_OUTER_BOUND('',#429,.T.);
#259=FACE_OUTER_BOUND('',#430,.T.);
#260=FACE_OUTER_BOUND('',#431,.T.);
#261=FACE_OUTER_BOUND('',#432,.T.);
#262=FACE_OUTER_BOUND('',#433,.T.);
#263=FACE_OUTER_BOUND('',#434,.T.);
#264=FACE_OUTER_BOUND('',#435,.T.);
#265=FACE_OUTER_BOUND('',#436,.T.);
#266=FACE_OUTER_BOUND('',#437,.T.);
#267=FACE_OUTER_BOUND('',#438,.T.);
#268=FACE_OUTER_BOUND('',#439,.T.);
#269=FACE_OUTER_BOUND('',#440,.T.);
#270=FACE_OUTER_BOUND('',#441,.T.);
#271=FACE_OUTER_BOUND('',#442,.T.);
#272=FACE_OUTER_BOUND('',#443,.T.);
#273=FACE_OUTER_BOUND('',#444,.T.);
#274=FACE_OUTER_BOUND('',#445,.T.);
#275=FACE_OUTER_BOUND('',#446,.T.);
#276=FACE_OUTER_BOUND('',#447,.T.);
#277=FACE_OUTER_BOUND('',#448,.T.);
#278=FACE_OUTER_BOUND('',#449,.T.);
#279=FACE_OUTER_BOUND('',#450,.T.);
#280=FACE_OUTER_BOUND('',#451,.T.);
#281=FACE_OUTER_BOUND('',#452,.T.);
#282=FACE_OUTER_BOUND('',#453,.T.);
#283=FACE_OUTER_BOUND('',#454,.T.);
#284=FACE_OUTER_BOUND('',#455,.T.);
#285=FACE_OUTER_BOUND('',#456,.T.);
#286=FACE_OUTER_BOUND('',#457,.T.);
#287=FACE_OUTER_BOUND('',#459,.T.);
#288=FACE_OUTER_BOUND('',#460,.T.);
#289=FACE_OUTER_BOUND('',#462,.T.);
#290=FACE_OUTER_BOUND('',#463,.T.);
#291=FACE_OUTER_BOUND('',#464,.T.);
#292=FACE_OUTER_BOUND('',#465,.T.);
#293=FACE_OUTER_BOUND('',#466,.T.);
#294=FACE_OUTER_BOUND('',#467,.T.);
#295=FACE_OUTER_BOUND('',#468,.T.);
#296=FACE_OUTER_BOUND('',#469,.T.);
#297=FACE_OUTER_BOUND('',#471,.T.);
#298=FACE_OUTER_BOUND('',#472,.T.);
#299=FACE_OUTER_BOUND('',#473,.T.);
#300=FACE_OUTER_BOUND('',#474,.T.);
#301=FACE_OUTER_BOUND('',#475,.T.);
#302=FACE_OUTER_BOUND('',#476,.T.);
#303=FACE_OUTER_BOUND('',#477,.T.);
#304=FACE_OUTER_BOUND('',#479,.T.);
#305=FACE_OUTER_BOUND('',#480,.T.);
#306=FACE_OUTER_BOUND('',#481,.T.);
#307=FACE_OUTER_BOUND('',#482,.T.);
#308=FACE_OUTER_BOUND('',#484,.T.);
#309=FACE_OUTER_BOUND('',#487,.T.);
#310=FACE_OUTER_BOUND('',#490,.T.);
#311=FACE_OUTER_BOUND('',#491,.T.);
#312=FACE_OUTER_BOUND('',#493,.T.);
#313=FACE_OUTER_BOUND('',#494,.T.);
#314=FACE_OUTER_BOUND('',#496,.T.);
#315=FACE_OUTER_BOUND('',#497,.T.);
#316=FACE_OUTER_BOUND('',#498,.T.);
#317=FACE_OUTER_BOUND('',#499,.T.);
#318=FACE_OUTER_BOUND('',#500,.T.);
#319=FACE_OUTER_BOUND('',#501,.T.);
#320=FACE_OUTER_BOUND('',#502,.T.);
#321=FACE_OUTER_BOUND('',#503,.T.);
#322=FACE_OUTER_BOUND('',#504,.T.);
#323=FACE_OUTER_BOUND('',#506,.T.);
#324=FACE_OUTER_BOUND('',#507,.T.);
#325=FACE_OUTER_BOUND('',#508,.T.);
#326=FACE_OUTER_BOUND('',#509,.T.);
#327=FACE_OUTER_BOUND('',#510,.T.);
#328=FACE_OUTER_BOUND('',#511,.T.);
#329=FACE_OUTER_BOUND('',#512,.T.);
#330=FACE_OUTER_BOUND('',#513,.T.);
#331=FACE_OUTER_BOUND('',#514,.T.);
#332=FACE_OUTER_BOUND('',#517,.T.);
#333=FACE_OUTER_BOUND('',#518,.T.);
#334=FACE_OUTER_BOUND('',#520,.T.);
#335=FACE_OUTER_BOUND('',#521,.T.);
#336=FACE_OUTER_BOUND('',#522,.T.);
#337=FACE_OUTER_BOUND('',#523,.T.);
#338=FACE_OUTER_BOUND('',#525,.T.);
#339=FACE_OUTER_BOUND('',#526,.T.);
#340=FACE_OUTER_BOUND('',#527,.T.);
#341=FACE_OUTER_BOUND('',#528,.T.);
#342=FACE_OUTER_BOUND('',#529,.T.);
#343=FACE_OUTER_BOUND('',#530,.T.);
#344=FACE_OUTER_BOUND('',#531,.T.);
#345=FACE_OUTER_BOUND('',#532,.T.);
#346=FACE_OUTER_BOUND('',#533,.T.);
#347=FACE_OUTER_BOUND('',#536,.T.);
#348=FACE_OUTER_BOUND('',#537,.T.);
#349=FACE_OUTER_BOUND('',#538,.T.);
#350=FACE_OUTER_BOUND('',#539,.T.);
#351=FACE_OUTER_BOUND('',#541,.T.);
#352=FACE_OUTER_BOUND('',#542,.T.);
#353=FACE_OUTER_BOUND('',#545,.T.);
#354=FACE_OUTER_BOUND('',#546,.T.);
#355=FACE_OUTER_BOUND('',#548,.T.);
#356=FACE_OUTER_BOUND('',#549,.T.);
#357=FACE_OUTER_BOUND('',#550,.T.);
#358=FACE_OUTER_BOUND('',#551,.T.);
#359=FACE_OUTER_BOUND('',#553,.T.);
#360=FACE_OUTER_BOUND('',#554,.T.);
#361=FACE_OUTER_BOUND('',#555,.T.);
#362=FACE_OUTER_BOUND('',#556,.T.);
#363=FACE_OUTER_BOUND('',#557,.T.);
#364=FACE_OUTER_BOUND('',#558,.T.);
#365=FACE_OUTER_BOUND('',#559,.T.);
#366=FACE_OUTER_BOUND('',#560,.T.);
#367=FACE_OUTER_BOUND('',#561,.T.);
#368=FACE_OUTER_BOUND('',#562,.T.);
#369=FACE_OUTER_BOUND('',#563,.T.);
#370=FACE_OUTER_BOUND('',#564,.T.);
#371=FACE_OUTER_BOUND('',#566,.T.);
#372=FACE_OUTER_BOUND('',#567,.T.);
#373=FACE_OUTER_BOUND('',#568,.T.);
#374=FACE_OUTER_BOUND('',#569,.T.);
#375=FACE_OUTER_BOUND('',#570,.T.);
#376=FACE_OUTER_BOUND('',#571,.T.);
#377=FACE_OUTER_BOUND('',#572,.T.);
#378=FACE_OUTER_BOUND('',#573,.T.);
#379=FACE_OUTER_BOUND('',#574,.T.);
#380=FACE_OUTER_BOUND('',#576,.T.);
#381=FACE_OUTER_BOUND('',#577,.T.);
#382=FACE_OUTER_BOUND('',#578,.T.);
#383=FACE_OUTER_BOUND('',#579,.T.);
#384=FACE_OUTER_BOUND('',#580,.T.);
#385=FACE_OUTER_BOUND('',#581,.T.);
#386=FACE_OUTER_BOUND('',#583,.T.);
#387=FACE_OUTER_BOUND('',#586,.T.);
#388=FACE_OUTER_BOUND('',#587,.T.);
#389=FACE_OUTER_BOUND('',#589,.T.);
#390=FACE_OUTER_BOUND('',#591,.T.);
#391=FACE_OUTER_BOUND('',#593,.T.);
#392=FACE_OUTER_BOUND('',#594,.T.);
#393=FACE_OUTER_BOUND('',#595,.T.);
#394=FACE_OUTER_BOUND('',#596,.T.);
#395=FACE_OUTER_BOUND('',#597,.T.);
#396=FACE_OUTER_BOUND('',#598,.T.);
#397=FACE_OUTER_BOUND('',#599,.T.);
#398=FACE_OUTER_BOUND('',#600,.T.);
#399=FACE_OUTER_BOUND('',#601,.T.);
#400=FACE_OUTER_BOUND('',#602,.T.);
#401=FACE_OUTER_BOUND('',#603,.T.);
#402=FACE_OUTER_BOUND('',#604,.T.);
#403=FACE_OUTER_BOUND('',#605,.T.);
#404=FACE_OUTER_BOUND('',#606,.T.);
#405=FACE_OUTER_BOUND('',#607,.T.);
#406=FACE_OUTER_BOUND('',#608,.T.);
#407=FACE_OUTER_BOUND('',#609,.T.);
#408=FACE_OUTER_BOUND('',#610,.T.);
#409=FACE_OUTER_BOUND('',#611,.T.);
#410=FACE_OUTER_BOUND('',#612,.T.);
#411=FACE_OUTER_BOUND('',#613,.T.);
#412=FACE_OUTER_BOUND('',#614,.T.);
#413=FACE_OUTER_BOUND('',#617,.T.);
#414=FACE_OUTER_BOUND('',#618,.T.);
#415=FACE_OUTER_BOUND('',#620,.T.);
#416=FACE_OUTER_BOUND('',#623,.T.);
#417=FACE_OUTER_BOUND('',#624,.T.);
#418=FACE_OUTER_BOUND('',#625,.T.);
#419=FACE_OUTER_BOUND('',#626,.T.);
#420=EDGE_LOOP('',(#2156,#2157,#2158,#2159,#2160,#2161,#2162,#2163,#2164,
#2165,#2166,#2167));
#421=EDGE_LOOP('',(#2168,#2169,#2170,#2171));
#422=EDGE_LOOP('',(#2172,#2173,#2174,#2175));
#423=EDGE_LOOP('',(#2176,#2177,#2178,#2179));
#424=EDGE_LOOP('',(#2180,#2181,#2182,#2183));
#425=EDGE_LOOP('',(#2184,#2185,#2186,#2187));
#426=EDGE_LOOP('',(#2188,#2189,#2190,#2191,#2192,#2193,#2194,#2195,#2196,
#2197,#2198,#2199,#2200,#2201,#2202,#2203,#2204,#2205));
#427=EDGE_LOOP('',(#2206,#2207,#2208,#2209));
#428=EDGE_LOOP('',(#2210,#2211,#2212,#2213));
#429=EDGE_LOOP('',(#2214,#2215,#2216,#2217));
#430=EDGE_LOOP('',(#2218,#2219,#2220,#2221));
#431=EDGE_LOOP('',(#2222,#2223,#2224,#2225));
#432=EDGE_LOOP('',(#2226,#2227,#2228,#2229));
#433=EDGE_LOOP('',(#2230,#2231,#2232,#2233));
#434=EDGE_LOOP('',(#2234,#2235,#2236,#2237));
#435=EDGE_LOOP('',(#2238,#2239,#2240,#2241));
#436=EDGE_LOOP('',(#2242,#2243,#2244,#2245));
#437=EDGE_LOOP('',(#2246,#2247,#2248,#2249));
#438=EDGE_LOOP('',(#2250,#2251,#2252,#2253));
#439=EDGE_LOOP('',(#2254,#2255,#2256,#2257));
#440=EDGE_LOOP('',(#2258,#2259,#2260,#2261));
#441=EDGE_LOOP('',(#2262,#2263,#2264,#2265));
#442=EDGE_LOOP('',(#2266,#2267,#2268,#2269));
#443=EDGE_LOOP('',(#2270,#2271,#2272,#2273));
#444=EDGE_LOOP('',(#2274,#2275,#2276,#2277));
#445=EDGE_LOOP('',(#2278,#2279,#2280,#2281));
#446=EDGE_LOOP('',(#2282,#2283,#2284,#2285));
#447=EDGE_LOOP('',(#2286,#2287,#2288,#2289));
#448=EDGE_LOOP('',(#2290,#2291,#2292,#2293));
#449=EDGE_LOOP('',(#2294,#2295,#2296,#2297));
#450=EDGE_LOOP('',(#2298,#2299,#2300,#2301));
#451=EDGE_LOOP('',(#2302,#2303,#2304,#2305,#2306,#2307));
#452=EDGE_LOOP('',(#2308,#2309,#2310,#2311,#2312,#2313));
#453=EDGE_LOOP('',(#2314,#2315,#2316,#2317));
#454=EDGE_LOOP('',(#2318,#2319,#2320,#2321,#2322,#2323,#2324,#2325));
#455=EDGE_LOOP('',(#2326,#2327,#2328,#2329,#2330,#2331,#2332,#2333));
#456=EDGE_LOOP('',(#2334,#2335,#2336,#2337));
#457=EDGE_LOOP('',(#2338,#2339,#2340,#2341,#2342,#2343));
#458=EDGE_LOOP('',(#2344));
#459=EDGE_LOOP('',(#2345,#2346,#2347,#2348));
#460=EDGE_LOOP('',(#2349,#2350,#2351,#2352,#2353,#2354));
#461=EDGE_LOOP('',(#2355));
#462=EDGE_LOOP('',(#2356,#2357,#2358,#2359));
#463=EDGE_LOOP('',(#2360,#2361,#2362,#2363));
#464=EDGE_LOOP('',(#2364,#2365,#2366,#2367));
#465=EDGE_LOOP('',(#2368,#2369,#2370,#2371));
#466=EDGE_LOOP('',(#2372,#2373,#2374,#2375));
#467=EDGE_LOOP('',(#2376,#2377,#2378,#2379));
#468=EDGE_LOOP('',(#2380,#2381,#2382,#2383));
#469=EDGE_LOOP('',(#2384,#2385,#2386,#2387,#2388,#2389));
#470=EDGE_LOOP('',(#2390));
#471=EDGE_LOOP('',(#2391,#2392,#2393,#2394));
#472=EDGE_LOOP('',(#2395,#2396,#2397,#2398));
#473=EDGE_LOOP('',(#2399,#2400,#2401,#2402));
#474=EDGE_LOOP('',(#2403,#2404,#2405,#2406));
#475=EDGE_LOOP('',(#2407,#2408,#2409,#2410));
#476=EDGE_LOOP('',(#2411,#2412,#2413,#2414));
#477=EDGE_LOOP('',(#2415,#2416,#2417,#2418,#2419,#2420));
#478=EDGE_LOOP('',(#2421));
#479=EDGE_LOOP('',(#2422,#2423,#2424,#2425));
#480=EDGE_LOOP('',(#2426,#2427,#2428,#2429));
#481=EDGE_LOOP('',(#2430,#2431,#2432,#2433));
#482=EDGE_LOOP('',(#2434,#2435,#2436,#2437));
#483=EDGE_LOOP('',(#2438,#2439,#2440,#2441));
#484=EDGE_LOOP('',(#2442,#2443,#2444,#2445,#2446,#2447,#2448,#2449,#2450,
#2451,#2452,#2453,#2454,#2455,#2456,#2457,#2458,#2459,#2460,#2461,#2462,
#2463,#2464,#2465,#2466,#2467));
#485=EDGE_LOOP('',(#2468));
#486=EDGE_LOOP('',(#2469));
#487=EDGE_LOOP('',(#2470,#2471,#2472,#2473,#2474,#2475,#2476,#2477,#2478,
#2479,#2480,#2481,#2482,#2483,#2484,#2485,#2486,#2487,#2488,#2489,#2490,
#2491,#2492,#2493,#2494,#2495));
#488=EDGE_LOOP('',(#2496));
#489=EDGE_LOOP('',(#2497));
#490=EDGE_LOOP('',(#2498,#2499,#2500,#2501));
#491=EDGE_LOOP('',(#2502,#2503,#2504,#2505));
#492=EDGE_LOOP('',(#2506,#2507,#2508,#2509));
#493=EDGE_LOOP('',(#2510,#2511,#2512,#2513));
#494=EDGE_LOOP('',(#2514,#2515,#2516,#2517,#2518,#2519));
#495=EDGE_LOOP('',(#2520));
#496=EDGE_LOOP('',(#2521,#2522,#2523,#2524));
#497=EDGE_LOOP('',(#2525,#2526,#2527,#2528));
#498=EDGE_LOOP('',(#2529,#2530,#2531,#2532));
#499=EDGE_LOOP('',(#2533,#2534,#2535,#2536));
#500=EDGE_LOOP('',(#2537,#2538,#2539,#2540));
#501=EDGE_LOOP('',(#2541,#2542,#2543,#2544));
#502=EDGE_LOOP('',(#2545,#2546,#2547,#2548));
#503=EDGE_LOOP('',(#2549,#2550,#2551,#2552));
#504=EDGE_LOOP('',(#2553,#2554,#2555,#2556,#2557,#2558));
#505=EDGE_LOOP('',(#2559));
#506=EDGE_LOOP('',(#2560,#2561,#2562,#2563));
#507=EDGE_LOOP('',(#2564,#2565,#2566,#2567));
#508=EDGE_LOOP('',(#2568,#2569,#2570,#2571));
#509=EDGE_LOOP('',(#2572,#2573,#2574,#2575));
#510=EDGE_LOOP('',(#2576,#2577,#2578,#2579));
#511=EDGE_LOOP('',(#2580,#2581,#2582,#2583));
#512=EDGE_LOOP('',(#2584,#2585,#2586,#2587));
#513=EDGE_LOOP('',(#2588,#2589,#2590,#2591));
#514=EDGE_LOOP('',(#2592,#2593,#2594,#2595,#2596,#2597,#2598,#2599,#2600,
#2601,#2602,#2603,#2604,#2605,#2606,#2607,#2608,#2609,#2610,#2611,#2612,
#2613,#2614,#2615));
#515=EDGE_LOOP('',(#2616));
#516=EDGE_LOOP('',(#2617));
#517=EDGE_LOOP('',(#2618,#2619,#2620,#2621));
#518=EDGE_LOOP('',(#2622,#2623,#2624,#2625,#2626,#2627));
#519=EDGE_LOOP('',(#2628));
#520=EDGE_LOOP('',(#2629,#2630,#2631,#2632));
#521=EDGE_LOOP('',(#2633,#2634,#2635,#2636));
#522=EDGE_LOOP('',(#2637,#2638,#2639,#2640));
#523=EDGE_LOOP('',(#2641,#2642,#2643,#2644,#2645,#2646));
#524=EDGE_LOOP('',(#2647));
#525=EDGE_LOOP('',(#2648,#2649,#2650,#2651));
#526=EDGE_LOOP('',(#2652,#2653,#2654,#2655));
#527=EDGE_LOOP('',(#2656,#2657,#2658,#2659));
#528=EDGE_LOOP('',(#2660,#2661,#2662,#2663));
#529=EDGE_LOOP('',(#2664,#2665,#2666,#2667));
#530=EDGE_LOOP('',(#2668,#2669,#2670,#2671));
#531=EDGE_LOOP('',(#2672,#2673,#2674,#2675));
#532=EDGE_LOOP('',(#2676,#2677,#2678,#2679));
#533=EDGE_LOOP('',(#2680,#2681,#2682,#2683,#2684,#2685,#2686,#2687,#2688,
#2689,#2690,#2691,#2692,#2693,#2694,#2695,#2696,#2697,#2698,#2699,#2700,
#2701,#2702,#2703));
#534=EDGE_LOOP('',(#2704));
#535=EDGE_LOOP('',(#2705));
#536=EDGE_LOOP('',(#2706,#2707,#2708,#2709));
#537=EDGE_LOOP('',(#2710,#2711,#2712,#2713));
#538=EDGE_LOOP('',(#2714,#2715,#2716,#2717));
#539=EDGE_LOOP('',(#2718,#2719,#2720,#2721,#2722,#2723));
#540=EDGE_LOOP('',(#2724,#2725));
#541=EDGE_LOOP('',(#2726,#2727,#2728,#2729));
#542=EDGE_LOOP('',(#2730,#2731,#2732,#2733,#2734,#2735,#2736,#2737,#2738,
#2739,#2740,#2741,#2742,#2743,#2744,#2745,#2746,#2747,#2748,#2749,#2750,
#2751,#2752,#2753));
#543=EDGE_LOOP('',(#2754));
#544=EDGE_LOOP('',(#2755));
#545=EDGE_LOOP('',(#2756,#2757,#2758,#2759,#2760,#2761,#2762,#2763,#2764,
#2765));
#546=EDGE_LOOP('',(#2766,#2767,#2768,#2769,#2770,#2771));
#547=EDGE_LOOP('',(#2772,#2773));
#548=EDGE_LOOP('',(#2774,#2775,#2776,#2777));
#549=EDGE_LOOP('',(#2778,#2779,#2780,#2781));
#550=EDGE_LOOP('',(#2782,#2783,#2784,#2785));
#551=EDGE_LOOP('',(#2786,#2787,#2788,#2789,#2790,#2791));
#552=EDGE_LOOP('',(#2792,#2793));
#553=EDGE_LOOP('',(#2794,#2795,#2796,#2797));
#554=EDGE_LOOP('',(#2798,#2799,#2800,#2801));
#555=EDGE_LOOP('',(#2802,#2803,#2804,#2805));
#556=EDGE_LOOP('',(#2806,#2807,#2808,#2809));
#557=EDGE_LOOP('',(#2810,#2811,#2812,#2813));
#558=EDGE_LOOP('',(#2814,#2815,#2816,#2817));
#559=EDGE_LOOP('',(#2818,#2819,#2820,#2821));
#560=EDGE_LOOP('',(#2822,#2823,#2824,#2825));
#561=EDGE_LOOP('',(#2826,#2827,#2828,#2829));
#562=EDGE_LOOP('',(#2830,#2831,#2832,#2833));
#563=EDGE_LOOP('',(#2834,#2835,#2836,#2837));
#564=EDGE_LOOP('',(#2838,#2839,#2840,#2841));
#565=EDGE_LOOP('',(#2842,#2843,#2844,#2845));
#566=EDGE_LOOP('',(#2846,#2847,#2848,#2849));
#567=EDGE_LOOP('',(#2850,#2851,#2852,#2853));
#568=EDGE_LOOP('',(#2854,#2855,#2856,#2857));
#569=EDGE_LOOP('',(#2858,#2859,#2860,#2861));
#570=EDGE_LOOP('',(#2862,#2863,#2864,#2865));
#571=EDGE_LOOP('',(#2866,#2867,#2868,#2869));
#572=EDGE_LOOP('',(#2870,#2871,#2872,#2873));
#573=EDGE_LOOP('',(#2874,#2875,#2876,#2877));
#574=EDGE_LOOP('',(#2878,#2879,#2880,#2881,#2882,#2883));
#575=EDGE_LOOP('',(#2884,#2885));
#576=EDGE_LOOP('',(#2886,#2887,#2888,#2889));
#577=EDGE_LOOP('',(#2890,#2891,#2892,#2893));
#578=EDGE_LOOP('',(#2894,#2895,#2896,#2897));
#579=EDGE_LOOP('',(#2898,#2899,#2900,#2901));
#580=EDGE_LOOP('',(#2902,#2903,#2904,#2905));
#581=EDGE_LOOP('',(#2906,#2907,#2908,#2909,#2910,#2911));
#582=EDGE_LOOP('',(#2912));
#583=EDGE_LOOP('',(#2913,#2914,#2915,#2916,#2917,#2918,#2919,#2920,#2921,
#2922,#2923,#2924,#2925,#2926,#2927,#2928,#2929,#2930,#2931,#2932,#2933,
#2934,#2935,#2936));
#584=EDGE_LOOP('',(#2937));
#585=EDGE_LOOP('',(#2938));
#586=EDGE_LOOP('',(#2939,#2940,#2941,#2942));
#587=EDGE_LOOP('',(#2943,#2944,#2945,#2946,#2947,#2948));
#588=EDGE_LOOP('',(#2949));
#589=EDGE_LOOP('',(#2950,#2951,#2952,#2953,#2954,#2955));
#590=EDGE_LOOP('',(#2956));
#591=EDGE_LOOP('',(#2957,#2958,#2959,#2960));
#592=EDGE_LOOP('',(#2961,#2962,#2963,#2964));
#593=EDGE_LOOP('',(#2965,#2966,#2967,#2968));
#594=EDGE_LOOP('',(#2969,#2970,#2971,#2972));
#595=EDGE_LOOP('',(#2973,#2974,#2975,#2976));
#596=EDGE_LOOP('',(#2977,#2978,#2979,#2980));
#597=EDGE_LOOP('',(#2981,#2982,#2983,#2984));
#598=EDGE_LOOP('',(#2985,#2986,#2987,#2988));
#599=EDGE_LOOP('',(#2989,#2990,#2991,#2992));
#600=EDGE_LOOP('',(#2993,#2994,#2995,#2996));
#601=EDGE_LOOP('',(#2997,#2998,#2999,#3000));
#602=EDGE_LOOP('',(#3001,#3002,#3003,#3004));
#603=EDGE_LOOP('',(#3005,#3006,#3007,#3008));
#604=EDGE_LOOP('',(#3009,#3010,#3011,#3012));
#605=EDGE_LOOP('',(#3013,#3014,#3015,#3016));
#606=EDGE_LOOP('',(#3017,#3018,#3019,#3020));
#607=EDGE_LOOP('',(#3021,#3022,#3023,#3024));
#608=EDGE_LOOP('',(#3025,#3026,#3027,#3028));
#609=EDGE_LOOP('',(#3029,#3030,#3031,#3032));
#610=EDGE_LOOP('',(#3033,#3034,#3035,#3036));
#611=EDGE_LOOP('',(#3037,#3038,#3039,#3040));
#612=EDGE_LOOP('',(#3041,#3042,#3043,#3044));
#613=EDGE_LOOP('',(#3045,#3046,#3047,#3048));
#614=EDGE_LOOP('',(#3049,#3050,#3051,#3052,#3053,#3054,#3055,#3056,#3057,
#3058,#3059,#3060,#3061,#3062,#3063,#3064,#3065,#3066,#3067,#3068,#3069,
#3070,#3071,#3072));
#615=EDGE_LOOP('',(#3073));
#616=EDGE_LOOP('',(#3074));
#617=EDGE_LOOP('',(#3075,#3076,#3077,#3078));
#618=EDGE_LOOP('',(#3079,#3080,#3081,#3082,#3083,#3084));
#619=EDGE_LOOP('',(#3085));
#620=EDGE_LOOP('',(#3086,#3087,#3088,#3089,#3090,#3091,#3092,#3093,#3094,
#3095,#3096,#3097,#3098,#3099,#3100,#3101,#3102,#3103,#3104,#3105,#3106,
#3107,#3108,#3109,#3110,#3111));
#621=EDGE_LOOP('',(#3112));
#622=EDGE_LOOP('',(#3113));
#623=EDGE_LOOP('',(#3114,#3115,#3116,#3117));
#624=EDGE_LOOP('',(#3118,#3119,#3120,#3121,#3122,#3123));
#625=EDGE_LOOP('',(#3124,#3125,#3126,#3127,#3128,#3129));
#626=EDGE_LOOP('',(#3130,#3131,#3132,#3133));
#627=LINE('',#4666,#984);
#628=LINE('',#4668,#985);
#629=LINE('',#4670,#986);
#630=LINE('',#4672,#987);
#631=LINE('',#4674,#988);
#632=LINE('',#4676,#989);
#633=LINE('',#4678,#990);
#634=LINE('',#4680,#991);
#635=LINE('',#4682,#992);
#636=LINE('',#4684,#993);
#637=LINE('',#4686,#994);
#638=LINE('',#4687,#995);
#639=LINE('',#4690,#996);
#640=LINE('',#4692,#997);
#641=LINE('',#4694,#998);
#642=LINE('',#4695,#999);
#643=LINE('',#4698,#1000);
#644=LINE('',#4700,#1001);
#645=LINE('',#4702,#1002);
#646=LINE('',#4703,#1003);
#647=LINE('',#4706,#1004);
#648=LINE('',#4708,#1005);
#649=LINE('',#4710,#1006);
#650=LINE('',#4711,#1007);
#651=LINE('',#4714,#1008);
#652=LINE('',#4716,#1009);
#653=LINE('',#4718,#1010);
#654=LINE('',#4719,#1011);
#655=LINE('',#4722,#1012);
#656=LINE('',#4724,#1013);
#657=LINE('',#4726,#1014);
#658=LINE('',#4727,#1015);
#659=LINE('',#4731,#1016);
#660=LINE('',#4733,#1017);
#661=LINE('',#4735,#1018);
#662=LINE('',#4737,#1019);
#663=LINE('',#4739,#1020);
#664=LINE('',#4741,#1021);
#665=LINE('',#4743,#1022);
#666=LINE('',#4745,#1023);
#667=LINE('',#4747,#1024);
#668=LINE('',#4749,#1025);
#669=LINE('',#4751,#1026);
#670=LINE('',#4753,#1027);
#671=LINE('',#4755,#1028);
#672=LINE('',#4757,#1029);
#673=LINE('',#4759,#1030);
#674=LINE('',#4761,#1031);
#675=LINE('',#4763,#1032);
#676=LINE('',#4764,#1033);
#677=LINE('',#4767,#1034);
#678=LINE('',#4769,#1035);
#679=LINE('',#4771,#1036);
#680=LINE('',#4772,#1037);
#681=LINE('',#4776,#1038);
#682=LINE('',#4777,#1039);
#683=LINE('',#4778,#1040);
#684=LINE('',#4781,#1041);
#685=LINE('',#4782,#1042);
#686=LINE('',#4785,#1043);
#687=LINE('',#4786,#1044);
#688=LINE('',#4788,#1045);
#689=LINE('',#4792,#1046);
#690=LINE('',#4793,#1047);
#691=LINE('',#4794,#1048);
#692=LINE('',#4797,#1049);
#693=LINE('',#4798,#1050);
#694=LINE('',#4801,#1051);
#695=LINE('',#4802,#1052);
#696=LINE('',#4804,#1053);
#697=LINE('',#4808,#1054);
#698=LINE('',#4809,#1055);
#699=LINE('',#4810,#1056);
#700=LINE('',#4813,#1057);
#701=LINE('',#4814,#1058);
#702=LINE('',#4817,#1059);
#703=LINE('',#4818,#1060);
#704=LINE('',#4820,#1061);
#705=LINE('',#4824,#1062);
#706=LINE('',#4825,#1063);
#707=LINE('',#4826,#1064);
#708=LINE('',#4829,#1065);
#709=LINE('',#4830,#1066);
#710=LINE('',#4833,#1067);
#711=LINE('',#4834,#1068);
#712=LINE('',#4836,#1069);
#713=LINE('',#4838,#1070);
#714=LINE('',#4839,#1071);
#715=LINE('',#4841,#1072);
#716=LINE('',#4843,#1073);
#717=LINE('',#4847,#1074);
#718=LINE('',#4849,#1075);
#719=LINE('',#4850,#1076);
#720=LINE('',#4853,#1077);
#721=LINE('',#4855,#1078);
#722=LINE('',#4856,#1079);
#723=LINE('',#4859,#1080);
#724=LINE('',#4861,#1081);
#725=LINE('',#4862,#1082);
#726=LINE('',#4864,#1083);
#727=LINE('',#4865,#1084);
#728=LINE('',#4868,#1085);
#729=LINE('',#4869,#1086);
#730=LINE('',#4870,#1087);
#731=LINE('',#4873,#1088);
#732=LINE('',#4874,#1089);
#733=LINE('',#4877,#1090);
#734=LINE('',#4879,#1091);
#735=LINE('',#4881,#1092);
#736=LINE('',#4883,#1093);
#737=LINE('',#4885,#1094);
#738=LINE('',#4887,#1095);
#739=LINE('',#4888,#1096);
#740=LINE('',#4892,#1097);
#741=LINE('',#4893,#1098);
#742=LINE('',#4895,#1099);
#743=LINE('',#4897,#1100);
#744=LINE('',#4899,#1101);
#745=LINE('',#4901,#1102);
#746=LINE('',#4902,#1103);
#747=LINE('',#4906,#1104);
#748=LINE('',#4913,#1105);
#749=LINE('',#4915,#1106);
#750=LINE('',#4918,#1107);
#751=LINE('',#4925,#1108);
#752=LINE('',#4926,#1109);
#753=LINE('',#4930,#1110);
#754=LINE('',#4931,#1111);
#755=LINE('',#4933,#1112);
#756=LINE('',#4936,#1113);
#757=LINE('',#4942,#1114);
#758=LINE('',#4943,#1115);
#759=LINE('',#4944,#1116);
#760=LINE('',#4948,#1117);
#761=LINE('',#4954,#1118);
#762=LINE('',#4955,#1119);
#763=LINE('',#4956,#1120);
#764=LINE('',#4960,#1121);
#765=LINE('',#4967,#1122);
#766=LINE('',#4973,#1123);
#767=LINE('',#4980,#1124);
#768=LINE('',#4983,#1125);
#769=LINE('',#4986,#1126);
#770=LINE('',#4988,#1127);
#771=LINE('',#4990,#1128);
#772=LINE('',#4993,#1129);
#773=LINE('',#4998,#1130);
#774=LINE('',#5000,#1131);
#775=LINE('',#5001,#1132);
#776=LINE('',#5005,#1133);
#777=LINE('',#5009,#1134);
#778=LINE('',#5013,#1135);
#779=LINE('',#5015,#1136);
#780=LINE('',#5016,#1137);
#781=LINE('',#5021,#1138);
#782=LINE('',#5026,#1139);
#783=LINE('',#5027,#1140);
#784=LINE('',#5028,#1141);
#785=LINE('',#5035,#1142);
#786=LINE('',#5036,#1143);
#787=LINE('',#5038,#1144);
#788=LINE('',#5041,#1145);
#789=LINE('',#5050,#1146);
#790=LINE('',#5051,#1147);
#791=LINE('',#5052,#1148);
#792=LINE('',#5056,#1149);
#793=LINE('',#5060,#1150);
#794=LINE('',#5061,#1151);
#795=LINE('',#5067,#1152);
#796=LINE('',#5069,#1153);
#797=LINE('',#5071,#1154);
#798=LINE('',#5073,#1155);
#799=LINE('',#5077,#1156);
#800=LINE('',#5081,#1157);
#801=LINE('',#5085,#1158);
#802=LINE('',#5089,#1159);
#803=LINE('',#5093,#1160);
#804=LINE('',#5097,#1161);
#805=LINE('',#5099,#1162);
#806=LINE('',#5101,#1163);
#807=LINE('',#5103,#1164);
#808=LINE('',#5105,#1165);
#809=LINE('',#5113,#1166);
#810=LINE('',#5117,#1167);
#811=LINE('',#5118,#1168);
#812=LINE('',#5119,#1169);
#813=LINE('',#5122,#1170);
#814=LINE('',#5128,#1171);
#815=LINE('',#5131,#1172);
#816=LINE('',#5136,#1173);
#817=LINE('',#5139,#1174);
#818=LINE('',#5142,#1175);
#819=LINE('',#5143,#1176);
#820=LINE('',#5147,#1177);
#821=LINE('',#5150,#1178);
#822=LINE('',#5151,#1179);
#823=LINE('',#5156,#1180);
#824=LINE('',#5157,#1181);
#825=LINE('',#5161,#1182);
#826=LINE('',#5165,#1183);
#827=LINE('',#5171,#1184);
#828=LINE('',#5173,#1185);
#829=LINE('',#5178,#1186);
#830=LINE('',#5180,#1187);
#831=LINE('',#5184,#1188);
#832=LINE('',#5185,#1189);
#833=LINE('',#5188,#1190);
#834=LINE('',#5192,#1191);
#835=LINE('',#5193,#1192);
#836=LINE('',#5198,#1193);
#837=LINE('',#5199,#1194);
#838=LINE('',#5203,#1195);
#839=LINE('',#5207,#1196);
#840=LINE('',#5210,#1197);
#841=LINE('',#5211,#1198);
#842=LINE('',#5213,#1199);
#843=LINE('',#5214,#1200);
#844=LINE('',#5215,#1201);
#845=LINE('',#5218,#1202);
#846=LINE('',#5223,#1203);
#847=LINE('',#5225,#1204);
#848=LINE('',#5230,#1205);
#849=LINE('',#5234,#1206);
#850=LINE('',#5236,#1207);
#851=LINE('',#5239,#1208);
#852=LINE('',#5241,#1209);
#853=LINE('',#5243,#1210);
#854=LINE('',#5245,#1211);
#855=LINE('',#5246,#1212);
#856=LINE('',#5249,#1213);
#857=LINE('',#5251,#1214);
#858=LINE('',#5254,#1215);
#859=LINE('',#5258,#1216);
#860=LINE('',#5260,#1217);
#861=LINE('',#5262,#1218);
#862=LINE('',#5263,#1219);
#863=LINE('',#5269,#1220);
#864=LINE('',#5271,#1221);
#865=LINE('',#5273,#1222);
#866=LINE('',#5276,#1223);
#867=LINE('',#5285,#1224);
#868=LINE('',#5286,#1225);
#869=LINE('',#5289,#1226);
#870=LINE('',#5293,#1227);
#871=LINE('',#5294,#1228);
#872=LINE('',#5296,#1229);
#873=LINE('',#5300,#1230);
#874=LINE('',#5304,#1231);
#875=LINE('',#5308,#1232);
#876=LINE('',#5312,#1233);
#877=LINE('',#5316,#1234);
#878=LINE('',#5320,#1235);
#879=LINE('',#5322,#1236);
#880=LINE('',#5324,#1237);
#881=LINE('',#5326,#1238);
#882=LINE('',#5329,#1239);
#883=LINE('',#5336,#1240);
#884=LINE('',#5337,#1241);
#885=LINE('',#5339,#1242);
#886=LINE('',#5341,#1243);
#887=LINE('',#5342,#1244);
#888=LINE('',#5347,#1245);
#889=LINE('',#5348,#1246);
#890=LINE('',#5349,#1247);
#891=LINE('',#5355,#1248);
#892=LINE('',#5361,#1249);
#893=LINE('',#5364,#1250);
#894=LINE('',#5366,#1251);
#895=LINE('',#5367,#1252);
#896=LINE('',#5370,#1253);
#897=LINE('',#5372,#1254);
#898=LINE('',#5381,#1255);
#899=LINE('',#5384,#1256);
#900=LINE('',#5386,#1257);
#901=LINE('',#5391,#1258);
#902=LINE('',#5392,#1259);
#903=LINE('',#5397,#1260);
#904=LINE('',#5398,#1261);
#905=LINE('',#5402,#1262);
#906=LINE('',#5405,#1263);
#907=LINE('',#5406,#1264);
#908=LINE('',#5410,#1265);
#909=LINE('',#5413,#1266);
#910=LINE('',#5414,#1267);
#911=LINE('',#5418,#1268);
#912=LINE('',#5421,#1269);
#913=LINE('',#5422,#1270);
#914=LINE('',#5425,#1271);
#915=LINE('',#5429,#1272);
#916=LINE('',#5430,#1273);
#917=LINE('',#5435,#1274);
#918=LINE('',#5436,#1275);
#919=LINE('',#5439,#1276);
#920=LINE('',#5440,#1277);
#921=LINE('',#5445,#1278);
#922=LINE('',#5446,#1279);
#923=LINE('',#5451,#1280);
#924=LINE('',#5452,#1281);
#925=LINE('',#5455,#1282);
#926=LINE('',#5456,#1283);
#927=LINE('',#5462,#1284);
#928=LINE('',#5469,#1285);
#929=LINE('',#5473,#1286);
#930=LINE('',#5475,#1287);
#931=LINE('',#5477,#1288);
#932=LINE('',#5483,#1289);
#933=LINE('',#5485,#1290);
#934=LINE('',#5489,#1291);
#935=LINE('',#5493,#1292);
#936=LINE('',#5497,#1293);
#937=LINE('',#5501,#1294);
#938=LINE('',#5505,#1295);
#939=LINE('',#5509,#1296);
#940=LINE('',#5511,#1297);
#941=LINE('',#5513,#1298);
#942=LINE('',#5515,#1299);
#943=LINE('',#5518,#1300);
#944=LINE('',#5529,#1301);
#945=LINE('',#5532,#1302);
#946=LINE('',#5534,#1303);
#947=LINE('',#5537,#1304);
#948=LINE('',#5542,#1305);
#949=LINE('',#5546,#1306);
#950=LINE('',#5547,#1307);
#951=LINE('',#5552,#1308);
#952=LINE('',#5554,#1309);
#953=LINE('',#5555,#1310);
#954=LINE('',#5558,#1311);
#955=LINE('',#5562,#1312);
#956=LINE('',#5563,#1313);
#957=LINE('',#5566,#1314);
#958=LINE('',#5569,#1315);
#959=LINE('',#5572,#1316);
#960=LINE('',#5574,#1317);
#961=LINE('',#5578,#1318);
#962=LINE('',#5579,#1319);
#963=LINE('',#5582,#1320);
#964=LINE('',#5586,#1321);
#965=LINE('',#5587,#1322);
#966=LINE('',#5591,#1323);
#967=LINE('',#5594,#1324);
#968=LINE('',#5598,#1325);
#969=LINE('',#5602,#1326);
#970=LINE('',#5606,#1327);
#971=LINE('',#5607,#1328);
#972=LINE('',#5610,#1329);
#973=LINE('',#5614,#1330);
#974=LINE('',#5615,#1331);
#975=LINE('',#5621,#1332);
#976=LINE('',#5623,#1333);
#977=LINE('',#5625,#1334);
#978=LINE('',#5626,#1335);
#979=LINE('',#5630,#1336);
#980=LINE('',#5631,#1337);
#981=LINE('',#5637,#1338);
#982=LINE('',#5638,#1339);
#983=LINE('',#5641,#1340);
#984=VECTOR('',#3713,10.);
#985=VECTOR('',#3714,10.);
#986=VECTOR('',#3715,10.);
#987=VECTOR('',#3716,10.);
#988=VECTOR('',#3717,10.);
#989=VECTOR('',#3718,10.);
#990=VECTOR('',#3719,10.);
#991=VECTOR('',#3720,10.);
#992=VECTOR('',#3721,10.);
#993=VECTOR('',#3722,10.);
#994=VECTOR('',#3723,10.);
#995=VECTOR('',#3724,10.);
#996=VECTOR('',#3725,10.);
#997=VECTOR('',#3726,10.);
#998=VECTOR('',#3727,10.);
#999=VECTOR('',#3728,10.);
#1000=VECTOR('',#3729,10.);
#1001=VECTOR('',#3730,10.);
#1002=VECTOR('',#3731,10.);
#1003=VECTOR('',#3732,10.);
#1004=VECTOR('',#3733,10.);
#1005=VECTOR('',#3734,10.);
#1006=VECTOR('',#3735,10.);
#1007=VECTOR('',#3736,10.);
#1008=VECTOR('',#3737,10.);
#1009=VECTOR('',#3738,10.);
#1010=VECTOR('',#3739,10.);
#1011=VECTOR('',#3740,10.);
#1012=VECTOR('',#3741,10.);
#1013=VECTOR('',#3742,10.);
#1014=VECTOR('',#3743,10.);
#1015=VECTOR('',#3744,10.);
#1016=VECTOR('',#3747,10.);
#1017=VECTOR('',#3748,10.);
#1018=VECTOR('',#3749,10.);
#1019=VECTOR('',#3750,10.);
#1020=VECTOR('',#3751,10.);
#1021=VECTOR('',#3752,10.);
#1022=VECTOR('',#3753,10.);
#1023=VECTOR('',#3754,10.);
#1024=VECTOR('',#3755,10.);
#1025=VECTOR('',#3756,10.);
#1026=VECTOR('',#3757,10.);
#1027=VECTOR('',#3758,10.);
#1028=VECTOR('',#3759,10.);
#1029=VECTOR('',#3760,10.);
#1030=VECTOR('',#3761,10.);
#1031=VECTOR('',#3762,10.);
#1032=VECTOR('',#3763,10.);
#1033=VECTOR('',#3764,10.);
#1034=VECTOR('',#3765,10.);
#1035=VECTOR('',#3766,10.);
#1036=VECTOR('',#3767,10.);
#1037=VECTOR('',#3768,10.);
#1038=VECTOR('',#3771,10.);
#1039=VECTOR('',#3772,10.);
#1040=VECTOR('',#3773,10.);
#1041=VECTOR('',#3776,10.);
#1042=VECTOR('',#3777,10.);
#1043=VECTOR('',#3780,10.);
#1044=VECTOR('',#3781,10.);
#1045=VECTOR('',#3784,10.);
#1046=VECTOR('',#3787,10.);
#1047=VECTOR('',#3788,10.);
#1048=VECTOR('',#3789,10.);
#1049=VECTOR('',#3792,10.);
#1050=VECTOR('',#3793,10.);
#1051=VECTOR('',#3796,10.);
#1052=VECTOR('',#3797,10.);
#1053=VECTOR('',#3800,10.);
#1054=VECTOR('',#3803,10.);
#1055=VECTOR('',#3804,10.);
#1056=VECTOR('',#3805,10.);
#1057=VECTOR('',#3808,10.);
#1058=VECTOR('',#3809,10.);
#1059=VECTOR('',#3812,10.);
#1060=VECTOR('',#3813,10.);
#1061=VECTOR('',#3816,10.);
#1062=VECTOR('',#3819,10.);
#1063=VECTOR('',#3820,10.);
#1064=VECTOR('',#3821,10.);
#1065=VECTOR('',#3824,10.);
#1066=VECTOR('',#3825,10.);
#1067=VECTOR('',#3828,10.);
#1068=VECTOR('',#3829,10.);
#1069=VECTOR('',#3832,10.);
#1070=VECTOR('',#3835,10.);
#1071=VECTOR('',#3836,10.);
#1072=VECTOR('',#3839,10.);
#1073=VECTOR('',#3842,10.);
#1074=VECTOR('',#3847,10.);
#1075=VECTOR('',#3848,10.);
#1076=VECTOR('',#3849,10.);
#1077=VECTOR('',#3852,10.);
#1078=VECTOR('',#3853,10.);
#1079=VECTOR('',#3854,10.);
#1080=VECTOR('',#3857,10.);
#1081=VECTOR('',#3858,10.);
#1082=VECTOR('',#3859,10.);
#1083=VECTOR('',#3862,10.);
#1084=VECTOR('',#3863,10.);
#1085=VECTOR('',#3866,10.);
#1086=VECTOR('',#3867,10.);
#1087=VECTOR('',#3868,10.);
#1088=VECTOR('',#3871,10.);
#1089=VECTOR('',#3872,10.);
#1090=VECTOR('',#3875,10.);
#1091=VECTOR('',#3876,10.);
#1092=VECTOR('',#3877,10.);
#1093=VECTOR('',#3878,10.);
#1094=VECTOR('',#3879,10.);
#1095=VECTOR('',#3880,10.);
#1096=VECTOR('',#3881,10.);
#1097=VECTOR('',#3884,10.);
#1098=VECTOR('',#3885,10.);
#1099=VECTOR('',#3886,10.);
#1100=VECTOR('',#3887,10.);
#1101=VECTOR('',#3888,10.);
#1102=VECTOR('',#3889,10.);
#1103=VECTOR('',#3890,10.);
#1104=VECTOR('',#3893,10.);
#1105=VECTOR('',#3902,10.);
#1106=VECTOR('',#3903,10.);
#1107=VECTOR('',#3906,10.);
#1108=VECTOR('',#3913,10.);
#1109=VECTOR('',#3914,10.);
#1110=VECTOR('',#3917,10.);
#1111=VECTOR('',#3918,10.);
#1112=VECTOR('',#3919,10.);
#1113=VECTOR('',#3922,10.);
#1114=VECTOR('',#3927,10.);
#1115=VECTOR('',#3928,10.);
#1116=VECTOR('',#3929,10.);
#1117=VECTOR('',#3932,10.);
#1118=VECTOR('',#3939,10.);
#1119=VECTOR('',#3940,10.);
#1120=VECTOR('',#3941,10.);
#1121=VECTOR('',#3944,10.);
#1122=VECTOR('',#3953,2.6);
#1123=VECTOR('',#3960,2.6);
#1124=VECTOR('',#3967,10.);
#1125=VECTOR('',#3970,10.);
#1126=VECTOR('',#3973,10.);
#1127=VECTOR('',#3974,10.);
#1128=VECTOR('',#3975,10.);
#1129=VECTOR('',#3978,10.);
#1130=VECTOR('',#3983,10.);
#1131=VECTOR('',#3984,10.);
#1132=VECTOR('',#3985,10.);
#1133=VECTOR('',#3988,10.);
#1134=VECTOR('',#3991,10.);
#1135=VECTOR('',#3996,10.);
#1136=VECTOR('',#3997,10.);
#1137=VECTOR('',#3998,10.);
#1138=VECTOR('',#4003,10.);
#1139=VECTOR('',#4008,10.);
#1140=VECTOR('',#4009,10.);
#1141=VECTOR('',#4010,10.);
#1142=VECTOR('',#4019,10.);
#1143=VECTOR('',#4020,10.);
#1144=VECTOR('',#4021,10.);
#1145=VECTOR('',#4024,10.);
#1146=VECTOR('',#4035,10.);
#1147=VECTOR('',#4036,10.);
#1148=VECTOR('',#4037,10.);
#1149=VECTOR('',#4040,10.);
#1150=VECTOR('',#4047,10.);
#1151=VECTOR('',#4048,10.);
#1152=VECTOR('',#4055,10.);
#1153=VECTOR('',#4056,10.);
#1154=VECTOR('',#4057,10.);
#1155=VECTOR('',#4058,10.);
#1156=VECTOR('',#4061,10.);
#1157=VECTOR('',#4064,10.);
#1158=VECTOR('',#4067,10.);
#1159=VECTOR('',#4070,10.);
#1160=VECTOR('',#4073,10.);
#1161=VECTOR('',#4076,10.);
#1162=VECTOR('',#4077,10.);
#1163=VECTOR('',#4078,10.);
#1164=VECTOR('',#4079,10.);
#1165=VECTOR('',#4082,10.);
#1166=VECTOR('',#4091,2.6);
#1167=VECTOR('',#4094,10.);
#1168=VECTOR('',#4095,10.);
#1169=VECTOR('',#4096,10.);
#1170=VECTOR('',#4099,10.);
#1171=VECTOR('',#4106,10.);
#1172=VECTOR('',#4109,10.);
#1173=VECTOR('',#4114,10.);
#1174=VECTOR('',#4117,10.);
#1175=VECTOR('',#4120,10.);
#1176=VECTOR('',#4121,10.);
#1177=VECTOR('',#4126,10.);
#1178=VECTOR('',#4129,10.);
#1179=VECTOR('',#4130,10.);
#1180=VECTOR('',#4137,10.);
#1181=VECTOR('',#4138,10.);
#1182=VECTOR('',#4143,3.50000000000001);
#1183=VECTOR('',#4148,10.);
#1184=VECTOR('',#4153,10.);
#1185=VECTOR('',#4156,10.);
#1186=VECTOR('',#4161,10.);
#1187=VECTOR('',#4162,10.);
#1188=VECTOR('',#4167,10.);
#1189=VECTOR('',#4168,10.);
#1190=VECTOR('',#4171,10.);
#1191=VECTOR('',#4176,10.);
#1192=VECTOR('',#4177,10.);
#1193=VECTOR('',#4184,10.);
#1194=VECTOR('',#4185,10.);
#1195=VECTOR('',#4190,3.50000000000001);
#1196=VECTOR('',#4195,2.6);
#1197=VECTOR('',#4198,10.);
#1198=VECTOR('',#4199,10.);
#1199=VECTOR('',#4200,10.);
#1200=VECTOR('',#4201,10.);
#1201=VECTOR('',#4202,10.);
#1202=VECTOR('',#4205,10.);
#1203=VECTOR('',#4212,10.);
#1204=VECTOR('',#4215,10.);
#1205=VECTOR('',#4222,10.);
#1206=VECTOR('',#4227,10.);
#1207=VECTOR('',#4230,10.);
#1208=VECTOR('',#4235,10.);
#1209=VECTOR('',#4238,3.50000000000001);
#1210=VECTOR('',#4241,3.50000000000001);
#1211=VECTOR('',#4244,10.);
#1212=VECTOR('',#4245,10.);
#1213=VECTOR('',#4250,10.);
#1214=VECTOR('',#4253,10.);
#1215=VECTOR('',#4258,10.);
#1216=VECTOR('',#4261,10.);
#1217=VECTOR('',#4262,10.);
#1218=VECTOR('',#4263,10.);
#1219=VECTOR('',#4264,10.);
#1220=VECTOR('',#4269,10.);
#1221=VECTOR('',#4270,10.);
#1222=VECTOR('',#4271,10.);
#1223=VECTOR('',#4274,10.);
#1224=VECTOR('',#4283,10.);
#1225=VECTOR('',#4284,10.);
#1226=VECTOR('',#4287,10.);
#1227=VECTOR('',#4290,10.);
#1228=VECTOR('',#4291,10.);
#1229=VECTOR('',#4292,10.);
#1230=VECTOR('',#4295,10.);
#1231=VECTOR('',#4298,10.);
#1232=VECTOR('',#4301,10.);
#1233=VECTOR('',#4304,10.);
#1234=VECTOR('',#4307,10.);
#1235=VECTOR('',#4310,10.);
#1236=VECTOR('',#4311,10.);
#1237=VECTOR('',#4312,10.);
#1238=VECTOR('',#4313,10.);
#1239=VECTOR('',#4316,10.);
#1240=VECTOR('',#4323,10.);
#1241=VECTOR('',#4324,10.);
#1242=VECTOR('',#4325,10.);
#1243=VECTOR('',#4326,10.);
#1244=VECTOR('',#4327,10.);
#1245=VECTOR('',#4332,10.);
#1246=VECTOR('',#4333,10.);
#1247=VECTOR('',#4334,10.);
#1248=VECTOR('',#4341,10.);
#1249=VECTOR('',#4348,10.);
#1250=VECTOR('',#4351,10.);
#1251=VECTOR('',#4352,10.);
#1252=VECTOR('',#4353,10.);
#1253=VECTOR('',#4356,10.);
#1254=VECTOR('',#4357,10.);
#1255=VECTOR('',#4368,10.);
#1256=VECTOR('',#4371,10.);
#1257=VECTOR('',#4372,10.);
#1258=VECTOR('',#4381,10.);
#1259=VECTOR('',#4382,10.);
#1260=VECTOR('',#4389,10.);
#1261=VECTOR('',#4390,10.);
#1262=VECTOR('',#4395,10.);
#1263=VECTOR('',#4398,10.);
#1264=VECTOR('',#4399,10.);
#1265=VECTOR('',#4404,10.);
#1266=VECTOR('',#4407,10.);
#1267=VECTOR('',#4408,10.);
#1268=VECTOR('',#4413,10.);
#1269=VECTOR('',#4416,10.);
#1270=VECTOR('',#4417,10.);
#1271=VECTOR('',#4420,2.6);
#1272=VECTOR('',#4425,10.);
#1273=VECTOR('',#4426,10.);
#1274=VECTOR('',#4431,10.);
#1275=VECTOR('',#4432,10.);
#1276=VECTOR('',#4435,10.);
#1277=VECTOR('',#4436,10.);
#1278=VECTOR('',#4443,10.);
#1279=VECTOR('',#4444,10.);
#1280=VECTOR('',#4451,10.);
#1281=VECTOR('',#4452,10.);
#1282=VECTOR('',#4455,10.);
#1283=VECTOR('',#4456,10.);
#1284=VECTOR('',#4465,2.6);
#1285=VECTOR('',#4474,10.);
#1286=VECTOR('',#4479,10.);
#1287=VECTOR('',#4480,10.);
#1288=VECTOR('',#4481,10.);
#1289=VECTOR('',#4488,10.);
#1290=VECTOR('',#4489,10.);
#1291=VECTOR('',#4492,10.);
#1292=VECTOR('',#4495,10.);
#1293=VECTOR('',#4498,10.);
#1294=VECTOR('',#4501,10.);
#1295=VECTOR('',#4504,10.);
#1296=VECTOR('',#4507,10.);
#1297=VECTOR('',#4508,10.);
#1298=VECTOR('',#4509,10.);
#1299=VECTOR('',#4510,10.);
#1300=VECTOR('',#4513,10.);
#1301=VECTOR('',#4526,10.);
#1302=VECTOR('',#4529,10.);
#1303=VECTOR('',#4530,10.);
#1304=VECTOR('',#4533,10.);
#1305=VECTOR('',#4538,10.);
#1306=VECTOR('',#4541,10.);
#1307=VECTOR('',#4542,10.);
#1308=VECTOR('',#4547,10.);
#1309=VECTOR('',#4548,10.);
#1310=VECTOR('',#4549,10.);
#1311=VECTOR('',#4552,10.);
#1312=VECTOR('',#4557,10.);
#1313=VECTOR('',#4558,10.);
#1314=VECTOR('',#4561,10.);
#1315=VECTOR('',#4566,10.);
#1316=VECTOR('',#4569,10.);
#1317=VECTOR('',#4570,10.);
#1318=VECTOR('',#4575,10.);
#1319=VECTOR('',#4576,10.);
#1320=VECTOR('',#4579,10.);
#1321=VECTOR('',#4584,10.);
#1322=VECTOR('',#4585,10.);
#1323=VECTOR('',#4592,10.);
#1324=VECTOR('',#4595,2.6);
#1325=VECTOR('',#4600,2.6);
#1326=VECTOR('',#4605,10.);
#1327=VECTOR('',#4610,10.);
#1328=VECTOR('',#4611,10.);
#1329=VECTOR('',#4614,10.);
#1330=VECTOR('',#4619,10.);
#1331=VECTOR('',#4620,10.);
#1332=VECTOR('',#4629,3.50000000000001);
#1333=VECTOR('',#4632,3.50000000000001);
#1334=VECTOR('',#4635,10.);
#1335=VECTOR('',#4636,10.);
#1336=VECTOR('',#4641,10.);
#1337=VECTOR('',#4642,10.);
#1338=VECTOR('',#4653,10.);
#1339=VECTOR('',#4654,10.);
#1340=VECTOR('',#4659,10.);
#1341=VERTEX_POINT('',#4664);
#1342=VERTEX_POINT('',#4665);
#1343=VERTEX_POINT('',#4667);
#1344=VERTEX_POINT('',#4669);
#1345=VERTEX_POINT('',#4671);
#1346=VERTEX_POINT('',#4673);
#1347=VERTEX_POINT('',#4675);
#1348=VERTEX_POINT('',#4677);
#1349=VERTEX_POINT('',#4679);
#1350=VERTEX_POINT('',#4681);
#1351=VERTEX_POINT('',#4683);
#1352=VERTEX_POINT('',#4685);
#1353=VERTEX_POINT('',#4688);
#1354=VERTEX_POINT('',#4689);
#1355=VERTEX_POINT('',#4691);
#1356=VERTEX_POINT('',#4693);
#1357=VERTEX_POINT('',#4696);
#1358=VERTEX_POINT('',#4697);
#1359=VERTEX_POINT('',#4699);
#1360=VERTEX_POINT('',#4701);
#1361=VERTEX_POINT('',#4704);
#1362=VERTEX_POINT('',#4705);
#1363=VERTEX_POINT('',#4707);
#1364=VERTEX_POINT('',#4709);
#1365=VERTEX_POINT('',#4712);
#1366=VERTEX_POINT('',#4713);
#1367=VERTEX_POINT('',#4715);
#1368=VERTEX_POINT('',#4717);
#1369=VERTEX_POINT('',#4720);
#1370=VERTEX_POINT('',#4721);
#1371=VERTEX_POINT('',#4723);
#1372=VERTEX_POINT('',#4725);
#1373=VERTEX_POINT('',#4729);
#1374=VERTEX_POINT('',#4730);
#1375=VERTEX_POINT('',#4732);
#1376=VERTEX_POINT('',#4734);
#1377=VERTEX_POINT('',#4736);
#1378=VERTEX_POINT('',#4738);
#1379=VERTEX_POINT('',#4740);
#1380=VERTEX_POINT('',#4742);
#1381=VERTEX_POINT('',#4744);
#1382=VERTEX_POINT('',#4746);
#1383=VERTEX_POINT('',#4748);
#1384=VERTEX_POINT('',#4750);
#1385=VERTEX_POINT('',#4752);
#1386=VERTEX_POINT('',#4754);
#1387=VERTEX_POINT('',#4756);
#1388=VERTEX_POINT('',#4758);
#1389=VERTEX_POINT('',#4760);
#1390=VERTEX_POINT('',#4762);
#1391=VERTEX_POINT('',#4765);
#1392=VERTEX_POINT('',#4766);
#1393=VERTEX_POINT('',#4768);
#1394=VERTEX_POINT('',#4770);
#1395=VERTEX_POINT('',#4774);
#1396=VERTEX_POINT('',#4775);
#1397=VERTEX_POINT('',#4780);
#1398=VERTEX_POINT('',#4784);
#1399=VERTEX_POINT('',#4790);
#1400=VERTEX_POINT('',#4791);
#1401=VERTEX_POINT('',#4796);
#1402=VERTEX_POINT('',#4800);
#1403=VERTEX_POINT('',#4806);
#1404=VERTEX_POINT('',#4807);
#1405=VERTEX_POINT('',#4812);
#1406=VERTEX_POINT('',#4816);
#1407=VERTEX_POINT('',#4822);
#1408=VERTEX_POINT('',#4823);
#1409=VERTEX_POINT('',#4828);
#1410=VERTEX_POINT('',#4832);
#1411=VERTEX_POINT('',#4846);
#1412=VERTEX_POINT('',#4848);
#1413=VERTEX_POINT('',#4852);
#1414=VERTEX_POINT('',#4854);
#1415=VERTEX_POINT('',#4858);
#1416=VERTEX_POINT('',#4860);
#1417=VERTEX_POINT('',#4867);
#1418=VERTEX_POINT('',#4872);
#1419=VERTEX_POINT('',#4876);
#1420=VERTEX_POINT('',#4878);
#1421=VERTEX_POINT('',#4880);
#1422=VERTEX_POINT('',#4882);
#1423=VERTEX_POINT('',#4884);
#1424=VERTEX_POINT('',#4886);
#1425=VERTEX_POINT('',#4890);
#1426=VERTEX_POINT('',#4891);
#1427=VERTEX_POINT('',#4894);
#1428=VERTEX_POINT('',#4896);
#1429=VERTEX_POINT('',#4898);
#1430=VERTEX_POINT('',#4900);
#1431=VERTEX_POINT('',#4904);
#1432=VERTEX_POINT('',#4905);
#1433=VERTEX_POINT('',#4910);
#1434=VERTEX_POINT('',#4911);
#1435=VERTEX_POINT('',#4914);
#1436=VERTEX_POINT('',#4916);
#1437=VERTEX_POINT('',#4919);
#1438=VERTEX_POINT('',#4922);
#1439=VERTEX_POINT('',#4923);
#1440=VERTEX_POINT('',#4928);
#1441=VERTEX_POINT('',#4929);
#1442=VERTEX_POINT('',#4932);
#1443=VERTEX_POINT('',#4934);
#1444=VERTEX_POINT('',#4937);
#1445=VERTEX_POINT('',#4940);
#1446=VERTEX_POINT('',#4941);
#1447=VERTEX_POINT('',#4946);
#1448=VERTEX_POINT('',#4947);
#1449=VERTEX_POINT('',#4952);
#1450=VERTEX_POINT('',#4953);
#1451=VERTEX_POINT('',#4958);
#1452=VERTEX_POINT('',#4959);
#1453=VERTEX_POINT('',#4964);
#1454=VERTEX_POINT('',#4966);
#1455=VERTEX_POINT('',#4970);
#1456=VERTEX_POINT('',#4972);
#1457=VERTEX_POINT('',#4976);
#1458=VERTEX_POINT('',#4977);
#1459=VERTEX_POINT('',#4979);
#1460=VERTEX_POINT('',#4981);
#1461=VERTEX_POINT('',#4985);
#1462=VERTEX_POINT('',#4987);
#1463=VERTEX_POINT('',#4989);
#1464=VERTEX_POINT('',#4991);
#1465=VERTEX_POINT('',#4994);
#1466=VERTEX_POINT('',#4997);
#1467=VERTEX_POINT('',#4999);
#1468=VERTEX_POINT('',#5003);
#1469=VERTEX_POINT('',#5004);
#1470=VERTEX_POINT('',#5006);
#1471=VERTEX_POINT('',#5008);
#1472=VERTEX_POINT('',#5012);
#1473=VERTEX_POINT('',#5014);
#1474=VERTEX_POINT('',#5018);
#1475=VERTEX_POINT('',#5020);
#1476=VERTEX_POINT('',#5024);
#1477=VERTEX_POINT('',#5025);
#1478=VERTEX_POINT('',#5033);
#1479=VERTEX_POINT('',#5034);
#1480=VERTEX_POINT('',#5037);
#1481=VERTEX_POINT('',#5039);
#1482=VERTEX_POINT('',#5042);
#1483=VERTEX_POINT('',#5048);
#1484=VERTEX_POINT('',#5049);
#1485=VERTEX_POINT('',#5054);
#1486=VERTEX_POINT('',#5055);
#1487=VERTEX_POINT('',#5064);
#1488=VERTEX_POINT('',#5066);
#1489=VERTEX_POINT('',#5068);
#1490=VERTEX_POINT('',#5070);
#1491=VERTEX_POINT('',#5072);
#1492=VERTEX_POINT('',#5074);
#1493=VERTEX_POINT('',#5076);
#1494=VERTEX_POINT('',#5078);
#1495=VERTEX_POINT('',#5080);
#1496=VERTEX_POINT('',#5082);
#1497=VERTEX_POINT('',#5084);
#1498=VERTEX_POINT('',#5086);
#1499=VERTEX_POINT('',#5088);
#1500=VERTEX_POINT('',#5090);
#1501=VERTEX_POINT('',#5092);
#1502=VERTEX_POINT('',#5094);
#1503=VERTEX_POINT('',#5096);
#1504=VERTEX_POINT('',#5098);
#1505=VERTEX_POINT('',#5100);
#1506=VERTEX_POINT('',#5102);
#1507=VERTEX_POINT('',#5106);
#1508=VERTEX_POINT('',#5108);
#1509=VERTEX_POINT('',#5111);
#1510=VERTEX_POINT('',#5115);
#1511=VERTEX_POINT('',#5116);
#1512=VERTEX_POINT('',#5121);
#1513=VERTEX_POINT('',#5125);
#1514=VERTEX_POINT('',#5127);
#1515=VERTEX_POINT('',#5129);
#1516=VERTEX_POINT('',#5132);
#1517=VERTEX_POINT('',#5135);
#1518=VERTEX_POINT('',#5137);
#1519=VERTEX_POINT('',#5141);
#1520=VERTEX_POINT('',#5145);
#1521=VERTEX_POINT('',#5149);
#1522=VERTEX_POINT('',#5155);
#1523=VERTEX_POINT('',#5159);
#1524=VERTEX_POINT('',#5163);
#1525=VERTEX_POINT('',#5167);
#1526=VERTEX_POINT('',#5168);
#1527=VERTEX_POINT('',#5170);
#1528=VERTEX_POINT('',#5174);
#1529=VERTEX_POINT('',#5177);
#1530=VERTEX_POINT('',#5179);
#1531=VERTEX_POINT('',#5183);
#1532=VERTEX_POINT('',#5187);
#1533=VERTEX_POINT('',#5191);
#1534=VERTEX_POINT('',#5197);
#1535=VERTEX_POINT('',#5201);
#1536=VERTEX_POINT('',#5205);
#1537=VERTEX_POINT('',#5209);
#1538=VERTEX_POINT('',#5212);
#1539=VERTEX_POINT('',#5217);
#1540=VERTEX_POINT('',#5221);
#1541=VERTEX_POINT('',#5228);
#1542=VERTEX_POINT('',#5232);
#1543=VERTEX_POINT('',#5256);
#1544=VERTEX_POINT('',#5257);
#1545=VERTEX_POINT('',#5259);
#1546=VERTEX_POINT('',#5261);
#1547=VERTEX_POINT('',#5265);
#1548=VERTEX_POINT('',#5266);
#1549=VERTEX_POINT('',#5268);
#1550=VERTEX_POINT('',#5270);
#1551=VERTEX_POINT('',#5272);
#1552=VERTEX_POINT('',#5274);
#1553=VERTEX_POINT('',#5277);
#1554=VERTEX_POINT('',#5278);
#1555=VERTEX_POINT('',#5282);
#1556=VERTEX_POINT('',#5283);
#1557=VERTEX_POINT('',#5288);
#1558=VERTEX_POINT('',#5290);
#1559=VERTEX_POINT('',#5292);
#1560=VERTEX_POINT('',#5295);
#1561=VERTEX_POINT('',#5297);
#1562=VERTEX_POINT('',#5299);
#1563=VERTEX_POINT('',#5301);
#1564=VERTEX_POINT('',#5303);
#1565=VERTEX_POINT('',#5305);
#1566=VERTEX_POINT('',#5307);
#1567=VERTEX_POINT('',#5309);
#1568=VERTEX_POINT('',#5311);
#1569=VERTEX_POINT('',#5313);
#1570=VERTEX_POINT('',#5315);
#1571=VERTEX_POINT('',#5317);
#1572=VERTEX_POINT('',#5319);
#1573=VERTEX_POINT('',#5321);
#1574=VERTEX_POINT('',#5323);
#1575=VERTEX_POINT('',#5325);
#1576=VERTEX_POINT('',#5327);
#1577=VERTEX_POINT('',#5330);
#1578=VERTEX_POINT('',#5332);
#1579=VERTEX_POINT('',#5335);
#1580=VERTEX_POINT('',#5338);
#1581=VERTEX_POINT('',#5340);
#1582=VERTEX_POINT('',#5344);
#1583=VERTEX_POINT('',#5346);
#1584=VERTEX_POINT('',#5350);
#1585=VERTEX_POINT('',#5351);
#1586=VERTEX_POINT('',#5357);
#1587=VERTEX_POINT('',#5359);
#1588=VERTEX_POINT('',#5363);
#1589=VERTEX_POINT('',#5365);
#1590=VERTEX_POINT('',#5369);
#1591=VERTEX_POINT('',#5371);
#1592=VERTEX_POINT('',#5374);
#1593=VERTEX_POINT('',#5375);
#1594=VERTEX_POINT('',#5379);
#1595=VERTEX_POINT('',#5383);
#1596=VERTEX_POINT('',#5385);
#1597=VERTEX_POINT('',#5396);
#1598=VERTEX_POINT('',#5400);
#1599=VERTEX_POINT('',#5404);
#1600=VERTEX_POINT('',#5408);
#1601=VERTEX_POINT('',#5412);
#1602=VERTEX_POINT('',#5416);
#1603=VERTEX_POINT('',#5420);
#1604=VERTEX_POINT('',#5424);
#1605=VERTEX_POINT('',#5428);
#1606=VERTEX_POINT('',#5432);
#1607=VERTEX_POINT('',#5433);
#1608=VERTEX_POINT('',#5438);
#1609=VERTEX_POINT('',#5444);
#1610=VERTEX_POINT('',#5450);
#1611=VERTEX_POINT('',#5454);
#1612=VERTEX_POINT('',#5461);
#1613=VERTEX_POINT('',#5466);
#1614=VERTEX_POINT('',#5468);
#1615=VERTEX_POINT('',#5472);
#1616=VERTEX_POINT('',#5474);
#1617=VERTEX_POINT('',#5476);
#1618=VERTEX_POINT('',#5479);
#1619=VERTEX_POINT('',#5482);
#1620=VERTEX_POINT('',#5484);
#1621=VERTEX_POINT('',#5486);
#1622=VERTEX_POINT('',#5488);
#1623=VERTEX_POINT('',#5490);
#1624=VERTEX_POINT('',#5492);
#1625=VERTEX_POINT('',#5494);
#1626=VERTEX_POINT('',#5496);
#1627=VERTEX_POINT('',#5498);
#1628=VERTEX_POINT('',#5500);
#1629=VERTEX_POINT('',#5502);
#1630=VERTEX_POINT('',#5504);
#1631=VERTEX_POINT('',#5506);
#1632=VERTEX_POINT('',#5508);
#1633=VERTEX_POINT('',#5510);
#1634=VERTEX_POINT('',#5512);
#1635=VERTEX_POINT('',#5514);
#1636=VERTEX_POINT('',#5516);
#1637=VERTEX_POINT('',#5520);
#1638=VERTEX_POINT('',#5522);
#1639=VERTEX_POINT('',#5525);
#1640=VERTEX_POINT('',#5527);
#1641=VERTEX_POINT('',#5531);
#1642=VERTEX_POINT('',#5533);
#1643=VERTEX_POINT('',#5535);
#1644=VERTEX_POINT('',#5538);
#1645=VERTEX_POINT('',#5541);
#1646=VERTEX_POINT('',#5543);
#1647=VERTEX_POINT('',#5545);
#1648=VERTEX_POINT('',#5548);
#1649=VERTEX_POINT('',#5551);
#1650=VERTEX_POINT('',#5553);
#1651=VERTEX_POINT('',#5557);
#1652=VERTEX_POINT('',#5561);
#1653=VERTEX_POINT('',#5565);
#1654=VERTEX_POINT('',#5571);
#1655=VERTEX_POINT('',#5573);
#1656=VERTEX_POINT('',#5577);
#1657=VERTEX_POINT('',#5581);
#1658=VERTEX_POINT('',#5585);
#1659=VERTEX_POINT('',#5593);
#1660=VERTEX_POINT('',#5597);
#1661=VERTEX_POINT('',#5601);
#1662=VERTEX_POINT('',#5605);
#1663=VERTEX_POINT('',#5609);
#1664=VERTEX_POINT('',#5613);
#1665=VERTEX_POINT('',#5619);
#1666=VERTEX_POINT('',#5629);
#1667=EDGE_CURVE('',#1341,#1342,#627,.T.);
#1668=EDGE_CURVE('',#1342,#1343,#628,.T.);
#1669=EDGE_CURVE('',#1344,#1343,#629,.T.);
#1670=EDGE_CURVE('',#1345,#1344,#630,.T.);
#1671=EDGE_CURVE('',#1346,#1345,#631,.T.);
#1672=EDGE_CURVE('',#1346,#1347,#632,.T.);
#1673=EDGE_CURVE('',#1347,#1348,#633,.T.);
#1674=EDGE_CURVE('',#1348,#1349,#634,.T.);
#1675=EDGE_CURVE('',#1349,#1350,#635,.T.);
#1676=EDGE_CURVE('',#1350,#1351,#636,.T.);
#1677=EDGE_CURVE('',#1351,#1352,#637,.T.);
#1678=EDGE_CURVE('',#1341,#1352,#638,.T.);
#1679=EDGE_CURVE('',#1353,#1354,#639,.T.);
#1680=EDGE_CURVE('',#1354,#1355,#640,.T.);
#1681=EDGE_CURVE('',#1355,#1356,#641,.T.);
#1682=EDGE_CURVE('',#1356,#1353,#642,.T.);
#1683=EDGE_CURVE('',#1357,#1358,#643,.T.);
#1684=EDGE_CURVE('',#1358,#1359,#644,.T.);
#1685=EDGE_CURVE('',#1359,#1360,#645,.T.);
#1686=EDGE_CURVE('',#1360,#1357,#646,.T.);
#1687=EDGE_CURVE('',#1361,#1362,#647,.T.);
#1688=EDGE_CURVE('',#1362,#1363,#648,.T.);
#1689=EDGE_CURVE('',#1363,#1364,#649,.T.);
#1690=EDGE_CURVE('',#1364,#1361,#650,.T.);
#1691=EDGE_CURVE('',#1365,#1366,#651,.T.);
#1692=EDGE_CURVE('',#1366,#1367,#652,.T.);
#1693=EDGE_CURVE('',#1367,#1368,#653,.T.);
#1694=EDGE_CURVE('',#1368,#1365,#654,.T.);
#1695=EDGE_CURVE('',#1369,#1370,#655,.T.);
#1696=EDGE_CURVE('',#1370,#1371,#656,.T.);
#1697=EDGE_CURVE('',#1371,#1372,#657,.T.);
#1698=EDGE_CURVE('',#1372,#1369,#658,.T.);
#1699=EDGE_CURVE('',#1373,#1374,#659,.T.);
#1700=EDGE_CURVE('',#1374,#1375,#660,.T.);
#1701=EDGE_CURVE('',#1375,#1376,#661,.T.);
#1702=EDGE_CURVE('',#1376,#1377,#662,.T.);
#1703=EDGE_CURVE('',#1377,#1378,#663,.T.);
#1704=EDGE_CURVE('',#1378,#1379,#664,.T.);
#1705=EDGE_CURVE('',#1379,#1380,#665,.T.);
#1706=EDGE_CURVE('',#1380,#1381,#666,.T.);
#1707=EDGE_CURVE('',#1381,#1382,#667,.T.);
#1708=EDGE_CURVE('',#1382,#1383,#668,.T.);
#1709=EDGE_CURVE('',#1383,#1384,#669,.T.);
#1710=EDGE_CURVE('',#1384,#1385,#670,.T.);
#1711=EDGE_CURVE('',#1385,#1386,#671,.T.);
#1712=EDGE_CURVE('',#1386,#1387,#672,.T.);
#1713=EDGE_CURVE('',#1387,#1388,#673,.T.);
#1714=EDGE_CURVE('',#1389,#1388,#674,.T.);
#1715=EDGE_CURVE('',#1389,#1390,#675,.T.);
#1716=EDGE_CURVE('',#1390,#1373,#676,.T.);
#1717=EDGE_CURVE('',#1391,#1392,#677,.T.);
#1718=EDGE_CURVE('',#1392,#1393,#678,.T.);
#1719=EDGE_CURVE('',#1393,#1394,#679,.T.);
#1720=EDGE_CURVE('',#1394,#1391,#680,.T.);
#1721=EDGE_CURVE('',#1395,#1396,#681,.T.);
#1722=EDGE_CURVE('',#1395,#1372,#682,.T.);
#1723=EDGE_CURVE('',#1396,#1371,#683,.T.);
#1724=EDGE_CURVE('',#1396,#1397,#684,.T.);
#1725=EDGE_CURVE('',#1397,#1370,#685,.T.);
#1726=EDGE_CURVE('',#1397,#1398,#686,.T.);
#1727=EDGE_CURVE('',#1398,#1369,#687,.T.);
#1728=EDGE_CURVE('',#1398,#1395,#688,.T.);
#1729=EDGE_CURVE('',#1399,#1400,#689,.T.);
#1730=EDGE_CURVE('',#1399,#1368,#690,.T.);
#1731=EDGE_CURVE('',#1400,#1367,#691,.T.);
#1732=EDGE_CURVE('',#1400,#1401,#692,.T.);
#1733=EDGE_CURVE('',#1401,#1366,#693,.T.);
#1734=EDGE_CURVE('',#1401,#1402,#694,.T.);
#1735=EDGE_CURVE('',#1402,#1365,#695,.T.);
#1736=EDGE_CURVE('',#1402,#1399,#696,.T.);
#1737=EDGE_CURVE('',#1403,#1404,#697,.T.);
#1738=EDGE_CURVE('',#1403,#1364,#698,.T.);
#1739=EDGE_CURVE('',#1404,#1363,#699,.T.);
#1740=EDGE_CURVE('',#1404,#1405,#700,.T.);
#1741=EDGE_CURVE('',#1405,#1362,#701,.T.);
#1742=EDGE_CURVE('',#1405,#1406,#702,.T.);
#1743=EDGE_CURVE('',#1406,#1361,#703,.T.);
#1744=EDGE_CURVE('',#1406,#1403,#704,.T.);
#1745=EDGE_CURVE('',#1407,#1408,#705,.T.);
#1746=EDGE_CURVE('',#1407,#1360,#706,.T.);
#1747=EDGE_CURVE('',#1408,#1359,#707,.T.);
#1748=EDGE_CURVE('',#1408,#1409,#708,.T.);
#1749=EDGE_CURVE('',#1409,#1358,#709,.T.);
#1750=EDGE_CURVE('',#1409,#1410,#710,.T.);
#1751=EDGE_CURVE('',#1410,#1357,#711,.T.);
#1752=EDGE_CURVE('',#1410,#1407,#712,.T.);
#1753=EDGE_CURVE('',#1355,#1394,#713,.T.);
#1754=EDGE_CURVE('',#1391,#1354,#714,.T.);
#1755=EDGE_CURVE('',#1393,#1356,#715,.T.);
#1756=EDGE_CURVE('',#1392,#1353,#716,.T.);
#1757=EDGE_CURVE('',#1411,#1346,#717,.T.);
#1758=EDGE_CURVE('',#1412,#1411,#718,.T.);
#1759=EDGE_CURVE('',#1347,#1412,#719,.T.);
#1760=EDGE_CURVE('',#1351,#1413,#720,.T.);
#1761=EDGE_CURVE('',#1414,#1350,#721,.T.);
#1762=EDGE_CURVE('',#1413,#1414,#722,.T.);
#1763=EDGE_CURVE('',#1411,#1415,#723,.T.);
#1764=EDGE_CURVE('',#1415,#1416,#724,.T.);
#1765=EDGE_CURVE('',#1416,#1412,#725,.T.);
#1766=EDGE_CURVE('',#1345,#1389,#726,.T.);
#1767=EDGE_CURVE('',#1388,#1415,#727,.T.);
#1768=EDGE_CURVE('',#1417,#1413,#728,.T.);
#1769=EDGE_CURVE('',#1383,#1417,#729,.T.);
#1770=EDGE_CURVE('',#1352,#1382,#730,.T.);
#1771=EDGE_CURVE('',#1414,#1418,#731,.T.);
#1772=EDGE_CURVE('',#1418,#1417,#732,.T.);
#1773=EDGE_CURVE('',#1419,#1390,#733,.T.);
#1774=EDGE_CURVE('',#1419,#1420,#734,.T.);
#1775=EDGE_CURVE('',#1420,#1421,#735,.T.);
#1776=EDGE_CURVE('',#1421,#1422,#736,.T.);
#1777=EDGE_CURVE('',#1422,#1423,#737,.T.);
#1778=EDGE_CURVE('',#1423,#1424,#738,.T.);
#1779=EDGE_CURVE('',#1424,#1373,#739,.T.);
#1780=EDGE_CURVE('',#1425,#1426,#740,.T.);
#1781=EDGE_CURVE('',#1425,#1344,#741,.T.);
#1782=EDGE_CURVE('',#1343,#1427,#742,.T.);
#1783=EDGE_CURVE('',#1428,#1427,#743,.T.);
#1784=EDGE_CURVE('',#1429,#1428,#744,.T.);
#1785=EDGE_CURVE('',#1430,#1429,#745,.T.);
#1786=EDGE_CURVE('',#1426,#1430,#746,.T.);
#1787=EDGE_CURVE('',#1431,#1432,#747,.T.);
#1788=EDGE_CURVE('',#1432,#1425,#15,.T.);
#1789=EDGE_CURVE('',#1426,#1431,#16,.T.);
#1790=EDGE_CURVE('',#1433,#1434,#17,.T.);
#1791=EDGE_CURVE('',#1432,#1433,#748,.T.);
#1792=EDGE_CURVE('',#1431,#1435,#749,.T.);
#1793=EDGE_CURVE('',#1436,#1435,#18,.T.);
#1794=EDGE_CURVE('',#1434,#1436,#750,.T.);
#1795=EDGE_CURVE('',#1437,#1437,#19,.T.);
#1796=EDGE_CURVE('',#1438,#1439,#20,.T.);
#1797=EDGE_CURVE('',#1439,#1433,#751,.T.);
#1798=EDGE_CURVE('',#1434,#1438,#752,.T.);
#1799=EDGE_CURVE('',#1440,#1441,#753,.T.);
#1800=EDGE_CURVE('',#1440,#1439,#754,.T.);
#1801=EDGE_CURVE('',#1442,#1438,#755,.T.);
#1802=EDGE_CURVE('',#1443,#1442,#21,.T.);
#1803=EDGE_CURVE('',#1441,#1443,#756,.T.);
#1804=EDGE_CURVE('',#1444,#1444,#22,.T.);
#1805=EDGE_CURVE('',#1445,#1446,#757,.T.);
#1806=EDGE_CURVE('',#1440,#1446,#758,.T.);
#1807=EDGE_CURVE('',#1445,#1441,#759,.T.);
#1808=EDGE_CURVE('',#1447,#1448,#760,.T.);
#1809=EDGE_CURVE('',#1446,#1448,#23,.T.);
#1810=EDGE_CURVE('',#1447,#1445,#24,.T.);
#1811=EDGE_CURVE('',#1449,#1450,#761,.T.);
#1812=EDGE_CURVE('',#1448,#1450,#762,.T.);
#1813=EDGE_CURVE('',#1449,#1447,#763,.T.);
#1814=EDGE_CURVE('',#1451,#1452,#764,.T.);
#1815=EDGE_CURVE('',#1450,#1452,#25,.T.);
#1816=EDGE_CURVE('',#1451,#1449,#26,.T.);
#1817=EDGE_CURVE('',#1453,#1453,#27,.T.);
#1818=EDGE_CURVE('',#1453,#1454,#765,.T.);
#1819=EDGE_CURVE('',#1454,#1454,#28,.T.);
#1820=EDGE_CURVE('',#1455,#1455,#29,.T.);
#1821=EDGE_CURVE('',#1455,#1456,#766,.T.);
#1822=EDGE_CURVE('',#1456,#1456,#30,.T.);
#1823=EDGE_CURVE('',#1457,#1458,#31,.T.);
#1824=EDGE_CURVE('',#1458,#1459,#767,.T.);
#1825=EDGE_CURVE('',#1459,#1460,#32,.T.);
#1826=EDGE_CURVE('',#1460,#1457,#768,.T.);
#1827=EDGE_CURVE('',#1461,#1459,#769,.T.);
#1828=EDGE_CURVE('',#1461,#1462,#770,.T.);
#1829=EDGE_CURVE('',#1462,#1463,#771,.T.);
#1830=EDGE_CURVE('',#1464,#1463,#33,.T.);
#1831=EDGE_CURVE('',#1464,#1460,#772,.T.);
#1832=EDGE_CURVE('',#1465,#1465,#34,.T.);
#1833=EDGE_CURVE('',#1461,#1466,#773,.T.);
#1834=EDGE_CURVE('',#1467,#1466,#774,.T.);
#1835=EDGE_CURVE('',#1467,#1462,#775,.T.);
#1836=EDGE_CURVE('',#1468,#1469,#776,.T.);
#1837=EDGE_CURVE('',#1469,#1470,#35,.T.);
#1838=EDGE_CURVE('',#1471,#1470,#777,.T.);
#1839=EDGE_CURVE('',#1471,#1468,#36,.T.);
#1840=EDGE_CURVE('',#1470,#1472,#778,.T.);
#1841=EDGE_CURVE('',#1473,#1472,#779,.T.);
#1842=EDGE_CURVE('',#1473,#1471,#780,.T.);
#1843=EDGE_CURVE('',#1472,#1474,#37,.T.);
#1844=EDGE_CURVE('',#1475,#1474,#781,.T.);
#1845=EDGE_CURVE('',#1475,#1473,#38,.T.);
#1846=EDGE_CURVE('',#1476,#1477,#782,.T.);
#1847=EDGE_CURVE('',#1477,#1469,#783,.T.);
#1848=EDGE_CURVE('',#1468,#1476,#784,.T.);
#1849=EDGE_CURVE('',#1466,#1477,#39,.T.);
#1850=EDGE_CURVE('',#1476,#1467,#40,.T.);
#1851=EDGE_CURVE('',#1478,#1479,#785,.T.);
#1852=EDGE_CURVE('',#1479,#1458,#786,.T.);
#1853=EDGE_CURVE('',#1457,#1480,#787,.T.);
#1854=EDGE_CURVE('',#1481,#1480,#41,.T.);
#1855=EDGE_CURVE('',#1478,#1481,#788,.T.);
#1856=EDGE_CURVE('',#1482,#1482,#42,.T.);
#1857=EDGE_CURVE('',#1479,#1419,#43,.T.);
#1858=EDGE_CURVE('',#1420,#1478,#44,.T.);
#1859=EDGE_CURVE('',#1483,#1484,#789,.T.);
#1860=EDGE_CURVE('',#1452,#1484,#790,.T.);
#1861=EDGE_CURVE('',#1483,#1451,#791,.T.);
#1862=EDGE_CURVE('',#1485,#1486,#792,.T.);
#1863=EDGE_CURVE('',#1484,#1486,#45,.T.);
#1864=EDGE_CURVE('',#1485,#1483,#46,.T.);
#1865=EDGE_CURVE('',#1474,#1486,#793,.T.);
#1866=EDGE_CURVE('',#1475,#1485,#794,.T.);
#1867=EDGE_CURVE('',#1424,#1487,#47,.T.);
#1868=EDGE_CURVE('',#1487,#1488,#795,.T.);
#1869=EDGE_CURVE('',#1489,#1488,#796,.T.);
#1870=EDGE_CURVE('',#1490,#1489,#797,.T.);
#1871=EDGE_CURVE('',#1491,#1490,#798,.T.);
#1872=EDGE_CURVE('',#1492,#1491,#48,.T.);
#1873=EDGE_CURVE('',#1493,#1492,#799,.T.);
#1874=EDGE_CURVE('',#1494,#1493,#49,.T.);
#1875=EDGE_CURVE('',#1495,#1494,#800,.T.);
#1876=EDGE_CURVE('',#1496,#1495,#50,.T.);
#1877=EDGE_CURVE('',#1496,#1497,#801,.T.);
#1878=EDGE_CURVE('',#1497,#1498,#51,.T.);
#1879=EDGE_CURVE('',#1498,#1499,#802,.T.);
#1880=EDGE_CURVE('',#1499,#1500,#52,.T.);
#1881=EDGE_CURVE('',#1500,#1501,#803,.T.);
#1882=EDGE_CURVE('',#1501,#1502,#53,.T.);
#1883=EDGE_CURVE('',#1502,#1503,#804,.T.);
#1884=EDGE_CURVE('',#1503,#1504,#805,.T.);
#1885=EDGE_CURVE('',#1505,#1504,#806,.T.);
#1886=EDGE_CURVE('',#1506,#1505,#807,.T.);
#1887=EDGE_CURVE('',#1427,#1506,#54,.T.);
#1888=EDGE_CURVE('',#1342,#1374,#808,.T.);
#1889=EDGE_CURVE('',#1507,#1507,#55,.T.);
#1890=EDGE_CURVE('',#1508,#1508,#56,.T.);
#1891=EDGE_CURVE('',#1509,#1509,#57,.T.);
#1892=EDGE_CURVE('',#1509,#1507,#809,.T.);
#1893=EDGE_CURVE('',#1510,#1511,#810,.T.);
#1894=EDGE_CURVE('',#1497,#1511,#811,.T.);
#1895=EDGE_CURVE('',#1496,#1510,#812,.T.);
#1896=EDGE_CURVE('',#1506,#1512,#813,.T.);
#1897=EDGE_CURVE('',#1512,#1428,#58,.T.);
#1898=EDGE_CURVE('',#1513,#1505,#59,.T.);
#1899=EDGE_CURVE('',#1514,#1513,#814,.T.);
#1900=EDGE_CURVE('',#1515,#1514,#60,.T.);
#1901=EDGE_CURVE('',#1512,#1515,#815,.T.);
#1902=EDGE_CURVE('',#1516,#1516,#61,.T.);
#1903=EDGE_CURVE('',#1501,#1517,#816,.T.);
#1904=EDGE_CURVE('',#1518,#1517,#62,.T.);
#1905=EDGE_CURVE('',#1502,#1518,#817,.T.);
#1906=EDGE_CURVE('',#1500,#1519,#818,.T.);
#1907=EDGE_CURVE('',#1517,#1519,#819,.T.);
#1908=EDGE_CURVE('',#1520,#1511,#63,.T.);
#1909=EDGE_CURVE('',#1498,#1520,#820,.T.);
#1910=EDGE_CURVE('',#1521,#1520,#821,.T.);
#1911=EDGE_CURVE('',#1499,#1521,#822,.T.);
#1912=EDGE_CURVE('',#1519,#1521,#64,.T.);
#1913=EDGE_CURVE('',#1522,#1503,#823,.T.);
#1914=EDGE_CURVE('',#1522,#1518,#824,.T.);
#1915=EDGE_CURVE('',#1523,#1523,#65,.T.);
#1916=EDGE_CURVE('',#1523,#1516,#825,.T.);
#1917=EDGE_CURVE('',#1524,#1423,#66,.T.);
#1918=EDGE_CURVE('',#1487,#1524,#826,.T.);
#1919=EDGE_CURVE('',#1525,#1526,#67,.T.);
#1920=EDGE_CURVE('',#1525,#1527,#827,.T.);
#1921=EDGE_CURVE('',#1488,#1527,#68,.T.);
#1922=EDGE_CURVE('',#1524,#1526,#828,.T.);
#1923=EDGE_CURVE('',#1528,#1528,#69,.T.);
#1924=EDGE_CURVE('',#1492,#1529,#829,.T.);
#1925=EDGE_CURVE('',#1491,#1530,#830,.T.);
#1926=EDGE_CURVE('',#1530,#1529,#70,.T.);
#1927=EDGE_CURVE('',#1493,#1531,#831,.T.);
#1928=EDGE_CURVE('',#1529,#1531,#832,.T.);
#1929=EDGE_CURVE('',#1495,#1532,#833,.T.);
#1930=EDGE_CURVE('',#1532,#1510,#71,.T.);
#1931=EDGE_CURVE('',#1494,#1533,#834,.T.);
#1932=EDGE_CURVE('',#1533,#1532,#835,.T.);
#1933=EDGE_CURVE('',#1531,#1533,#72,.T.);
#1934=EDGE_CURVE('',#1534,#1490,#836,.T.);
#1935=EDGE_CURVE('',#1534,#1530,#837,.T.);
#1936=EDGE_CURVE('',#1535,#1535,#73,.T.);
#1937=EDGE_CURVE('',#1535,#1528,#838,.T.);
#1938=EDGE_CURVE('',#1536,#1536,#74,.T.);
#1939=EDGE_CURVE('',#1536,#1508,#839,.T.);
#1940=EDGE_CURVE('',#1526,#1537,#840,.T.);
#1941=EDGE_CURVE('',#1429,#1422,#841,.T.);
#1942=EDGE_CURVE('',#1538,#1515,#842,.T.);
#1943=EDGE_CURVE('',#1522,#1538,#843,.T.);
#1944=EDGE_CURVE('',#1534,#1537,#844,.T.);
#1945=EDGE_CURVE('',#1514,#1539,#845,.T.);
#1946=EDGE_CURVE('',#1539,#1538,#75,.T.);
#1947=EDGE_CURVE('',#1504,#1540,#76,.T.);
#1948=EDGE_CURVE('',#1540,#1539,#846,.T.);
#1949=EDGE_CURVE('',#1540,#1513,#847,.T.);
#1950=EDGE_CURVE('',#1541,#1489,#77,.T.);
#1951=EDGE_CURVE('',#1527,#1541,#848,.T.);
#1952=EDGE_CURVE('',#1537,#1542,#78,.T.);
#1953=EDGE_CURVE('',#1541,#1542,#849,.T.);
#1954=EDGE_CURVE('',#1542,#1525,#850,.T.);
#1955=EDGE_CURVE('',#1442,#1436,#851,.T.);
#1956=EDGE_CURVE('',#1444,#1437,#852,.T.);
#1957=EDGE_CURVE('',#1465,#1482,#853,.T.);
#1958=EDGE_CURVE('',#1463,#1481,#854,.T.);
#1959=EDGE_CURVE('',#1480,#1464,#855,.T.);
#1960=EDGE_CURVE('',#1435,#1443,#856,.T.);
#1961=EDGE_CURVE('',#1430,#1421,#857,.T.);
#1962=EDGE_CURVE('',#1418,#1384,#858,.T.);
#1963=EDGE_CURVE('',#1543,#1544,#859,.T.);
#1964=EDGE_CURVE('',#1543,#1545,#860,.T.);
#1965=EDGE_CURVE('',#1546,#1545,#861,.T.);
#1966=EDGE_CURVE('',#1546,#1544,#862,.T.);
#1967=EDGE_CURVE('',#1547,#1548,#79,.T.);
#1968=EDGE_CURVE('',#1547,#1549,#863,.T.);
#1969=EDGE_CURVE('',#1550,#1549,#864,.T.);
#1970=EDGE_CURVE('',#1550,#1551,#865,.T.);
#1971=EDGE_CURVE('',#1552,#1551,#80,.T.);
#1972=EDGE_CURVE('',#1548,#1552,#866,.T.);
#1973=EDGE_CURVE('',#1553,#1554,#81,.T.);
#1974=EDGE_CURVE('',#1554,#1553,#82,.T.);
#1975=EDGE_CURVE('',#1555,#1556,#83,.T.);
#1976=EDGE_CURVE('',#1556,#1547,#867,.T.);
#1977=EDGE_CURVE('',#1548,#1555,#868,.T.);
#1978=EDGE_CURVE('',#1379,#1557,#869,.T.);
#1979=EDGE_CURVE('',#1558,#1557,#84,.T.);
#1980=EDGE_CURVE('',#1558,#1559,#870,.T.);
#1981=EDGE_CURVE('',#1551,#1559,#871,.T.);
#1982=EDGE_CURVE('',#1550,#1560,#872,.T.);
#1983=EDGE_CURVE('',#1560,#1561,#85,.T.);
#1984=EDGE_CURVE('',#1561,#1562,#873,.T.);
#1985=EDGE_CURVE('',#1562,#1563,#86,.T.);
#1986=EDGE_CURVE('',#1563,#1564,#874,.T.);
#1987=EDGE_CURVE('',#1564,#1565,#87,.T.);
#1988=EDGE_CURVE('',#1566,#1565,#875,.T.);
#1989=EDGE_CURVE('',#1567,#1566,#88,.T.);
#1990=EDGE_CURVE('',#1568,#1567,#876,.T.);
#1991=EDGE_CURVE('',#1569,#1568,#89,.T.);
#1992=EDGE_CURVE('',#1570,#1569,#877,.T.);
#1993=EDGE_CURVE('',#1571,#1570,#90,.T.);
#1994=EDGE_CURVE('',#1572,#1571,#878,.T.);
#1995=EDGE_CURVE('',#1572,#1573,#879,.T.);
#1996=EDGE_CURVE('',#1574,#1573,#880,.T.);
#1997=EDGE_CURVE('',#1575,#1574,#881,.T.);
#1998=EDGE_CURVE('',#1575,#1576,#91,.T.);
#1999=EDGE_CURVE('',#1380,#1576,#882,.T.);
#2000=EDGE_CURVE('',#1577,#1577,#92,.T.);
#2001=EDGE_CURVE('',#1578,#1578,#93,.T.);
#2002=EDGE_CURVE('',#1579,#1341,#883,.T.);
#2003=EDGE_CURVE('',#1557,#1579,#884,.T.);
#2004=EDGE_CURVE('',#1580,#1378,#885,.T.);
#2005=EDGE_CURVE('',#1581,#1580,#886,.T.);
#2006=EDGE_CURVE('',#1375,#1581,#887,.T.);
#2007=EDGE_CURVE('',#1559,#1582,#94,.T.);
#2008=EDGE_CURVE('',#1583,#1558,#888,.T.);
#2009=EDGE_CURVE('',#1583,#1556,#889,.T.);
#2010=EDGE_CURVE('',#1582,#1555,#890,.T.);
#2011=EDGE_CURVE('',#1584,#1585,#95,.T.);
#2012=EDGE_CURVE('',#1585,#1584,#96,.T.);
#2013=EDGE_CURVE('',#1582,#1552,#891,.T.);
#2014=EDGE_CURVE('',#1586,#1574,#97,.T.);
#2015=EDGE_CURVE('',#1573,#1587,#98,.T.);
#2016=EDGE_CURVE('',#1587,#1586,#892,.T.);
#2017=EDGE_CURVE('',#1588,#1587,#893,.T.);
#2018=EDGE_CURVE('',#1589,#1588,#894,.T.);
#2019=EDGE_CURVE('',#1586,#1589,#895,.T.);
#2020=EDGE_CURVE('',#1572,#1590,#896,.T.);
#2021=EDGE_CURVE('',#1590,#1591,#897,.T.);
#2022=EDGE_CURVE('',#1588,#1591,#99,.T.);
#2023=EDGE_CURVE('',#1592,#1593,#100,.T.);
#2024=EDGE_CURVE('',#1592,#1593,#101,.T.);
#2025=EDGE_CURVE('',#1594,#1589,#102,.T.);
#2026=EDGE_CURVE('',#1591,#1594,#898,.T.);
#2027=EDGE_CURVE('',#1593,#1595,#899,.T.);
#2028=EDGE_CURVE('',#1596,#1592,#900,.T.);
#2029=EDGE_CURVE('',#1595,#1596,#103,.T.);
#2030=EDGE_CURVE('',#1595,#1596,#104,.T.);
#2031=EDGE_CURVE('',#1585,#1553,#901,.T.);
#2032=EDGE_CURVE('',#1554,#1584,#902,.T.);
#2033=EDGE_CURVE('',#1579,#1583,#105,.T.);
#2034=EDGE_CURVE('',#1549,#1597,#903,.T.);
#2035=EDGE_CURVE('',#1597,#1560,#904,.T.);
#2036=EDGE_CURVE('',#1597,#1598,#106,.T.);
#2037=EDGE_CURVE('',#1598,#1561,#905,.T.);
#2038=EDGE_CURVE('',#1598,#1599,#906,.T.);
#2039=EDGE_CURVE('',#1599,#1562,#907,.T.);
#2040=EDGE_CURVE('',#1599,#1600,#107,.T.);
#2041=EDGE_CURVE('',#1600,#1563,#908,.T.);
#2042=EDGE_CURVE('',#1600,#1601,#909,.T.);
#2043=EDGE_CURVE('',#1601,#1564,#910,.T.);
#2044=EDGE_CURVE('',#1601,#1602,#108,.T.);
#2045=EDGE_CURVE('',#1602,#1565,#911,.T.);
#2046=EDGE_CURVE('',#1602,#1603,#912,.T.);
#2047=EDGE_CURVE('',#1603,#1566,#913,.T.);
#2048=EDGE_CURVE('',#1578,#1604,#914,.T.);
#2049=EDGE_CURVE('',#1604,#1604,#109,.T.);
#2050=EDGE_CURVE('',#1605,#1590,#915,.T.);
#2051=EDGE_CURVE('',#1605,#1571,#916,.T.);
#2052=EDGE_CURVE('',#1606,#1607,#110,.T.);
#2053=EDGE_CURVE('',#1607,#1569,#917,.T.);
#2054=EDGE_CURVE('',#1606,#1568,#918,.T.);
#2055=EDGE_CURVE('',#1608,#1606,#919,.T.);
#2056=EDGE_CURVE('',#1608,#1567,#920,.T.);
#2057=EDGE_CURVE('',#1603,#1608,#111,.T.);
#2058=EDGE_CURVE('',#1607,#1609,#921,.T.);
#2059=EDGE_CURVE('',#1609,#1570,#922,.T.);
#2060=EDGE_CURVE('',#1609,#1605,#112,.T.);
#2061=EDGE_CURVE('',#1576,#1610,#923,.T.);
#2062=EDGE_CURVE('',#1610,#1381,#924,.T.);
#2063=EDGE_CURVE('',#1594,#1611,#925,.T.);
#2064=EDGE_CURVE('',#1611,#1575,#926,.T.);
#2065=EDGE_CURVE('',#1611,#1610,#113,.T.);
#2066=EDGE_CURVE('',#1577,#1612,#927,.T.);
#2067=EDGE_CURVE('',#1612,#1612,#114,.T.);
#2068=EDGE_CURVE('',#1544,#1613,#115,.T.);
#2069=EDGE_CURVE('',#1613,#1614,#928,.T.);
#2070=EDGE_CURVE('',#1614,#1543,#116,.T.);
#2071=EDGE_CURVE('',#1615,#1614,#929,.T.);
#2072=EDGE_CURVE('',#1616,#1615,#930,.T.);
#2073=EDGE_CURVE('',#1616,#1617,#931,.T.);
#2074=EDGE_CURVE('',#1545,#1617,#117,.T.);
#2075=EDGE_CURVE('',#1618,#1618,#118,.T.);
#2076=EDGE_CURVE('',#1619,#1613,#932,.T.);
#2077=EDGE_CURVE('',#1619,#1620,#933,.T.);
#2078=EDGE_CURVE('',#1620,#1621,#119,.T.);
#2079=EDGE_CURVE('',#1621,#1622,#934,.T.);
#2080=EDGE_CURVE('',#1622,#1623,#120,.T.);
#2081=EDGE_CURVE('',#1623,#1624,#935,.T.);
#2082=EDGE_CURVE('',#1624,#1625,#121,.T.);
#2083=EDGE_CURVE('',#1626,#1625,#936,.T.);
#2084=EDGE_CURVE('',#1627,#1626,#122,.T.);
#2085=EDGE_CURVE('',#1628,#1627,#937,.T.);
#2086=EDGE_CURVE('',#1629,#1628,#123,.T.);
#2087=EDGE_CURVE('',#1630,#1629,#938,.T.);
#2088=EDGE_CURVE('',#1631,#1630,#124,.T.);
#2089=EDGE_CURVE('',#1632,#1631,#939,.T.);
#2090=EDGE_CURVE('',#1632,#1633,#940,.T.);
#2091=EDGE_CURVE('',#1634,#1633,#941,.T.);
#2092=EDGE_CURVE('',#1635,#1634,#942,.T.);
#2093=EDGE_CURVE('',#1635,#1636,#125,.T.);
#2094=EDGE_CURVE('',#1376,#1636,#943,.T.);
#2095=EDGE_CURVE('',#1615,#1581,#126,.T.);
#2096=EDGE_CURVE('',#1637,#1637,#127,.T.);
#2097=EDGE_CURVE('',#1638,#1638,#128,.T.);
#2098=EDGE_CURVE('',#1639,#1634,#129,.T.);
#2099=EDGE_CURVE('',#1633,#1640,#130,.T.);
#2100=EDGE_CURVE('',#1640,#1639,#944,.T.);
#2101=EDGE_CURVE('',#1632,#1641,#945,.T.);
#2102=EDGE_CURVE('',#1641,#1642,#946,.T.);
#2103=EDGE_CURVE('',#1643,#1642,#131,.T.);
#2104=EDGE_CURVE('',#1643,#1640,#947,.T.);
#2105=EDGE_CURVE('',#1644,#1644,#132,.T.);
#2106=EDGE_CURVE('',#1639,#1645,#948,.T.);
#2107=EDGE_CURVE('',#1646,#1645,#133,.T.);
#2108=EDGE_CURVE('',#1647,#1646,#949,.T.);
#2109=EDGE_CURVE('',#1647,#1635,#950,.T.);
#2110=EDGE_CURVE('',#1648,#1648,#134,.T.);
#2111=EDGE_CURVE('',#1649,#1626,#951,.T.);
#2112=EDGE_CURVE('',#1650,#1625,#952,.T.);
#2113=EDGE_CURVE('',#1649,#1650,#953,.T.);
#2114=EDGE_CURVE('',#1651,#1624,#954,.T.);
#2115=EDGE_CURVE('',#1650,#1651,#135,.T.);
#2116=EDGE_CURVE('',#1652,#1623,#955,.T.);
#2117=EDGE_CURVE('',#1651,#1652,#956,.T.);
#2118=EDGE_CURVE('',#1636,#1653,#957,.T.);
#2119=EDGE_CURVE('',#1653,#1647,#136,.T.);
#2120=EDGE_CURVE('',#1653,#1377,#958,.T.);
#2121=EDGE_CURVE('',#1654,#1631,#959,.T.);
#2122=EDGE_CURVE('',#1655,#1630,#960,.T.);
#2123=EDGE_CURVE('',#1655,#1654,#137,.T.);
#2124=EDGE_CURVE('',#1656,#1629,#961,.T.);
#2125=EDGE_CURVE('',#1656,#1655,#962,.T.);
#2126=EDGE_CURVE('',#1657,#1627,#963,.T.);
#2127=EDGE_CURVE('',#1649,#1657,#138,.T.);
#2128=EDGE_CURVE('',#1658,#1628,#964,.T.);
#2129=EDGE_CURVE('',#1657,#1658,#965,.T.);
#2130=EDGE_CURVE('',#1658,#1656,#139,.T.);
#2131=EDGE_CURVE('',#1654,#1641,#966,.T.);
#2132=EDGE_CURVE('',#1637,#1659,#967,.T.);
#2133=EDGE_CURVE('',#1659,#1659,#140,.T.);
#2134=EDGE_CURVE('',#1638,#1660,#968,.T.);
#2135=EDGE_CURVE('',#1660,#1660,#141,.T.);
#2136=EDGE_CURVE('',#1661,#1622,#969,.T.);
#2137=EDGE_CURVE('',#1652,#1661,#142,.T.);
#2138=EDGE_CURVE('',#1662,#1621,#970,.T.);
#2139=EDGE_CURVE('',#1661,#1662,#971,.T.);
#2140=EDGE_CURVE('',#1663,#1620,#972,.T.);
#2141=EDGE_CURVE('',#1662,#1663,#143,.T.);
#2142=EDGE_CURVE('',#1619,#1664,#973,.T.);
#2143=EDGE_CURVE('',#1663,#1664,#974,.T.);
#2144=EDGE_CURVE('',#1580,#1616,#144,.T.);
#2145=EDGE_CURVE('',#1665,#1665,#145,.T.);
#2146=EDGE_CURVE('',#1665,#1618,#975,.T.);
#2147=EDGE_CURVE('',#1644,#1648,#976,.T.);
#2148=EDGE_CURVE('',#1642,#1646,#977,.T.);
#2149=EDGE_CURVE('',#1645,#1643,#978,.T.);
#2150=EDGE_CURVE('',#1664,#1666,#979,.T.);
#2151=EDGE_CURVE('',#1617,#1666,#980,.T.);
#2152=EDGE_CURVE('',#1666,#1546,#146,.T.);
#2153=EDGE_CURVE('',#1386,#1348,#981,.T.);
#2154=EDGE_CURVE('',#1349,#1385,#982,.T.);
#2155=EDGE_CURVE('',#1387,#1416,#983,.T.);
#2156=ORIENTED_EDGE('',*,*,#1667,.T.);
#2157=ORIENTED_EDGE('',*,*,#1668,.T.);
#2158=ORIENTED_EDGE('',*,*,#1669,.F.);
#2159=ORIENTED_EDGE('',*,*,#1670,.F.);
#2160=ORIENTED_EDGE('',*,*,#1671,.F.);
#2161=ORIENTED_EDGE('',*,*,#1672,.T.);
#2162=ORIENTED_EDGE('',*,*,#1673,.T.);
#2163=ORIENTED_EDGE('',*,*,#1674,.T.);
#2164=ORIENTED_EDGE('',*,*,#1675,.T.);
#2165=ORIENTED_EDGE('',*,*,#1676,.T.);
#2166=ORIENTED_EDGE('',*,*,#1677,.T.);
#2167=ORIENTED_EDGE('',*,*,#1678,.F.);
#2168=ORIENTED_EDGE('',*,*,#1679,.T.);
#2169=ORIENTED_EDGE('',*,*,#1680,.T.);
#2170=ORIENTED_EDGE('',*,*,#1681,.T.);
#2171=ORIENTED_EDGE('',*,*,#1682,.T.);
#2172=ORIENTED_EDGE('',*,*,#1683,.T.);
#2173=ORIENTED_EDGE('',*,*,#1684,.T.);
#2174=ORIENTED_EDGE('',*,*,#1685,.T.);
#2175=ORIENTED_EDGE('',*,*,#1686,.T.);
#2176=ORIENTED_EDGE('',*,*,#1687,.T.);
#2177=ORIENTED_EDGE('',*,*,#1688,.T.);
#2178=ORIENTED_EDGE('',*,*,#1689,.T.);
#2179=ORIENTED_EDGE('',*,*,#1690,.T.);
#2180=ORIENTED_EDGE('',*,*,#1691,.T.);
#2181=ORIENTED_EDGE('',*,*,#1692,.T.);
#2182=ORIENTED_EDGE('',*,*,#1693,.T.);
#2183=ORIENTED_EDGE('',*,*,#1694,.T.);
#2184=ORIENTED_EDGE('',*,*,#1695,.T.);
#2185=ORIENTED_EDGE('',*,*,#1696,.T.);
#2186=ORIENTED_EDGE('',*,*,#1697,.T.);
#2187=ORIENTED_EDGE('',*,*,#1698,.T.);
#2188=ORIENTED_EDGE('',*,*,#1699,.T.);
#2189=ORIENTED_EDGE('',*,*,#1700,.T.);
#2190=ORIENTED_EDGE('',*,*,#1701,.T.);
#2191=ORIENTED_EDGE('',*,*,#1702,.T.);
#2192=ORIENTED_EDGE('',*,*,#1703,.T.);
#2193=ORIENTED_EDGE('',*,*,#1704,.T.);
#2194=ORIENTED_EDGE('',*,*,#1705,.T.);
#2195=ORIENTED_EDGE('',*,*,#1706,.T.);
#2196=ORIENTED_EDGE('',*,*,#1707,.T.);
#2197=ORIENTED_EDGE('',*,*,#1708,.T.);
#2198=ORIENTED_EDGE('',*,*,#1709,.T.);
#2199=ORIENTED_EDGE('',*,*,#1710,.T.);
#2200=ORIENTED_EDGE('',*,*,#1711,.T.);
#2201=ORIENTED_EDGE('',*,*,#1712,.T.);
#2202=ORIENTED_EDGE('',*,*,#1713,.T.);
#2203=ORIENTED_EDGE('',*,*,#1714,.F.);
#2204=ORIENTED_EDGE('',*,*,#1715,.T.);
#2205=ORIENTED_EDGE('',*,*,#1716,.T.);
#2206=ORIENTED_EDGE('',*,*,#1717,.T.);
#2207=ORIENTED_EDGE('',*,*,#1718,.T.);
#2208=ORIENTED_EDGE('',*,*,#1719,.T.);
#2209=ORIENTED_EDGE('',*,*,#1720,.T.);
#2210=ORIENTED_EDGE('',*,*,#1721,.F.);
#2211=ORIENTED_EDGE('',*,*,#1722,.T.);
#2212=ORIENTED_EDGE('',*,*,#1697,.F.);
#2213=ORIENTED_EDGE('',*,*,#1723,.F.);
#2214=ORIENTED_EDGE('',*,*,#1724,.F.);
#2215=ORIENTED_EDGE('',*,*,#1723,.T.);
#2216=ORIENTED_EDGE('',*,*,#1696,.F.);
#2217=ORIENTED_EDGE('',*,*,#1725,.F.);
#2218=ORIENTED_EDGE('',*,*,#1726,.F.);
#2219=ORIENTED_EDGE('',*,*,#1725,.T.);
#2220=ORIENTED_EDGE('',*,*,#1695,.F.);
#2221=ORIENTED_EDGE('',*,*,#1727,.F.);
#2222=ORIENTED_EDGE('',*,*,#1728,.F.);
#2223=ORIENTED_EDGE('',*,*,#1727,.T.);
#2224=ORIENTED_EDGE('',*,*,#1698,.F.);
#2225=ORIENTED_EDGE('',*,*,#1722,.F.);
#2226=ORIENTED_EDGE('',*,*,#1729,.F.);
#2227=ORIENTED_EDGE('',*,*,#1730,.T.);
#2228=ORIENTED_EDGE('',*,*,#1693,.F.);
#2229=ORIENTED_EDGE('',*,*,#1731,.F.);
#2230=ORIENTED_EDGE('',*,*,#1732,.F.);
#2231=ORIENTED_EDGE('',*,*,#1731,.T.);
#2232=ORIENTED_EDGE('',*,*,#1692,.F.);
#2233=ORIENTED_EDGE('',*,*,#1733,.F.);
#2234=ORIENTED_EDGE('',*,*,#1734,.F.);
#2235=ORIENTED_EDGE('',*,*,#1733,.T.);
#2236=ORIENTED_EDGE('',*,*,#1691,.F.);
#2237=ORIENTED_EDGE('',*,*,#1735,.F.);
#2238=ORIENTED_EDGE('',*,*,#1736,.F.);
#2239=ORIENTED_EDGE('',*,*,#1735,.T.);
#2240=ORIENTED_EDGE('',*,*,#1694,.F.);
#2241=ORIENTED_EDGE('',*,*,#1730,.F.);
#2242=ORIENTED_EDGE('',*,*,#1737,.F.);
#2243=ORIENTED_EDGE('',*,*,#1738,.T.);
#2244=ORIENTED_EDGE('',*,*,#1689,.F.);
#2245=ORIENTED_EDGE('',*,*,#1739,.F.);
#2246=ORIENTED_EDGE('',*,*,#1740,.F.);
#2247=ORIENTED_EDGE('',*,*,#1739,.T.);
#2248=ORIENTED_EDGE('',*,*,#1688,.F.);
#2249=ORIENTED_EDGE('',*,*,#1741,.F.);
#2250=ORIENTED_EDGE('',*,*,#1742,.F.);
#2251=ORIENTED_EDGE('',*,*,#1741,.T.);
#2252=ORIENTED_EDGE('',*,*,#1687,.F.);
#2253=ORIENTED_EDGE('',*,*,#1743,.F.);
#2254=ORIENTED_EDGE('',*,*,#1744,.F.);
#2255=ORIENTED_EDGE('',*,*,#1743,.T.);
#2256=ORIENTED_EDGE('',*,*,#1690,.F.);
#2257=ORIENTED_EDGE('',*,*,#1738,.F.);
#2258=ORIENTED_EDGE('',*,*,#1745,.F.);
#2259=ORIENTED_EDGE('',*,*,#1746,.T.);
#2260=ORIENTED_EDGE('',*,*,#1685,.F.);
#2261=ORIENTED_EDGE('',*,*,#1747,.F.);
#2262=ORIENTED_EDGE('',*,*,#1748,.F.);
#2263=ORIENTED_EDGE('',*,*,#1747,.T.);
#2264=ORIENTED_EDGE('',*,*,#1684,.F.);
#2265=ORIENTED_EDGE('',*,*,#1749,.F.);
#2266=ORIENTED_EDGE('',*,*,#1750,.F.);
#2267=ORIENTED_EDGE('',*,*,#1749,.T.);
#2268=ORIENTED_EDGE('',*,*,#1683,.F.);
#2269=ORIENTED_EDGE('',*,*,#1751,.F.);
#2270=ORIENTED_EDGE('',*,*,#1752,.F.);
#2271=ORIENTED_EDGE('',*,*,#1751,.T.);
#2272=ORIENTED_EDGE('',*,*,#1686,.F.);
#2273=ORIENTED_EDGE('',*,*,#1746,.F.);
#2274=ORIENTED_EDGE('',*,*,#1720,.F.);
#2275=ORIENTED_EDGE('',*,*,#1753,.F.);
#2276=ORIENTED_EDGE('',*,*,#1680,.F.);
#2277=ORIENTED_EDGE('',*,*,#1754,.F.);
#2278=ORIENTED_EDGE('',*,*,#1719,.F.);
#2279=ORIENTED_EDGE('',*,*,#1755,.T.);
#2280=ORIENTED_EDGE('',*,*,#1681,.F.);
#2281=ORIENTED_EDGE('',*,*,#1753,.T.);
#2282=ORIENTED_EDGE('',*,*,#1718,.F.);
#2283=ORIENTED_EDGE('',*,*,#1756,.T.);
#2284=ORIENTED_EDGE('',*,*,#1682,.F.);
#2285=ORIENTED_EDGE('',*,*,#1755,.F.);
#2286=ORIENTED_EDGE('',*,*,#1717,.F.);
#2287=ORIENTED_EDGE('',*,*,#1754,.T.);
#2288=ORIENTED_EDGE('',*,*,#1679,.F.);
#2289=ORIENTED_EDGE('',*,*,#1756,.F.);
#2290=ORIENTED_EDGE('',*,*,#1757,.F.);
#2291=ORIENTED_EDGE('',*,*,#1758,.F.);
#2292=ORIENTED_EDGE('',*,*,#1759,.F.);
#2293=ORIENTED_EDGE('',*,*,#1672,.F.);
#2294=ORIENTED_EDGE('',*,*,#1760,.F.);
#2295=ORIENTED_EDGE('',*,*,#1676,.F.);
#2296=ORIENTED_EDGE('',*,*,#1761,.F.);
#2297=ORIENTED_EDGE('',*,*,#1762,.F.);
#2298=ORIENTED_EDGE('',*,*,#1758,.T.);
#2299=ORIENTED_EDGE('',*,*,#1763,.T.);
#2300=ORIENTED_EDGE('',*,*,#1764,.T.);
#2301=ORIENTED_EDGE('',*,*,#1765,.T.);
#2302=ORIENTED_EDGE('',*,*,#1757,.T.);
#2303=ORIENTED_EDGE('',*,*,#1671,.T.);
#2304=ORIENTED_EDGE('',*,*,#1766,.T.);
#2305=ORIENTED_EDGE('',*,*,#1714,.T.);
#2306=ORIENTED_EDGE('',*,*,#1767,.T.);
#2307=ORIENTED_EDGE('',*,*,#1763,.F.);
#2308=ORIENTED_EDGE('',*,*,#1760,.T.);
#2309=ORIENTED_EDGE('',*,*,#1768,.F.);
#2310=ORIENTED_EDGE('',*,*,#1769,.F.);
#2311=ORIENTED_EDGE('',*,*,#1708,.F.);
#2312=ORIENTED_EDGE('',*,*,#1770,.F.);
#2313=ORIENTED_EDGE('',*,*,#1677,.F.);
#2314=ORIENTED_EDGE('',*,*,#1762,.T.);
#2315=ORIENTED_EDGE('',*,*,#1771,.T.);
#2316=ORIENTED_EDGE('',*,*,#1772,.T.);
#2317=ORIENTED_EDGE('',*,*,#1768,.T.);
#2318=ORIENTED_EDGE('',*,*,#1716,.F.);
#2319=ORIENTED_EDGE('',*,*,#1773,.F.);
#2320=ORIENTED_EDGE('',*,*,#1774,.T.);
#2321=ORIENTED_EDGE('',*,*,#1775,.T.);
#2322=ORIENTED_EDGE('',*,*,#1776,.T.);
#2323=ORIENTED_EDGE('',*,*,#1777,.T.);
#2324=ORIENTED_EDGE('',*,*,#1778,.T.);
#2325=ORIENTED_EDGE('',*,*,#1779,.T.);
#2326=ORIENTED_EDGE('',*,*,#1780,.F.);
#2327=ORIENTED_EDGE('',*,*,#1781,.T.);
#2328=ORIENTED_EDGE('',*,*,#1669,.T.);
#2329=ORIENTED_EDGE('',*,*,#1782,.T.);
#2330=ORIENTED_EDGE('',*,*,#1783,.F.);
#2331=ORIENTED_EDGE('',*,*,#1784,.F.);
#2332=ORIENTED_EDGE('',*,*,#1785,.F.);
#2333=ORIENTED_EDGE('',*,*,#1786,.F.);
#2334=ORIENTED_EDGE('',*,*,#1787,.T.);
#2335=ORIENTED_EDGE('',*,*,#1788,.T.);
#2336=ORIENTED_EDGE('',*,*,#1780,.T.);
#2337=ORIENTED_EDGE('',*,*,#1789,.T.);
#2338=ORIENTED_EDGE('',*,*,#1790,.F.);
#2339=ORIENTED_EDGE('',*,*,#1791,.F.);
#2340=ORIENTED_EDGE('',*,*,#1787,.F.);
#2341=ORIENTED_EDGE('',*,*,#1792,.T.);
#2342=ORIENTED_EDGE('',*,*,#1793,.F.);
#2343=ORIENTED_EDGE('',*,*,#1794,.F.);
#2344=ORIENTED_EDGE('',*,*,#1795,.T.);
#2345=ORIENTED_EDGE('',*,*,#1796,.T.);
#2346=ORIENTED_EDGE('',*,*,#1797,.T.);
#2347=ORIENTED_EDGE('',*,*,#1790,.T.);
#2348=ORIENTED_EDGE('',*,*,#1798,.T.);
#2349=ORIENTED_EDGE('',*,*,#1799,.F.);
#2350=ORIENTED_EDGE('',*,*,#1800,.T.);
#2351=ORIENTED_EDGE('',*,*,#1796,.F.);
#2352=ORIENTED_EDGE('',*,*,#1801,.F.);
#2353=ORIENTED_EDGE('',*,*,#1802,.F.);
#2354=ORIENTED_EDGE('',*,*,#1803,.F.);
#2355=ORIENTED_EDGE('',*,*,#1804,.T.);
#2356=ORIENTED_EDGE('',*,*,#1805,.T.);
#2357=ORIENTED_EDGE('',*,*,#1806,.F.);
#2358=ORIENTED_EDGE('',*,*,#1799,.T.);
#2359=ORIENTED_EDGE('',*,*,#1807,.F.);
#2360=ORIENTED_EDGE('',*,*,#1808,.T.);
#2361=ORIENTED_EDGE('',*,*,#1809,.F.);
#2362=ORIENTED_EDGE('',*,*,#1805,.F.);
#2363=ORIENTED_EDGE('',*,*,#1810,.F.);
#2364=ORIENTED_EDGE('',*,*,#1811,.T.);
#2365=ORIENTED_EDGE('',*,*,#1812,.F.);
#2366=ORIENTED_EDGE('',*,*,#1808,.F.);
#2367=ORIENTED_EDGE('',*,*,#1813,.F.);
#2368=ORIENTED_EDGE('',*,*,#1814,.T.);
#2369=ORIENTED_EDGE('',*,*,#1815,.F.);
#2370=ORIENTED_EDGE('',*,*,#1811,.F.);
#2371=ORIENTED_EDGE('',*,*,#1816,.F.);
#2372=ORIENTED_EDGE('',*,*,#1817,.T.);
#2373=ORIENTED_EDGE('',*,*,#1818,.T.);
#2374=ORIENTED_EDGE('',*,*,#1819,.T.);
#2375=ORIENTED_EDGE('',*,*,#1818,.F.);
#2376=ORIENTED_EDGE('',*,*,#1820,.T.);
#2377=ORIENTED_EDGE('',*,*,#1821,.T.);
#2378=ORIENTED_EDGE('',*,*,#1822,.T.);
#2379=ORIENTED_EDGE('',*,*,#1821,.F.);
#2380=ORIENTED_EDGE('',*,*,#1823,.T.);
#2381=ORIENTED_EDGE('',*,*,#1824,.T.);
#2382=ORIENTED_EDGE('',*,*,#1825,.T.);
#2383=ORIENTED_EDGE('',*,*,#1826,.T.);
#2384=ORIENTED_EDGE('',*,*,#1825,.F.);
#2385=ORIENTED_EDGE('',*,*,#1827,.F.);
#2386=ORIENTED_EDGE('',*,*,#1828,.T.);
#2387=ORIENTED_EDGE('',*,*,#1829,.T.);
#2388=ORIENTED_EDGE('',*,*,#1830,.F.);
#2389=ORIENTED_EDGE('',*,*,#1831,.T.);
#2390=ORIENTED_EDGE('',*,*,#1832,.F.);
#2391=ORIENTED_EDGE('',*,*,#1828,.F.);
#2392=ORIENTED_EDGE('',*,*,#1833,.T.);
#2393=ORIENTED_EDGE('',*,*,#1834,.F.);
#2394=ORIENTED_EDGE('',*,*,#1835,.T.);
#2395=ORIENTED_EDGE('',*,*,#1836,.T.);
#2396=ORIENTED_EDGE('',*,*,#1837,.T.);
#2397=ORIENTED_EDGE('',*,*,#1838,.F.);
#2398=ORIENTED_EDGE('',*,*,#1839,.T.);
#2399=ORIENTED_EDGE('',*,*,#1838,.T.);
#2400=ORIENTED_EDGE('',*,*,#1840,.T.);
#2401=ORIENTED_EDGE('',*,*,#1841,.F.);
#2402=ORIENTED_EDGE('',*,*,#1842,.T.);
#2403=ORIENTED_EDGE('',*,*,#1841,.T.);
#2404=ORIENTED_EDGE('',*,*,#1843,.T.);
#2405=ORIENTED_EDGE('',*,*,#1844,.F.);
#2406=ORIENTED_EDGE('',*,*,#1845,.T.);
#2407=ORIENTED_EDGE('',*,*,#1846,.T.);
#2408=ORIENTED_EDGE('',*,*,#1847,.T.);
#2409=ORIENTED_EDGE('',*,*,#1836,.F.);
#2410=ORIENTED_EDGE('',*,*,#1848,.T.);
#2411=ORIENTED_EDGE('',*,*,#1834,.T.);
#2412=ORIENTED_EDGE('',*,*,#1849,.T.);
#2413=ORIENTED_EDGE('',*,*,#1846,.F.);
#2414=ORIENTED_EDGE('',*,*,#1850,.T.);
#2415=ORIENTED_EDGE('',*,*,#1851,.T.);
#2416=ORIENTED_EDGE('',*,*,#1852,.T.);
#2417=ORIENTED_EDGE('',*,*,#1823,.F.);
#2418=ORIENTED_EDGE('',*,*,#1853,.T.);
#2419=ORIENTED_EDGE('',*,*,#1854,.F.);
#2420=ORIENTED_EDGE('',*,*,#1855,.F.);
#2421=ORIENTED_EDGE('',*,*,#1856,.F.);
#2422=ORIENTED_EDGE('',*,*,#1774,.F.);
#2423=ORIENTED_EDGE('',*,*,#1857,.F.);
#2424=ORIENTED_EDGE('',*,*,#1851,.F.);
#2425=ORIENTED_EDGE('',*,*,#1858,.F.);
#2426=ORIENTED_EDGE('',*,*,#1859,.T.);
#2427=ORIENTED_EDGE('',*,*,#1860,.F.);
#2428=ORIENTED_EDGE('',*,*,#1814,.F.);
#2429=ORIENTED_EDGE('',*,*,#1861,.F.);
#2430=ORIENTED_EDGE('',*,*,#1862,.T.);
#2431=ORIENTED_EDGE('',*,*,#1863,.F.);
#2432=ORIENTED_EDGE('',*,*,#1859,.F.);
#2433=ORIENTED_EDGE('',*,*,#1864,.F.);
#2434=ORIENTED_EDGE('',*,*,#1844,.T.);
#2435=ORIENTED_EDGE('',*,*,#1865,.T.);
#2436=ORIENTED_EDGE('',*,*,#1862,.F.);
#2437=ORIENTED_EDGE('',*,*,#1866,.F.);
#2438=ORIENTED_EDGE('',*,*,#1726,.T.);
#2439=ORIENTED_EDGE('',*,*,#1728,.T.);
#2440=ORIENTED_EDGE('',*,*,#1721,.T.);
#2441=ORIENTED_EDGE('',*,*,#1724,.T.);
#2442=ORIENTED_EDGE('',*,*,#1715,.F.);
#2443=ORIENTED_EDGE('',*,*,#1766,.F.);
#2444=ORIENTED_EDGE('',*,*,#1670,.T.);
#2445=ORIENTED_EDGE('',*,*,#1781,.F.);
#2446=ORIENTED_EDGE('',*,*,#1788,.F.);
#2447=ORIENTED_EDGE('',*,*,#1791,.T.);
#2448=ORIENTED_EDGE('',*,*,#1797,.F.);
#2449=ORIENTED_EDGE('',*,*,#1800,.F.);
#2450=ORIENTED_EDGE('',*,*,#1806,.T.);
#2451=ORIENTED_EDGE('',*,*,#1809,.T.);
#2452=ORIENTED_EDGE('',*,*,#1812,.T.);
#2453=ORIENTED_EDGE('',*,*,#1815,.T.);
#2454=ORIENTED_EDGE('',*,*,#1860,.T.);
#2455=ORIENTED_EDGE('',*,*,#1863,.T.);
#2456=ORIENTED_EDGE('',*,*,#1865,.F.);
#2457=ORIENTED_EDGE('',*,*,#1843,.F.);
#2458=ORIENTED_EDGE('',*,*,#1840,.F.);
#2459=ORIENTED_EDGE('',*,*,#1837,.F.);
#2460=ORIENTED_EDGE('',*,*,#1847,.F.);
#2461=ORIENTED_EDGE('',*,*,#1849,.F.);
#2462=ORIENTED_EDGE('',*,*,#1833,.F.);
#2463=ORIENTED_EDGE('',*,*,#1827,.T.);
#2464=ORIENTED_EDGE('',*,*,#1824,.F.);
#2465=ORIENTED_EDGE('',*,*,#1852,.F.);
#2466=ORIENTED_EDGE('',*,*,#1857,.T.);
#2467=ORIENTED_EDGE('',*,*,#1773,.T.);
#2468=ORIENTED_EDGE('',*,*,#1817,.F.);
#2469=ORIENTED_EDGE('',*,*,#1820,.F.);
#2470=ORIENTED_EDGE('',*,*,#1699,.F.);
#2471=ORIENTED_EDGE('',*,*,#1779,.F.);
#2472=ORIENTED_EDGE('',*,*,#1867,.T.);
#2473=ORIENTED_EDGE('',*,*,#1868,.T.);
#2474=ORIENTED_EDGE('',*,*,#1869,.F.);
#2475=ORIENTED_EDGE('',*,*,#1870,.F.);
#2476=ORIENTED_EDGE('',*,*,#1871,.F.);
#2477=ORIENTED_EDGE('',*,*,#1872,.F.);
#2478=ORIENTED_EDGE('',*,*,#1873,.F.);
#2479=ORIENTED_EDGE('',*,*,#1874,.F.);
#2480=ORIENTED_EDGE('',*,*,#1875,.F.);
#2481=ORIENTED_EDGE('',*,*,#1876,.F.);
#2482=ORIENTED_EDGE('',*,*,#1877,.T.);
#2483=ORIENTED_EDGE('',*,*,#1878,.T.);
#2484=ORIENTED_EDGE('',*,*,#1879,.T.);
#2485=ORIENTED_EDGE('',*,*,#1880,.T.);
#2486=ORIENTED_EDGE('',*,*,#1881,.T.);
#2487=ORIENTED_EDGE('',*,*,#1882,.T.);
#2488=ORIENTED_EDGE('',*,*,#1883,.T.);
#2489=ORIENTED_EDGE('',*,*,#1884,.T.);
#2490=ORIENTED_EDGE('',*,*,#1885,.F.);
#2491=ORIENTED_EDGE('',*,*,#1886,.F.);
#2492=ORIENTED_EDGE('',*,*,#1887,.F.);
#2493=ORIENTED_EDGE('',*,*,#1782,.F.);
#2494=ORIENTED_EDGE('',*,*,#1668,.F.);
#2495=ORIENTED_EDGE('',*,*,#1888,.T.);
#2496=ORIENTED_EDGE('',*,*,#1889,.F.);
#2497=ORIENTED_EDGE('',*,*,#1890,.F.);
#2498=ORIENTED_EDGE('',*,*,#1891,.T.);
#2499=ORIENTED_EDGE('',*,*,#1892,.T.);
#2500=ORIENTED_EDGE('',*,*,#1889,.T.);
#2501=ORIENTED_EDGE('',*,*,#1892,.F.);
#2502=ORIENTED_EDGE('',*,*,#1893,.T.);
#2503=ORIENTED_EDGE('',*,*,#1894,.F.);
#2504=ORIENTED_EDGE('',*,*,#1877,.F.);
#2505=ORIENTED_EDGE('',*,*,#1895,.T.);
#2506=ORIENTED_EDGE('',*,*,#1734,.T.);
#2507=ORIENTED_EDGE('',*,*,#1736,.T.);
#2508=ORIENTED_EDGE('',*,*,#1729,.T.);
#2509=ORIENTED_EDGE('',*,*,#1732,.T.);
#2510=ORIENTED_EDGE('',*,*,#1887,.T.);
#2511=ORIENTED_EDGE('',*,*,#1896,.T.);
#2512=ORIENTED_EDGE('',*,*,#1897,.T.);
#2513=ORIENTED_EDGE('',*,*,#1783,.T.);
#2514=ORIENTED_EDGE('',*,*,#1898,.F.);
#2515=ORIENTED_EDGE('',*,*,#1899,.F.);
#2516=ORIENTED_EDGE('',*,*,#1900,.F.);
#2517=ORIENTED_EDGE('',*,*,#1901,.F.);
#2518=ORIENTED_EDGE('',*,*,#1896,.F.);
#2519=ORIENTED_EDGE('',*,*,#1886,.T.);
#2520=ORIENTED_EDGE('',*,*,#1902,.T.);
#2521=ORIENTED_EDGE('',*,*,#1903,.T.);
#2522=ORIENTED_EDGE('',*,*,#1904,.F.);
#2523=ORIENTED_EDGE('',*,*,#1905,.F.);
#2524=ORIENTED_EDGE('',*,*,#1882,.F.);
#2525=ORIENTED_EDGE('',*,*,#1906,.T.);
#2526=ORIENTED_EDGE('',*,*,#1907,.F.);
#2527=ORIENTED_EDGE('',*,*,#1903,.F.);
#2528=ORIENTED_EDGE('',*,*,#1881,.F.);
#2529=ORIENTED_EDGE('',*,*,#1894,.T.);
#2530=ORIENTED_EDGE('',*,*,#1908,.F.);
#2531=ORIENTED_EDGE('',*,*,#1909,.F.);
#2532=ORIENTED_EDGE('',*,*,#1878,.F.);
#2533=ORIENTED_EDGE('',*,*,#1909,.T.);
#2534=ORIENTED_EDGE('',*,*,#1910,.F.);
#2535=ORIENTED_EDGE('',*,*,#1911,.F.);
#2536=ORIENTED_EDGE('',*,*,#1879,.F.);
#2537=ORIENTED_EDGE('',*,*,#1911,.T.);
#2538=ORIENTED_EDGE('',*,*,#1912,.F.);
#2539=ORIENTED_EDGE('',*,*,#1906,.F.);
#2540=ORIENTED_EDGE('',*,*,#1880,.F.);
#2541=ORIENTED_EDGE('',*,*,#1913,.T.);
#2542=ORIENTED_EDGE('',*,*,#1883,.F.);
#2543=ORIENTED_EDGE('',*,*,#1905,.T.);
#2544=ORIENTED_EDGE('',*,*,#1914,.F.);
#2545=ORIENTED_EDGE('',*,*,#1915,.F.);
#2546=ORIENTED_EDGE('',*,*,#1916,.T.);
#2547=ORIENTED_EDGE('',*,*,#1902,.F.);
#2548=ORIENTED_EDGE('',*,*,#1916,.F.);
#2549=ORIENTED_EDGE('',*,*,#1867,.F.);
#2550=ORIENTED_EDGE('',*,*,#1778,.F.);
#2551=ORIENTED_EDGE('',*,*,#1917,.F.);
#2552=ORIENTED_EDGE('',*,*,#1918,.F.);
#2553=ORIENTED_EDGE('',*,*,#1919,.F.);
#2554=ORIENTED_EDGE('',*,*,#1920,.T.);
#2555=ORIENTED_EDGE('',*,*,#1921,.F.);
#2556=ORIENTED_EDGE('',*,*,#1868,.F.);
#2557=ORIENTED_EDGE('',*,*,#1918,.T.);
#2558=ORIENTED_EDGE('',*,*,#1922,.T.);
#2559=ORIENTED_EDGE('',*,*,#1923,.F.);
#2560=ORIENTED_EDGE('',*,*,#1924,.F.);
#2561=ORIENTED_EDGE('',*,*,#1872,.T.);
#2562=ORIENTED_EDGE('',*,*,#1925,.T.);
#2563=ORIENTED_EDGE('',*,*,#1926,.T.);
#2564=ORIENTED_EDGE('',*,*,#1927,.F.);
#2565=ORIENTED_EDGE('',*,*,#1873,.T.);
#2566=ORIENTED_EDGE('',*,*,#1924,.T.);
#2567=ORIENTED_EDGE('',*,*,#1928,.T.);
#2568=ORIENTED_EDGE('',*,*,#1895,.F.);
#2569=ORIENTED_EDGE('',*,*,#1876,.T.);
#2570=ORIENTED_EDGE('',*,*,#1929,.T.);
#2571=ORIENTED_EDGE('',*,*,#1930,.T.);
#2572=ORIENTED_EDGE('',*,*,#1929,.F.);
#2573=ORIENTED_EDGE('',*,*,#1875,.T.);
#2574=ORIENTED_EDGE('',*,*,#1931,.T.);
#2575=ORIENTED_EDGE('',*,*,#1932,.T.);
#2576=ORIENTED_EDGE('',*,*,#1931,.F.);
#2577=ORIENTED_EDGE('',*,*,#1874,.T.);
#2578=ORIENTED_EDGE('',*,*,#1927,.T.);
#2579=ORIENTED_EDGE('',*,*,#1933,.T.);
#2580=ORIENTED_EDGE('',*,*,#1934,.F.);
#2581=ORIENTED_EDGE('',*,*,#1935,.T.);
#2582=ORIENTED_EDGE('',*,*,#1925,.F.);
#2583=ORIENTED_EDGE('',*,*,#1871,.T.);
#2584=ORIENTED_EDGE('',*,*,#1936,.T.);
#2585=ORIENTED_EDGE('',*,*,#1937,.T.);
#2586=ORIENTED_EDGE('',*,*,#1923,.T.);
#2587=ORIENTED_EDGE('',*,*,#1937,.F.);
#2588=ORIENTED_EDGE('',*,*,#1938,.T.);
#2589=ORIENTED_EDGE('',*,*,#1939,.T.);
#2590=ORIENTED_EDGE('',*,*,#1890,.T.);
#2591=ORIENTED_EDGE('',*,*,#1939,.F.);
#2592=ORIENTED_EDGE('',*,*,#1940,.F.);
#2593=ORIENTED_EDGE('',*,*,#1922,.F.);
#2594=ORIENTED_EDGE('',*,*,#1917,.T.);
#2595=ORIENTED_EDGE('',*,*,#1777,.F.);
#2596=ORIENTED_EDGE('',*,*,#1941,.F.);
#2597=ORIENTED_EDGE('',*,*,#1784,.T.);
#2598=ORIENTED_EDGE('',*,*,#1897,.F.);
#2599=ORIENTED_EDGE('',*,*,#1901,.T.);
#2600=ORIENTED_EDGE('',*,*,#1942,.F.);
#2601=ORIENTED_EDGE('',*,*,#1943,.F.);
#2602=ORIENTED_EDGE('',*,*,#1914,.T.);
#2603=ORIENTED_EDGE('',*,*,#1904,.T.);
#2604=ORIENTED_EDGE('',*,*,#1907,.T.);
#2605=ORIENTED_EDGE('',*,*,#1912,.T.);
#2606=ORIENTED_EDGE('',*,*,#1910,.T.);
#2607=ORIENTED_EDGE('',*,*,#1908,.T.);
#2608=ORIENTED_EDGE('',*,*,#1893,.F.);
#2609=ORIENTED_EDGE('',*,*,#1930,.F.);
#2610=ORIENTED_EDGE('',*,*,#1932,.F.);
#2611=ORIENTED_EDGE('',*,*,#1933,.F.);
#2612=ORIENTED_EDGE('',*,*,#1928,.F.);
#2613=ORIENTED_EDGE('',*,*,#1926,.F.);
#2614=ORIENTED_EDGE('',*,*,#1935,.F.);
#2615=ORIENTED_EDGE('',*,*,#1944,.T.);
#2616=ORIENTED_EDGE('',*,*,#1891,.F.);
#2617=ORIENTED_EDGE('',*,*,#1938,.F.);
#2618=ORIENTED_EDGE('',*,*,#1900,.T.);
#2619=ORIENTED_EDGE('',*,*,#1945,.T.);
#2620=ORIENTED_EDGE('',*,*,#1946,.T.);
#2621=ORIENTED_EDGE('',*,*,#1942,.T.);
#2622=ORIENTED_EDGE('',*,*,#1947,.F.);
#2623=ORIENTED_EDGE('',*,*,#1884,.F.);
#2624=ORIENTED_EDGE('',*,*,#1913,.F.);
#2625=ORIENTED_EDGE('',*,*,#1943,.T.);
#2626=ORIENTED_EDGE('',*,*,#1946,.F.);
#2627=ORIENTED_EDGE('',*,*,#1948,.F.);
#2628=ORIENTED_EDGE('',*,*,#1915,.T.);
#2629=ORIENTED_EDGE('',*,*,#1949,.F.);
#2630=ORIENTED_EDGE('',*,*,#1948,.T.);
#2631=ORIENTED_EDGE('',*,*,#1945,.F.);
#2632=ORIENTED_EDGE('',*,*,#1899,.T.);
#2633=ORIENTED_EDGE('',*,*,#1947,.T.);
#2634=ORIENTED_EDGE('',*,*,#1949,.T.);
#2635=ORIENTED_EDGE('',*,*,#1898,.T.);
#2636=ORIENTED_EDGE('',*,*,#1885,.T.);
#2637=ORIENTED_EDGE('',*,*,#1950,.T.);
#2638=ORIENTED_EDGE('',*,*,#1869,.T.);
#2639=ORIENTED_EDGE('',*,*,#1921,.T.);
#2640=ORIENTED_EDGE('',*,*,#1951,.T.);
#2641=ORIENTED_EDGE('',*,*,#1952,.F.);
#2642=ORIENTED_EDGE('',*,*,#1944,.F.);
#2643=ORIENTED_EDGE('',*,*,#1934,.T.);
#2644=ORIENTED_EDGE('',*,*,#1870,.T.);
#2645=ORIENTED_EDGE('',*,*,#1950,.F.);
#2646=ORIENTED_EDGE('',*,*,#1953,.T.);
#2647=ORIENTED_EDGE('',*,*,#1936,.F.);
#2648=ORIENTED_EDGE('',*,*,#1954,.F.);
#2649=ORIENTED_EDGE('',*,*,#1953,.F.);
#2650=ORIENTED_EDGE('',*,*,#1951,.F.);
#2651=ORIENTED_EDGE('',*,*,#1920,.F.);
#2652=ORIENTED_EDGE('',*,*,#1919,.T.);
#2653=ORIENTED_EDGE('',*,*,#1940,.T.);
#2654=ORIENTED_EDGE('',*,*,#1952,.T.);
#2655=ORIENTED_EDGE('',*,*,#1954,.T.);
#2656=ORIENTED_EDGE('',*,*,#1955,.F.);
#2657=ORIENTED_EDGE('',*,*,#1801,.T.);
#2658=ORIENTED_EDGE('',*,*,#1798,.F.);
#2659=ORIENTED_EDGE('',*,*,#1794,.T.);
#2660=ORIENTED_EDGE('',*,*,#1804,.F.);
#2661=ORIENTED_EDGE('',*,*,#1956,.T.);
#2662=ORIENTED_EDGE('',*,*,#1795,.F.);
#2663=ORIENTED_EDGE('',*,*,#1956,.F.);
#2664=ORIENTED_EDGE('',*,*,#1832,.T.);
#2665=ORIENTED_EDGE('',*,*,#1957,.T.);
#2666=ORIENTED_EDGE('',*,*,#1856,.T.);
#2667=ORIENTED_EDGE('',*,*,#1957,.F.);
#2668=ORIENTED_EDGE('',*,*,#1830,.T.);
#2669=ORIENTED_EDGE('',*,*,#1958,.T.);
#2670=ORIENTED_EDGE('',*,*,#1854,.T.);
#2671=ORIENTED_EDGE('',*,*,#1959,.T.);
#2672=ORIENTED_EDGE('',*,*,#1826,.F.);
#2673=ORIENTED_EDGE('',*,*,#1831,.F.);
#2674=ORIENTED_EDGE('',*,*,#1959,.F.);
#2675=ORIENTED_EDGE('',*,*,#1853,.F.);
#2676=ORIENTED_EDGE('',*,*,#1802,.T.);
#2677=ORIENTED_EDGE('',*,*,#1955,.T.);
#2678=ORIENTED_EDGE('',*,*,#1793,.T.);
#2679=ORIENTED_EDGE('',*,*,#1960,.T.);
#2680=ORIENTED_EDGE('',*,*,#1961,.T.);
#2681=ORIENTED_EDGE('',*,*,#1775,.F.);
#2682=ORIENTED_EDGE('',*,*,#1858,.T.);
#2683=ORIENTED_EDGE('',*,*,#1855,.T.);
#2684=ORIENTED_EDGE('',*,*,#1958,.F.);
#2685=ORIENTED_EDGE('',*,*,#1829,.F.);
#2686=ORIENTED_EDGE('',*,*,#1835,.F.);
#2687=ORIENTED_EDGE('',*,*,#1850,.F.);
#2688=ORIENTED_EDGE('',*,*,#1848,.F.);
#2689=ORIENTED_EDGE('',*,*,#1839,.F.);
#2690=ORIENTED_EDGE('',*,*,#1842,.F.);
#2691=ORIENTED_EDGE('',*,*,#1845,.F.);
#2692=ORIENTED_EDGE('',*,*,#1866,.T.);
#2693=ORIENTED_EDGE('',*,*,#1864,.T.);
#2694=ORIENTED_EDGE('',*,*,#1861,.T.);
#2695=ORIENTED_EDGE('',*,*,#1816,.T.);
#2696=ORIENTED_EDGE('',*,*,#1813,.T.);
#2697=ORIENTED_EDGE('',*,*,#1810,.T.);
#2698=ORIENTED_EDGE('',*,*,#1807,.T.);
#2699=ORIENTED_EDGE('',*,*,#1803,.T.);
#2700=ORIENTED_EDGE('',*,*,#1960,.F.);
#2701=ORIENTED_EDGE('',*,*,#1792,.F.);
#2702=ORIENTED_EDGE('',*,*,#1789,.F.);
#2703=ORIENTED_EDGE('',*,*,#1786,.T.);
#2704=ORIENTED_EDGE('',*,*,#1822,.F.);
#2705=ORIENTED_EDGE('',*,*,#1819,.F.);
#2706=ORIENTED_EDGE('',*,*,#1941,.T.);
#2707=ORIENTED_EDGE('',*,*,#1776,.F.);
#2708=ORIENTED_EDGE('',*,*,#1961,.F.);
#2709=ORIENTED_EDGE('',*,*,#1785,.T.);
#2710=ORIENTED_EDGE('',*,*,#1709,.F.);
#2711=ORIENTED_EDGE('',*,*,#1769,.T.);
#2712=ORIENTED_EDGE('',*,*,#1772,.F.);
#2713=ORIENTED_EDGE('',*,*,#1962,.T.);
#2714=ORIENTED_EDGE('',*,*,#1963,.F.);
#2715=ORIENTED_EDGE('',*,*,#1964,.T.);
#2716=ORIENTED_EDGE('',*,*,#1965,.F.);
#2717=ORIENTED_EDGE('',*,*,#1966,.T.);
#2718=ORIENTED_EDGE('',*,*,#1967,.F.);
#2719=ORIENTED_EDGE('',*,*,#1968,.T.);
#2720=ORIENTED_EDGE('',*,*,#1969,.F.);
#2721=ORIENTED_EDGE('',*,*,#1970,.T.);
#2722=ORIENTED_EDGE('',*,*,#1971,.F.);
#2723=ORIENTED_EDGE('',*,*,#1972,.F.);
#2724=ORIENTED_EDGE('',*,*,#1973,.T.);
#2725=ORIENTED_EDGE('',*,*,#1974,.T.);
#2726=ORIENTED_EDGE('',*,*,#1975,.T.);
#2727=ORIENTED_EDGE('',*,*,#1976,.T.);
#2728=ORIENTED_EDGE('',*,*,#1967,.T.);
#2729=ORIENTED_EDGE('',*,*,#1977,.T.);
#2730=ORIENTED_EDGE('',*,*,#1705,.F.);
#2731=ORIENTED_EDGE('',*,*,#1978,.T.);
#2732=ORIENTED_EDGE('',*,*,#1979,.F.);
#2733=ORIENTED_EDGE('',*,*,#1980,.T.);
#2734=ORIENTED_EDGE('',*,*,#1981,.F.);
#2735=ORIENTED_EDGE('',*,*,#1970,.F.);
#2736=ORIENTED_EDGE('',*,*,#1982,.T.);
#2737=ORIENTED_EDGE('',*,*,#1983,.T.);
#2738=ORIENTED_EDGE('',*,*,#1984,.T.);
#2739=ORIENTED_EDGE('',*,*,#1985,.T.);
#2740=ORIENTED_EDGE('',*,*,#1986,.T.);
#2741=ORIENTED_EDGE('',*,*,#1987,.T.);
#2742=ORIENTED_EDGE('',*,*,#1988,.F.);
#2743=ORIENTED_EDGE('',*,*,#1989,.F.);
#2744=ORIENTED_EDGE('',*,*,#1990,.F.);
#2745=ORIENTED_EDGE('',*,*,#1991,.F.);
#2746=ORIENTED_EDGE('',*,*,#1992,.F.);
#2747=ORIENTED_EDGE('',*,*,#1993,.F.);
#2748=ORIENTED_EDGE('',*,*,#1994,.F.);
#2749=ORIENTED_EDGE('',*,*,#1995,.T.);
#2750=ORIENTED_EDGE('',*,*,#1996,.F.);
#2751=ORIENTED_EDGE('',*,*,#1997,.F.);
#2752=ORIENTED_EDGE('',*,*,#1998,.T.);
#2753=ORIENTED_EDGE('',*,*,#1999,.F.);
#2754=ORIENTED_EDGE('',*,*,#2000,.F.);
#2755=ORIENTED_EDGE('',*,*,#2001,.F.);
#2756=ORIENTED_EDGE('',*,*,#2002,.F.);
#2757=ORIENTED_EDGE('',*,*,#2003,.F.);
#2758=ORIENTED_EDGE('',*,*,#1978,.F.);
#2759=ORIENTED_EDGE('',*,*,#1704,.F.);
#2760=ORIENTED_EDGE('',*,*,#2004,.F.);
#2761=ORIENTED_EDGE('',*,*,#2005,.F.);
#2762=ORIENTED_EDGE('',*,*,#2006,.F.);
#2763=ORIENTED_EDGE('',*,*,#1700,.F.);
#2764=ORIENTED_EDGE('',*,*,#1888,.F.);
#2765=ORIENTED_EDGE('',*,*,#1667,.F.);
#2766=ORIENTED_EDGE('',*,*,#2007,.F.);
#2767=ORIENTED_EDGE('',*,*,#1980,.F.);
#2768=ORIENTED_EDGE('',*,*,#2008,.F.);
#2769=ORIENTED_EDGE('',*,*,#2009,.T.);
#2770=ORIENTED_EDGE('',*,*,#1975,.F.);
#2771=ORIENTED_EDGE('',*,*,#2010,.F.);
#2772=ORIENTED_EDGE('',*,*,#2011,.T.);
#2773=ORIENTED_EDGE('',*,*,#2012,.T.);
#2774=ORIENTED_EDGE('',*,*,#1971,.T.);
#2775=ORIENTED_EDGE('',*,*,#1981,.T.);
#2776=ORIENTED_EDGE('',*,*,#2007,.T.);
#2777=ORIENTED_EDGE('',*,*,#2013,.T.);
#2778=ORIENTED_EDGE('',*,*,#2014,.T.);
#2779=ORIENTED_EDGE('',*,*,#1996,.T.);
#2780=ORIENTED_EDGE('',*,*,#2015,.T.);
#2781=ORIENTED_EDGE('',*,*,#2016,.T.);
#2782=ORIENTED_EDGE('',*,*,#2016,.F.);
#2783=ORIENTED_EDGE('',*,*,#2017,.F.);
#2784=ORIENTED_EDGE('',*,*,#2018,.F.);
#2785=ORIENTED_EDGE('',*,*,#2019,.F.);
#2786=ORIENTED_EDGE('',*,*,#2015,.F.);
#2787=ORIENTED_EDGE('',*,*,#1995,.F.);
#2788=ORIENTED_EDGE('',*,*,#2020,.T.);
#2789=ORIENTED_EDGE('',*,*,#2021,.T.);
#2790=ORIENTED_EDGE('',*,*,#2022,.F.);
#2791=ORIENTED_EDGE('',*,*,#2017,.T.);
#2792=ORIENTED_EDGE('',*,*,#2023,.T.);
#2793=ORIENTED_EDGE('',*,*,#2024,.F.);
#2794=ORIENTED_EDGE('',*,*,#2025,.T.);
#2795=ORIENTED_EDGE('',*,*,#2018,.T.);
#2796=ORIENTED_EDGE('',*,*,#2022,.T.);
#2797=ORIENTED_EDGE('',*,*,#2026,.T.);
#2798=ORIENTED_EDGE('',*,*,#2027,.F.);
#2799=ORIENTED_EDGE('',*,*,#2023,.F.);
#2800=ORIENTED_EDGE('',*,*,#2028,.F.);
#2801=ORIENTED_EDGE('',*,*,#2029,.F.);
#2802=ORIENTED_EDGE('',*,*,#2028,.T.);
#2803=ORIENTED_EDGE('',*,*,#2024,.T.);
#2804=ORIENTED_EDGE('',*,*,#2027,.T.);
#2805=ORIENTED_EDGE('',*,*,#2030,.T.);
#2806=ORIENTED_EDGE('',*,*,#1973,.F.);
#2807=ORIENTED_EDGE('',*,*,#2031,.F.);
#2808=ORIENTED_EDGE('',*,*,#2011,.F.);
#2809=ORIENTED_EDGE('',*,*,#2032,.F.);
#2810=ORIENTED_EDGE('',*,*,#2033,.T.);
#2811=ORIENTED_EDGE('',*,*,#2008,.T.);
#2812=ORIENTED_EDGE('',*,*,#1979,.T.);
#2813=ORIENTED_EDGE('',*,*,#2003,.T.);
#2814=ORIENTED_EDGE('',*,*,#2034,.T.);
#2815=ORIENTED_EDGE('',*,*,#2035,.T.);
#2816=ORIENTED_EDGE('',*,*,#1982,.F.);
#2817=ORIENTED_EDGE('',*,*,#1969,.T.);
#2818=ORIENTED_EDGE('',*,*,#2036,.T.);
#2819=ORIENTED_EDGE('',*,*,#2037,.T.);
#2820=ORIENTED_EDGE('',*,*,#1983,.F.);
#2821=ORIENTED_EDGE('',*,*,#2035,.F.);
#2822=ORIENTED_EDGE('',*,*,#2038,.T.);
#2823=ORIENTED_EDGE('',*,*,#2039,.T.);
#2824=ORIENTED_EDGE('',*,*,#1984,.F.);
#2825=ORIENTED_EDGE('',*,*,#2037,.F.);
#2826=ORIENTED_EDGE('',*,*,#2040,.T.);
#2827=ORIENTED_EDGE('',*,*,#2041,.T.);
#2828=ORIENTED_EDGE('',*,*,#1985,.F.);
#2829=ORIENTED_EDGE('',*,*,#2039,.F.);
#2830=ORIENTED_EDGE('',*,*,#2042,.T.);
#2831=ORIENTED_EDGE('',*,*,#2043,.T.);
#2832=ORIENTED_EDGE('',*,*,#1986,.F.);
#2833=ORIENTED_EDGE('',*,*,#2041,.F.);
#2834=ORIENTED_EDGE('',*,*,#2044,.T.);
#2835=ORIENTED_EDGE('',*,*,#2045,.T.);
#2836=ORIENTED_EDGE('',*,*,#1987,.F.);
#2837=ORIENTED_EDGE('',*,*,#2043,.F.);
#2838=ORIENTED_EDGE('',*,*,#2046,.T.);
#2839=ORIENTED_EDGE('',*,*,#2047,.T.);
#2840=ORIENTED_EDGE('',*,*,#1988,.T.);
#2841=ORIENTED_EDGE('',*,*,#2045,.F.);
#2842=ORIENTED_EDGE('',*,*,#1742,.T.);
#2843=ORIENTED_EDGE('',*,*,#1744,.T.);
#2844=ORIENTED_EDGE('',*,*,#1737,.T.);
#2845=ORIENTED_EDGE('',*,*,#1740,.T.);
#2846=ORIENTED_EDGE('',*,*,#2001,.T.);
#2847=ORIENTED_EDGE('',*,*,#2048,.T.);
#2848=ORIENTED_EDGE('',*,*,#2049,.T.);
#2849=ORIENTED_EDGE('',*,*,#2048,.F.);
#2850=ORIENTED_EDGE('',*,*,#2050,.T.);
#2851=ORIENTED_EDGE('',*,*,#2020,.F.);
#2852=ORIENTED_EDGE('',*,*,#1994,.T.);
#2853=ORIENTED_EDGE('',*,*,#2051,.F.);
#2854=ORIENTED_EDGE('',*,*,#2052,.T.);
#2855=ORIENTED_EDGE('',*,*,#2053,.T.);
#2856=ORIENTED_EDGE('',*,*,#1991,.T.);
#2857=ORIENTED_EDGE('',*,*,#2054,.F.);
#2858=ORIENTED_EDGE('',*,*,#2055,.T.);
#2859=ORIENTED_EDGE('',*,*,#2054,.T.);
#2860=ORIENTED_EDGE('',*,*,#1990,.T.);
#2861=ORIENTED_EDGE('',*,*,#2056,.F.);
#2862=ORIENTED_EDGE('',*,*,#2057,.T.);
#2863=ORIENTED_EDGE('',*,*,#2056,.T.);
#2864=ORIENTED_EDGE('',*,*,#1989,.T.);
#2865=ORIENTED_EDGE('',*,*,#2047,.F.);
#2866=ORIENTED_EDGE('',*,*,#2058,.T.);
#2867=ORIENTED_EDGE('',*,*,#2059,.T.);
#2868=ORIENTED_EDGE('',*,*,#1992,.T.);
#2869=ORIENTED_EDGE('',*,*,#2053,.F.);
#2870=ORIENTED_EDGE('',*,*,#2060,.T.);
#2871=ORIENTED_EDGE('',*,*,#2051,.T.);
#2872=ORIENTED_EDGE('',*,*,#1993,.T.);
#2873=ORIENTED_EDGE('',*,*,#2059,.F.);
#2874=ORIENTED_EDGE('',*,*,#1706,.F.);
#2875=ORIENTED_EDGE('',*,*,#1999,.T.);
#2876=ORIENTED_EDGE('',*,*,#2061,.T.);
#2877=ORIENTED_EDGE('',*,*,#2062,.T.);
#2878=ORIENTED_EDGE('',*,*,#2014,.F.);
#2879=ORIENTED_EDGE('',*,*,#2019,.T.);
#2880=ORIENTED_EDGE('',*,*,#2025,.F.);
#2881=ORIENTED_EDGE('',*,*,#2063,.T.);
#2882=ORIENTED_EDGE('',*,*,#2064,.T.);
#2883=ORIENTED_EDGE('',*,*,#1997,.T.);
#2884=ORIENTED_EDGE('',*,*,#2029,.T.);
#2885=ORIENTED_EDGE('',*,*,#2030,.F.);
#2886=ORIENTED_EDGE('',*,*,#2065,.T.);
#2887=ORIENTED_EDGE('',*,*,#2061,.F.);
#2888=ORIENTED_EDGE('',*,*,#1998,.F.);
#2889=ORIENTED_EDGE('',*,*,#2064,.F.);
#2890=ORIENTED_EDGE('',*,*,#2032,.T.);
#2891=ORIENTED_EDGE('',*,*,#2012,.F.);
#2892=ORIENTED_EDGE('',*,*,#2031,.T.);
#2893=ORIENTED_EDGE('',*,*,#1974,.F.);
#2894=ORIENTED_EDGE('',*,*,#2000,.T.);
#2895=ORIENTED_EDGE('',*,*,#2066,.T.);
#2896=ORIENTED_EDGE('',*,*,#2067,.T.);
#2897=ORIENTED_EDGE('',*,*,#2066,.F.);
#2898=ORIENTED_EDGE('',*,*,#1977,.F.);
#2899=ORIENTED_EDGE('',*,*,#1972,.T.);
#2900=ORIENTED_EDGE('',*,*,#2013,.F.);
#2901=ORIENTED_EDGE('',*,*,#2010,.T.);
#2902=ORIENTED_EDGE('',*,*,#2068,.T.);
#2903=ORIENTED_EDGE('',*,*,#2069,.T.);
#2904=ORIENTED_EDGE('',*,*,#2070,.T.);
#2905=ORIENTED_EDGE('',*,*,#1963,.T.);
#2906=ORIENTED_EDGE('',*,*,#2070,.F.);
#2907=ORIENTED_EDGE('',*,*,#2071,.F.);
#2908=ORIENTED_EDGE('',*,*,#2072,.F.);
#2909=ORIENTED_EDGE('',*,*,#2073,.T.);
#2910=ORIENTED_EDGE('',*,*,#2074,.F.);
#2911=ORIENTED_EDGE('',*,*,#1964,.F.);
#2912=ORIENTED_EDGE('',*,*,#2075,.T.);
#2913=ORIENTED_EDGE('',*,*,#2071,.T.);
#2914=ORIENTED_EDGE('',*,*,#2069,.F.);
#2915=ORIENTED_EDGE('',*,*,#2076,.F.);
#2916=ORIENTED_EDGE('',*,*,#2077,.T.);
#2917=ORIENTED_EDGE('',*,*,#2078,.T.);
#2918=ORIENTED_EDGE('',*,*,#2079,.T.);
#2919=ORIENTED_EDGE('',*,*,#2080,.T.);
#2920=ORIENTED_EDGE('',*,*,#2081,.T.);
#2921=ORIENTED_EDGE('',*,*,#2082,.T.);
#2922=ORIENTED_EDGE('',*,*,#2083,.F.);
#2923=ORIENTED_EDGE('',*,*,#2084,.F.);
#2924=ORIENTED_EDGE('',*,*,#2085,.F.);
#2925=ORIENTED_EDGE('',*,*,#2086,.F.);
#2926=ORIENTED_EDGE('',*,*,#2087,.F.);
#2927=ORIENTED_EDGE('',*,*,#2088,.F.);
#2928=ORIENTED_EDGE('',*,*,#2089,.F.);
#2929=ORIENTED_EDGE('',*,*,#2090,.T.);
#2930=ORIENTED_EDGE('',*,*,#2091,.F.);
#2931=ORIENTED_EDGE('',*,*,#2092,.F.);
#2932=ORIENTED_EDGE('',*,*,#2093,.T.);
#2933=ORIENTED_EDGE('',*,*,#2094,.F.);
#2934=ORIENTED_EDGE('',*,*,#1701,.F.);
#2935=ORIENTED_EDGE('',*,*,#2006,.T.);
#2936=ORIENTED_EDGE('',*,*,#2095,.F.);
#2937=ORIENTED_EDGE('',*,*,#2096,.F.);
#2938=ORIENTED_EDGE('',*,*,#2097,.F.);
#2939=ORIENTED_EDGE('',*,*,#2098,.T.);
#2940=ORIENTED_EDGE('',*,*,#2091,.T.);
#2941=ORIENTED_EDGE('',*,*,#2099,.T.);
#2942=ORIENTED_EDGE('',*,*,#2100,.T.);
#2943=ORIENTED_EDGE('',*,*,#2099,.F.);
#2944=ORIENTED_EDGE('',*,*,#2090,.F.);
#2945=ORIENTED_EDGE('',*,*,#2101,.T.);
#2946=ORIENTED_EDGE('',*,*,#2102,.T.);
#2947=ORIENTED_EDGE('',*,*,#2103,.F.);
#2948=ORIENTED_EDGE('',*,*,#2104,.T.);
#2949=ORIENTED_EDGE('',*,*,#2105,.F.);
#2950=ORIENTED_EDGE('',*,*,#2092,.T.);
#2951=ORIENTED_EDGE('',*,*,#2098,.F.);
#2952=ORIENTED_EDGE('',*,*,#2106,.T.);
#2953=ORIENTED_EDGE('',*,*,#2107,.F.);
#2954=ORIENTED_EDGE('',*,*,#2108,.F.);
#2955=ORIENTED_EDGE('',*,*,#2109,.T.);
#2956=ORIENTED_EDGE('',*,*,#2110,.F.);
#2957=ORIENTED_EDGE('',*,*,#2111,.T.);
#2958=ORIENTED_EDGE('',*,*,#2083,.T.);
#2959=ORIENTED_EDGE('',*,*,#2112,.F.);
#2960=ORIENTED_EDGE('',*,*,#2113,.F.);
#2961=ORIENTED_EDGE('',*,*,#1750,.T.);
#2962=ORIENTED_EDGE('',*,*,#1752,.T.);
#2963=ORIENTED_EDGE('',*,*,#1745,.T.);
#2964=ORIENTED_EDGE('',*,*,#1748,.T.);
#2965=ORIENTED_EDGE('',*,*,#2112,.T.);
#2966=ORIENTED_EDGE('',*,*,#2082,.F.);
#2967=ORIENTED_EDGE('',*,*,#2114,.F.);
#2968=ORIENTED_EDGE('',*,*,#2115,.F.);
#2969=ORIENTED_EDGE('',*,*,#2114,.T.);
#2970=ORIENTED_EDGE('',*,*,#2081,.F.);
#2971=ORIENTED_EDGE('',*,*,#2116,.F.);
#2972=ORIENTED_EDGE('',*,*,#2117,.F.);
#2973=ORIENTED_EDGE('',*,*,#2118,.F.);
#2974=ORIENTED_EDGE('',*,*,#2093,.F.);
#2975=ORIENTED_EDGE('',*,*,#2109,.F.);
#2976=ORIENTED_EDGE('',*,*,#2119,.F.);
#2977=ORIENTED_EDGE('',*,*,#1702,.F.);
#2978=ORIENTED_EDGE('',*,*,#2094,.T.);
#2979=ORIENTED_EDGE('',*,*,#2118,.T.);
#2980=ORIENTED_EDGE('',*,*,#2120,.T.);
#2981=ORIENTED_EDGE('',*,*,#2121,.T.);
#2982=ORIENTED_EDGE('',*,*,#2088,.T.);
#2983=ORIENTED_EDGE('',*,*,#2122,.F.);
#2984=ORIENTED_EDGE('',*,*,#2123,.T.);
#2985=ORIENTED_EDGE('',*,*,#2122,.T.);
#2986=ORIENTED_EDGE('',*,*,#2087,.T.);
#2987=ORIENTED_EDGE('',*,*,#2124,.F.);
#2988=ORIENTED_EDGE('',*,*,#2125,.T.);
#2989=ORIENTED_EDGE('',*,*,#2126,.T.);
#2990=ORIENTED_EDGE('',*,*,#2084,.T.);
#2991=ORIENTED_EDGE('',*,*,#2111,.F.);
#2992=ORIENTED_EDGE('',*,*,#2127,.T.);
#2993=ORIENTED_EDGE('',*,*,#2128,.T.);
#2994=ORIENTED_EDGE('',*,*,#2085,.T.);
#2995=ORIENTED_EDGE('',*,*,#2126,.F.);
#2996=ORIENTED_EDGE('',*,*,#2129,.T.);
#2997=ORIENTED_EDGE('',*,*,#2124,.T.);
#2998=ORIENTED_EDGE('',*,*,#2086,.T.);
#2999=ORIENTED_EDGE('',*,*,#2128,.F.);
#3000=ORIENTED_EDGE('',*,*,#2130,.T.);
#3001=ORIENTED_EDGE('',*,*,#2101,.F.);
#3002=ORIENTED_EDGE('',*,*,#2089,.T.);
#3003=ORIENTED_EDGE('',*,*,#2121,.F.);
#3004=ORIENTED_EDGE('',*,*,#2131,.T.);
#3005=ORIENTED_EDGE('',*,*,#2096,.T.);
#3006=ORIENTED_EDGE('',*,*,#2132,.T.);
#3007=ORIENTED_EDGE('',*,*,#2133,.T.);
#3008=ORIENTED_EDGE('',*,*,#2132,.F.);
#3009=ORIENTED_EDGE('',*,*,#2097,.T.);
#3010=ORIENTED_EDGE('',*,*,#2134,.T.);
#3011=ORIENTED_EDGE('',*,*,#2135,.T.);
#3012=ORIENTED_EDGE('',*,*,#2134,.F.);
#3013=ORIENTED_EDGE('',*,*,#2116,.T.);
#3014=ORIENTED_EDGE('',*,*,#2080,.F.);
#3015=ORIENTED_EDGE('',*,*,#2136,.F.);
#3016=ORIENTED_EDGE('',*,*,#2137,.F.);
#3017=ORIENTED_EDGE('',*,*,#2136,.T.);
#3018=ORIENTED_EDGE('',*,*,#2079,.F.);
#3019=ORIENTED_EDGE('',*,*,#2138,.F.);
#3020=ORIENTED_EDGE('',*,*,#2139,.F.);
#3021=ORIENTED_EDGE('',*,*,#2138,.T.);
#3022=ORIENTED_EDGE('',*,*,#2078,.F.);
#3023=ORIENTED_EDGE('',*,*,#2140,.F.);
#3024=ORIENTED_EDGE('',*,*,#2141,.F.);
#3025=ORIENTED_EDGE('',*,*,#2140,.T.);
#3026=ORIENTED_EDGE('',*,*,#2077,.F.);
#3027=ORIENTED_EDGE('',*,*,#2142,.T.);
#3028=ORIENTED_EDGE('',*,*,#2143,.F.);
#3029=ORIENTED_EDGE('',*,*,#2072,.T.);
#3030=ORIENTED_EDGE('',*,*,#2095,.T.);
#3031=ORIENTED_EDGE('',*,*,#2005,.T.);
#3032=ORIENTED_EDGE('',*,*,#2144,.T.);
#3033=ORIENTED_EDGE('',*,*,#2145,.F.);
#3034=ORIENTED_EDGE('',*,*,#2146,.T.);
#3035=ORIENTED_EDGE('',*,*,#2075,.F.);
#3036=ORIENTED_EDGE('',*,*,#2146,.F.);
#3037=ORIENTED_EDGE('',*,*,#2105,.T.);
#3038=ORIENTED_EDGE('',*,*,#2147,.T.);
#3039=ORIENTED_EDGE('',*,*,#2110,.T.);
#3040=ORIENTED_EDGE('',*,*,#2147,.F.);
#3041=ORIENTED_EDGE('',*,*,#2103,.T.);
#3042=ORIENTED_EDGE('',*,*,#2148,.T.);
#3043=ORIENTED_EDGE('',*,*,#2107,.T.);
#3044=ORIENTED_EDGE('',*,*,#2149,.T.);
#3045=ORIENTED_EDGE('',*,*,#2100,.F.);
#3046=ORIENTED_EDGE('',*,*,#2104,.F.);
#3047=ORIENTED_EDGE('',*,*,#2149,.F.);
#3048=ORIENTED_EDGE('',*,*,#2106,.F.);
#3049=ORIENTED_EDGE('',*,*,#1703,.F.);
#3050=ORIENTED_EDGE('',*,*,#2120,.F.);
#3051=ORIENTED_EDGE('',*,*,#2119,.T.);
#3052=ORIENTED_EDGE('',*,*,#2108,.T.);
#3053=ORIENTED_EDGE('',*,*,#2148,.F.);
#3054=ORIENTED_EDGE('',*,*,#2102,.F.);
#3055=ORIENTED_EDGE('',*,*,#2131,.F.);
#3056=ORIENTED_EDGE('',*,*,#2123,.F.);
#3057=ORIENTED_EDGE('',*,*,#2125,.F.);
#3058=ORIENTED_EDGE('',*,*,#2130,.F.);
#3059=ORIENTED_EDGE('',*,*,#2129,.F.);
#3060=ORIENTED_EDGE('',*,*,#2127,.F.);
#3061=ORIENTED_EDGE('',*,*,#2113,.T.);
#3062=ORIENTED_EDGE('',*,*,#2115,.T.);
#3063=ORIENTED_EDGE('',*,*,#2117,.T.);
#3064=ORIENTED_EDGE('',*,*,#2137,.T.);
#3065=ORIENTED_EDGE('',*,*,#2139,.T.);
#3066=ORIENTED_EDGE('',*,*,#2141,.T.);
#3067=ORIENTED_EDGE('',*,*,#2143,.T.);
#3068=ORIENTED_EDGE('',*,*,#2150,.T.);
#3069=ORIENTED_EDGE('',*,*,#2151,.F.);
#3070=ORIENTED_EDGE('',*,*,#2073,.F.);
#3071=ORIENTED_EDGE('',*,*,#2144,.F.);
#3072=ORIENTED_EDGE('',*,*,#2004,.T.);
#3073=ORIENTED_EDGE('',*,*,#2133,.F.);
#3074=ORIENTED_EDGE('',*,*,#2135,.F.);
#3075=ORIENTED_EDGE('',*,*,#2074,.T.);
#3076=ORIENTED_EDGE('',*,*,#2151,.T.);
#3077=ORIENTED_EDGE('',*,*,#2152,.T.);
#3078=ORIENTED_EDGE('',*,*,#1965,.T.);
#3079=ORIENTED_EDGE('',*,*,#2152,.F.);
#3080=ORIENTED_EDGE('',*,*,#2150,.F.);
#3081=ORIENTED_EDGE('',*,*,#2142,.F.);
#3082=ORIENTED_EDGE('',*,*,#2076,.T.);
#3083=ORIENTED_EDGE('',*,*,#2068,.F.);
#3084=ORIENTED_EDGE('',*,*,#1966,.F.);
#3085=ORIENTED_EDGE('',*,*,#2145,.T.);
#3086=ORIENTED_EDGE('',*,*,#2002,.T.);
#3087=ORIENTED_EDGE('',*,*,#1678,.T.);
#3088=ORIENTED_EDGE('',*,*,#1770,.T.);
#3089=ORIENTED_EDGE('',*,*,#1707,.F.);
#3090=ORIENTED_EDGE('',*,*,#2062,.F.);
#3091=ORIENTED_EDGE('',*,*,#2065,.F.);
#3092=ORIENTED_EDGE('',*,*,#2063,.F.);
#3093=ORIENTED_EDGE('',*,*,#2026,.F.);
#3094=ORIENTED_EDGE('',*,*,#2021,.F.);
#3095=ORIENTED_EDGE('',*,*,#2050,.F.);
#3096=ORIENTED_EDGE('',*,*,#2060,.F.);
#3097=ORIENTED_EDGE('',*,*,#2058,.F.);
#3098=ORIENTED_EDGE('',*,*,#2052,.F.);
#3099=ORIENTED_EDGE('',*,*,#2055,.F.);
#3100=ORIENTED_EDGE('',*,*,#2057,.F.);
#3101=ORIENTED_EDGE('',*,*,#2046,.F.);
#3102=ORIENTED_EDGE('',*,*,#2044,.F.);
#3103=ORIENTED_EDGE('',*,*,#2042,.F.);
#3104=ORIENTED_EDGE('',*,*,#2040,.F.);
#3105=ORIENTED_EDGE('',*,*,#2038,.F.);
#3106=ORIENTED_EDGE('',*,*,#2036,.F.);
#3107=ORIENTED_EDGE('',*,*,#2034,.F.);
#3108=ORIENTED_EDGE('',*,*,#1968,.F.);
#3109=ORIENTED_EDGE('',*,*,#1976,.F.);
#3110=ORIENTED_EDGE('',*,*,#2009,.F.);
#3111=ORIENTED_EDGE('',*,*,#2033,.F.);
#3112=ORIENTED_EDGE('',*,*,#2067,.F.);
#3113=ORIENTED_EDGE('',*,*,#2049,.F.);
#3114=ORIENTED_EDGE('',*,*,#2153,.F.);
#3115=ORIENTED_EDGE('',*,*,#1711,.F.);
#3116=ORIENTED_EDGE('',*,*,#2154,.F.);
#3117=ORIENTED_EDGE('',*,*,#1674,.F.);
#3118=ORIENTED_EDGE('',*,*,#1761,.T.);
#3119=ORIENTED_EDGE('',*,*,#1675,.F.);
#3120=ORIENTED_EDGE('',*,*,#2154,.T.);
#3121=ORIENTED_EDGE('',*,*,#1710,.F.);
#3122=ORIENTED_EDGE('',*,*,#1962,.F.);
#3123=ORIENTED_EDGE('',*,*,#1771,.F.);
#3124=ORIENTED_EDGE('',*,*,#1759,.T.);
#3125=ORIENTED_EDGE('',*,*,#1765,.F.);
#3126=ORIENTED_EDGE('',*,*,#2155,.F.);
#3127=ORIENTED_EDGE('',*,*,#1712,.F.);
#3128=ORIENTED_EDGE('',*,*,#2153,.T.);
#3129=ORIENTED_EDGE('',*,*,#1673,.F.);
#3130=ORIENTED_EDGE('',*,*,#1713,.F.);
#3131=ORIENTED_EDGE('',*,*,#2155,.T.);
#3132=ORIENTED_EDGE('',*,*,#1764,.F.);
#3133=ORIENTED_EDGE('',*,*,#1767,.F.);
#3134=PLANE('',#3412);
#3135=PLANE('',#3413);
#3136=PLANE('',#3414);
#3137=PLANE('',#3415);
#3138=PLANE('',#3416);
#3139=PLANE('',#3417);
#3140=PLANE('',#3418);
#3141=PLANE('',#3419);
#3142=PLANE('',#3420);
#3143=PLANE('',#3421);
#3144=PLANE('',#3422);
#3145=PLANE('',#3423);
#3146=PLANE('',#3424);
#3147=PLANE('',#3425);
#3148=PLANE('',#3426);
#3149=PLANE('',#3427);
#3150=PLANE('',#3428);
#3151=PLANE('',#3429);
#3152=PLANE('',#3430);
#3153=PLANE('',#3431);
#3154=PLANE('',#3432);
#3155=PLANE('',#3433);
#3156=PLANE('',#3434);
#3157=PLANE('',#3435);
#3158=PLANE('',#3436);
#3159=PLANE('',#3437);
#3160=PLANE('',#3438);
#3161=PLANE('',#3439);
#3162=PLANE('',#3440);
#3163=PLANE('',#3441);
#3164=PLANE('',#3445);
#3165=PLANE('',#3451);
#3166=PLANE('',#3454);
#3167=PLANE('',#3458);
#3168=PLANE('',#3471);
#3169=PLANE('',#3474);
#3170=PLANE('',#3478);
#3171=PLANE('',#3482);
#3172=PLANE('',#3486);
#3173=PLANE('',#3492);
#3174=PLANE('',#3496);
#3175=PLANE('',#3497);
#3176=PLANE('',#3498);
#3177=PLANE('',#3511);
#3178=PLANE('',#3514);
#3179=PLANE('',#3520);
#3180=PLANE('',#3523);
#3181=PLANE('',#3526);
#3182=PLANE('',#3531);
#3183=PLANE('',#3537);
#3184=PLANE('',#3540);
#3185=PLANE('',#3543);
#3186=PLANE('',#3548);
#3187=PLANE('',#3551);
#3188=PLANE('',#3553);
#3189=PLANE('',#3557);
#3190=PLANE('',#3559);
#3191=PLANE('',#3561);
#3192=PLANE('',#3565);
#3193=PLANE('',#3567);
#3194=PLANE('',#3568);
#3195=PLANE('',#3569);
#3196=PLANE('',#3570);
#3197=PLANE('',#3571);
#3198=PLANE('',#3578);
#3199=PLANE('',#3589);
#3200=PLANE('',#3590);
#3201=PLANE('',#3598);
#3202=PLANE('',#3599);
#3203=PLANE('',#3612);
#3204=PLANE('',#3615);
#3205=PLANE('',#3618);
#3206=PLANE('',#3621);
#3207=PLANE('',#3624);
#3208=PLANE('',#3627);
#3209=PLANE('',#3630);
#3210=PLANE('',#3633);
#3211=PLANE('',#3634);
#3212=PLANE('',#3640);
#3213=PLANE('',#3644);
#3214=PLANE('',#3647);
#3215=PLANE('',#3661);
#3216=PLANE('',#3664);
#3217=PLANE('',#3667);
#3218=PLANE('',#3670);
#3219=PLANE('',#3673);
#3220=PLANE('',#3676);
#3221=PLANE('',#3679);
#3222=PLANE('',#3682);
#3223=PLANE('',#3689);
#3224=PLANE('',#3692);
#3225=PLANE('',#3699);
#3226=PLANE('',#3700);
#3227=PLANE('',#3703);
#3228=PLANE('',#3704);
#3229=PLANE('',#3705);
#3230=PLANE('',#3706);
#3231=PLANE('',#3707);
#3232=PLANE('',#3708);
#3233=ADVANCED_FACE('',(#255,#213,#214,#215,#216,#217),#3134,.T.);
#3234=ADVANCED_FACE('',(#256,#218),#3135,.T.);
#3235=ADVANCED_FACE('',(#257),#3136,.F.);
#3236=ADVANCED_FACE('',(#258),#3137,.F.);
#3237=ADVANCED_FACE('',(#259),#3138,.F.);
#3238=ADVANCED_FACE('',(#260),#3139,.F.);
#3239=ADVANCED_FACE('',(#261),#3140,.F.);
#3240=ADVANCED_FACE('',(#262),#3141,.F.);
#3241=ADVANCED_FACE('',(#263),#3142,.F.);
#3242=ADVANCED_FACE('',(#264),#3143,.F.);
#3243=ADVANCED_FACE('',(#265),#3144,.F.);
#3244=ADVANCED_FACE('',(#266),#3145,.F.);
#3245=ADVANCED_FACE('',(#267),#3146,.F.);
#3246=ADVANCED_FACE('',(#268),#3147,.F.);
#3247=ADVANCED_FACE('',(#269),#3148,.F.);
#3248=ADVANCED_FACE('',(#270),#3149,.F.);
#3249=ADVANCED_FACE('',(#271),#3150,.F.);
#3250=ADVANCED_FACE('',(#272),#3151,.F.);
#3251=ADVANCED_FACE('',(#273),#3152,.F.);
#3252=ADVANCED_FACE('',(#274),#3153,.F.);
#3253=ADVANCED_FACE('',(#275),#3154,.F.);
#3254=ADVANCED_FACE('',(#276),#3155,.F.);
#3255=ADVANCED_FACE('',(#277),#3156,.F.);
#3256=ADVANCED_FACE('',(#278),#3157,.F.);
#3257=ADVANCED_FACE('',(#279),#3158,.T.);
#3258=ADVANCED_FACE('',(#280),#3159,.T.);
#3259=ADVANCED_FACE('',(#281),#3160,.T.);
#3260=ADVANCED_FACE('',(#282),#3161,.T.);
#3261=ADVANCED_FACE('',(#283),#3162,.F.);
#3262=ADVANCED_FACE('',(#284),#3163,.T.);
#3263=ADVANCED_FACE('',(#285),#147,.F.);
#3264=ADVANCED_FACE('',(#286,#219),#3164,.T.);
#3265=ADVANCED_FACE('',(#287),#148,.T.);
#3266=ADVANCED_FACE('',(#288,#220),#3165,.F.);
#3267=ADVANCED_FACE('',(#289),#3166,.T.);
#3268=ADVANCED_FACE('',(#290),#149,.F.);
#3269=ADVANCED_FACE('',(#291),#3167,.T.);
#3270=ADVANCED_FACE('',(#292),#150,.T.);
#3271=ADVANCED_FACE('',(#293),#151,.F.);
#3272=ADVANCED_FACE('',(#294),#152,.F.);
#3273=ADVANCED_FACE('',(#295),#153,.T.);
#3274=ADVANCED_FACE('',(#296,#221),#3168,.T.);
#3275=ADVANCED_FACE('',(#297),#3169,.F.);
#3276=ADVANCED_FACE('',(#298),#154,.T.);
#3277=ADVANCED_FACE('',(#299),#3170,.F.);
#3278=ADVANCED_FACE('',(#300),#155,.F.);
#3279=ADVANCED_FACE('',(#301),#3171,.F.);
#3280=ADVANCED_FACE('',(#302),#156,.F.);
#3281=ADVANCED_FACE('',(#303,#222),#3172,.F.);
#3282=ADVANCED_FACE('',(#304),#157,.F.);
#3283=ADVANCED_FACE('',(#305),#3173,.T.);
#3284=ADVANCED_FACE('',(#306),#158,.F.);
#3285=ADVANCED_FACE('',(#307,#223),#3174,.T.);
#3286=ADVANCED_FACE('',(#308,#224,#225),#3175,.T.);
#3287=ADVANCED_FACE('',(#309,#226,#227),#3176,.T.);
#3288=ADVANCED_FACE('',(#310),#159,.F.);
#3289=ADVANCED_FACE('',(#311,#228),#3177,.T.);
#3290=ADVANCED_FACE('',(#312),#160,.F.);
#3291=ADVANCED_FACE('',(#313,#229),#3178,.T.);
#3292=ADVANCED_FACE('',(#314),#161,.F.);
#3293=ADVANCED_FACE('',(#315),#3179,.T.);
#3294=ADVANCED_FACE('',(#316),#162,.F.);
#3295=ADVANCED_FACE('',(#317),#3180,.T.);
#3296=ADVANCED_FACE('',(#318),#163,.T.);
#3297=ADVANCED_FACE('',(#319),#3181,.T.);
#3298=ADVANCED_FACE('',(#320),#164,.F.);
#3299=ADVANCED_FACE('',(#321),#165,.F.);
#3300=ADVANCED_FACE('',(#322,#230),#3182,.F.);
#3301=ADVANCED_FACE('',(#323),#166,.F.);
#3302=ADVANCED_FACE('',(#324),#3183,.F.);
#3303=ADVANCED_FACE('',(#325),#167,.F.);
#3304=ADVANCED_FACE('',(#326),#3184,.F.);
#3305=ADVANCED_FACE('',(#327),#168,.T.);
#3306=ADVANCED_FACE('',(#328),#3185,.F.);
#3307=ADVANCED_FACE('',(#329),#169,.F.);
#3308=ADVANCED_FACE('',(#330),#170,.F.);
#3309=ADVANCED_FACE('',(#331,#231,#232),#3186,.F.);
#3310=ADVANCED_FACE('',(#332),#171,.T.);
#3311=ADVANCED_FACE('',(#333,#233),#3187,.F.);
#3312=ADVANCED_FACE('',(#334),#3188,.T.);
#3313=ADVANCED_FACE('',(#335),#172,.T.);
#3314=ADVANCED_FACE('',(#336),#173,.T.);
#3315=ADVANCED_FACE('',(#337,#234),#3189,.T.);
#3316=ADVANCED_FACE('',(#338),#3190,.F.);
#3317=ADVANCED_FACE('',(#339),#174,.T.);
#3318=ADVANCED_FACE('',(#340),#3191,.T.);
#3319=ADVANCED_FACE('',(#341),#175,.F.);
#3320=ADVANCED_FACE('',(#342),#176,.F.);
#3321=ADVANCED_FACE('',(#343),#177,.T.);
#3322=ADVANCED_FACE('',(#344),#3192,.F.);
#3323=ADVANCED_FACE('',(#345),#178,.T.);
#3324=ADVANCED_FACE('',(#346,#235,#236),#3193,.T.);
#3325=ADVANCED_FACE('',(#347),#3194,.T.);
#3326=ADVANCED_FACE('',(#348),#3195,.T.);
#3327=ADVANCED_FACE('',(#349),#3196,.T.);
#3328=ADVANCED_FACE('',(#350,#237),#3197,.F.);
#3329=ADVANCED_FACE('',(#351),#179,.T.);
#3330=ADVANCED_FACE('',(#352,#238,#239),#3198,.F.);
#3331=ADVANCED_FACE('',(#353),#3199,.T.);
#3332=ADVANCED_FACE('',(#354,#240),#3200,.T.);
#3333=ADVANCED_FACE('',(#355),#180,.T.);
#3334=ADVANCED_FACE('',(#356),#181,.T.);
#3335=ADVANCED_FACE('',(#357),#3201,.F.);
#3336=ADVANCED_FACE('',(#358,#241),#3202,.T.);
#3337=ADVANCED_FACE('',(#359),#182,.T.);
#3338=ADVANCED_FACE('',(#360),#183,.F.);
#3339=ADVANCED_FACE('',(#361),#184,.F.);
#3340=ADVANCED_FACE('',(#362),#185,.F.);
#3341=ADVANCED_FACE('',(#363),#186,.F.);
#3342=ADVANCED_FACE('',(#364),#3203,.T.);
#3343=ADVANCED_FACE('',(#365),#187,.F.);
#3344=ADVANCED_FACE('',(#366),#3204,.T.);
#3345=ADVANCED_FACE('',(#367),#188,.T.);
#3346=ADVANCED_FACE('',(#368),#3205,.T.);
#3347=ADVANCED_FACE('',(#369),#189,.F.);
#3348=ADVANCED_FACE('',(#370,#242),#3206,.T.);
#3349=ADVANCED_FACE('',(#371),#190,.F.);
#3350=ADVANCED_FACE('',(#372),#3207,.F.);
#3351=ADVANCED_FACE('',(#373),#191,.T.);
#3352=ADVANCED_FACE('',(#374),#3208,.F.);
#3353=ADVANCED_FACE('',(#375),#192,.F.);
#3354=ADVANCED_FACE('',(#376),#3209,.F.);
#3355=ADVANCED_FACE('',(#377),#193,.F.);
#3356=ADVANCED_FACE('',(#378),#3210,.F.);
#3357=ADVANCED_FACE('',(#379,#243),#3211,.F.);
#3358=ADVANCED_FACE('',(#380),#194,.F.);
#3359=ADVANCED_FACE('',(#381),#195,.F.);
#3360=ADVANCED_FACE('',(#382),#196,.F.);
#3361=ADVANCED_FACE('',(#383),#3212,.T.);
#3362=ADVANCED_FACE('',(#384),#197,.T.);
#3363=ADVANCED_FACE('',(#385,#244),#3213,.T.);
#3364=ADVANCED_FACE('',(#386,#245,#246),#3214,.F.);
#3365=ADVANCED_FACE('',(#387),#198,.T.);
#3366=ADVANCED_FACE('',(#388,#247),#3215,.T.);
#3367=ADVANCED_FACE('',(#389,#248),#3216,.F.);
#3368=ADVANCED_FACE('',(#390,#249),#3217,.T.);
#3369=ADVANCED_FACE('',(#391),#199,.F.);
#3370=ADVANCED_FACE('',(#392),#3218,.T.);
#3371=ADVANCED_FACE('',(#393),#200,.F.);
#3372=ADVANCED_FACE('',(#394),#3219,.F.);
#3373=ADVANCED_FACE('',(#395),#201,.F.);
#3374=ADVANCED_FACE('',(#396),#3220,.F.);
#3375=ADVANCED_FACE('',(#397),#202,.F.);
#3376=ADVANCED_FACE('',(#398),#3221,.F.);
#3377=ADVANCED_FACE('',(#399),#203,.T.);
#3378=ADVANCED_FACE('',(#400),#3222,.F.);
#3379=ADVANCED_FACE('',(#401),#204,.F.);
#3380=ADVANCED_FACE('',(#402),#205,.F.);
#3381=ADVANCED_FACE('',(#403),#206,.T.);
#3382=ADVANCED_FACE('',(#404),#3223,.T.);
#3383=ADVANCED_FACE('',(#405),#207,.F.);
#3384=ADVANCED_FACE('',(#406),#3224,.T.);
#3385=ADVANCED_FACE('',(#407),#208,.F.);
#3386=ADVANCED_FACE('',(#408),#209,.F.);
#3387=ADVANCED_FACE('',(#409),#210,.F.);
#3388=ADVANCED_FACE('',(#410),#211,.T.);
#3389=ADVANCED_FACE('',(#411),#3225,.F.);
#3390=ADVANCED_FACE('',(#412,#250,#251),#3226,.T.);
#3391=ADVANCED_FACE('',(#413),#212,.T.);
#3392=ADVANCED_FACE('',(#414,#252),#3227,.F.);
#3393=ADVANCED_FACE('',(#415,#253,#254),#3228,.T.);
#3394=ADVANCED_FACE('',(#416),#3229,.F.);
#3395=ADVANCED_FACE('',(#417),#3230,.F.);
#3396=ADVANCED_FACE('',(#418),#3231,.F.);
#3397=ADVANCED_FACE('',(#419),#3232,.T.);
#3398=CLOSED_SHELL('',(#3233,#3234,#3235,#3236,#3237,#3238,#3239,#3240,
#3241,#3242,#3243,#3244,#3245,#3246,#3247,#3248,#3249,#3250,#3251,#3252,
#3253,#3254,#3255,#3256,#3257,#3258,#3259,#3260,#3261,#3262,#3263,#3264,
#3265,#3266,#3267,#3268,#3269,#3270,#3271,#3272,#3273,#3274,#3275,#3276,
#3277,#3278,#3279,#3280,#3281,#3282,#3283,#3284,#3285,#3286,#3287,#3288,
#3289,#3290,#3291,#3292,#3293,#3294,#3295,#3296,#3297,#3298,#3299,#3300,
#3301,#3302,#3303,#3304,#3305,#3306,#3307,#3308,#3309,#3310,#3311,#3312,
#3313,#3314,#3315,#3316,#3317,#3318,#3319,#3320,#3321,#3322,#3323,#3324,
#3325,#3326,#3327,#3328,#3329,#3330,#3331,#3332,#3333,#3334,#3335,#3336,
#3337,#3338,#3339,#3340,#3341,#3342,#3343,#3344,#3345,#3346,#3347,#3348,
#3349,#3350,#3351,#3352,#3353,#3354,#3355,#3356,#3357,#3358,#3359,#3360,
#3361,#3362,#3363,#3364,#3365,#3366,#3367,#3368,#3369,#3370,#3371,#3372,
#3373,#3374,#3375,#3376,#3377,#3378,#3379,#3380,#3381,#3382,#3383,#3384,
#3385,#3386,#3387,#3388,#3389,#3390,#3391,#3392,#3393,#3394,#3395,#3396,
#3397));
#3399=DERIVED_UNIT_ELEMENT(#3401,1.);
#3400=DERIVED_UNIT_ELEMENT(#5648,-3.);
#3401=(
MASS_UNIT()
NAMED_UNIT(*)
SI_UNIT(.KILO.,.GRAM.)
);
#3402=DERIVED_UNIT((#3399,#3400));
#3403=MEASURE_REPRESENTATION_ITEM('density measure',
POSITIVE_RATIO_MEASURE(7850.),#3402);
#3404=PROPERTY_DEFINITION_REPRESENTATION(#3409,#3406);
#3405=PROPERTY_DEFINITION_REPRESENTATION(#3410,#3407);
#3406=REPRESENTATION('material name',(#3408),#5645);
#3407=REPRESENTATION('density',(#3403),#5645);
#3408=DESCRIPTIVE_REPRESENTATION_ITEM('Steel','Steel');
#3409=PROPERTY_DEFINITION('material property','material name',#5655);
#3410=PROPERTY_DEFINITION('material property','density of part',#5655);
#3411=AXIS2_PLACEMENT_3D('',#4662,#3709,#3710);
#3412=AXIS2_PLACEMENT_3D('',#4663,#3711,#3712);
#3413=AXIS2_PLACEMENT_3D('',#4728,#3745,#3746);
#3414=AXIS2_PLACEMENT_3D('',#4773,#3769,#3770);
#3415=AXIS2_PLACEMENT_3D('',#4779,#3774,#3775);
#3416=AXIS2_PLACEMENT_3D('',#4783,#3778,#3779);
#3417=AXIS2_PLACEMENT_3D('',#4787,#3782,#3783);
#3418=AXIS2_PLACEMENT_3D('',#4789,#3785,#3786);
#3419=AXIS2_PLACEMENT_3D('',#4795,#3790,#3791);
#3420=AXIS2_PLACEMENT_3D('',#4799,#3794,#3795);
#3421=AXIS2_PLACEMENT_3D('',#4803,#3798,#3799);
#3422=AXIS2_PLACEMENT_3D('',#4805,#3801,#3802);
#3423=AXIS2_PLACEMENT_3D('',#4811,#3806,#3807);
#3424=AXIS2_PLACEMENT_3D('',#4815,#3810,#3811);
#3425=AXIS2_PLACEMENT_3D('',#4819,#3814,#3815);
#3426=AXIS2_PLACEMENT_3D('',#4821,#3817,#3818);
#3427=AXIS2_PLACEMENT_3D('',#4827,#3822,#3823);
#3428=AXIS2_PLACEMENT_3D('',#4831,#3826,#3827);
#3429=AXIS2_PLACEMENT_3D('',#4835,#3830,#3831);
#3430=AXIS2_PLACEMENT_3D('',#4837,#3833,#3834);
#3431=AXIS2_PLACEMENT_3D('',#4840,#3837,#3838);
#3432=AXIS2_PLACEMENT_3D('',#4842,#3840,#3841);
#3433=AXIS2_PLACEMENT_3D('',#4844,#3843,#3844);
#3434=AXIS2_PLACEMENT_3D('',#4845,#3845,#3846);
#3435=AXIS2_PLACEMENT_3D('',#4851,#3850,#3851);
#3436=AXIS2_PLACEMENT_3D('',#4857,#3855,#3856);
#3437=AXIS2_PLACEMENT_3D('',#4863,#3860,#3861);
#3438=AXIS2_PLACEMENT_3D('',#4866,#3864,#3865);
#3439=AXIS2_PLACEMENT_3D('',#4871,#3869,#3870);
#3440=AXIS2_PLACEMENT_3D('',#4875,#3873,#3874);
#3441=AXIS2_PLACEMENT_3D('',#4889,#3882,#3883);
#3442=AXIS2_PLACEMENT_3D('',#4903,#3891,#3892);
#3443=AXIS2_PLACEMENT_3D('',#4907,#3894,#3895);
#3444=AXIS2_PLACEMENT_3D('',#4908,#3896,#3897);
#3445=AXIS2_PLACEMENT_3D('',#4909,#3898,#3899);
#3446=AXIS2_PLACEMENT_3D('',#4912,#3900,#3901);
#3447=AXIS2_PLACEMENT_3D('',#4917,#3904,#3905);
#3448=AXIS2_PLACEMENT_3D('',#4920,#3907,#3908);
#3449=AXIS2_PLACEMENT_3D('',#4921,#3909,#3910);
#3450=AXIS2_PLACEMENT_3D('',#4924,#3911,#3912);
#3451=AXIS2_PLACEMENT_3D('',#4927,#3915,#3916);
#3452=AXIS2_PLACEMENT_3D('',#4935,#3920,#3921);
#3453=AXIS2_PLACEMENT_3D('',#4938,#3923,#3924);
#3454=AXIS2_PLACEMENT_3D('',#4939,#3925,#3926);
#3455=AXIS2_PLACEMENT_3D('',#4945,#3930,#3931);
#3456=AXIS2_PLACEMENT_3D('',#4949,#3933,#3934);
#3457=AXIS2_PLACEMENT_3D('',#4950,#3935,#3936);
#3458=AXIS2_PLACEMENT_3D('',#4951,#3937,#3938);
#3459=AXIS2_PLACEMENT_3D('',#4957,#3942,#3943);
#3460=AXIS2_PLACEMENT_3D('',#4961,#3945,#3946);
#3461=AXIS2_PLACEMENT_3D('',#4962,#3947,#3948);
#3462=AXIS2_PLACEMENT_3D('',#4963,#3949,#3950);
#3463=AXIS2_PLACEMENT_3D('',#4965,#3951,#3952);
#3464=AXIS2_PLACEMENT_3D('',#4968,#3954,#3955);
#3465=AXIS2_PLACEMENT_3D('',#4969,#3956,#3957);
#3466=AXIS2_PLACEMENT_3D('',#4971,#3958,#3959);
#3467=AXIS2_PLACEMENT_3D('',#4974,#3961,#3962);
#3468=AXIS2_PLACEMENT_3D('',#4975,#3963,#3964);
#3469=AXIS2_PLACEMENT_3D('',#4978,#3965,#3966);
#3470=AXIS2_PLACEMENT_3D('',#4982,#3968,#3969);
#3471=AXIS2_PLACEMENT_3D('',#4984,#3971,#3972);
#3472=AXIS2_PLACEMENT_3D('',#4992,#3976,#3977);
#3473=AXIS2_PLACEMENT_3D('',#4995,#3979,#3980);
#3474=AXIS2_PLACEMENT_3D('',#4996,#3981,#3982);
#3475=AXIS2_PLACEMENT_3D('',#5002,#3986,#3987);
#3476=AXIS2_PLACEMENT_3D('',#5007,#3989,#3990);
#3477=AXIS2_PLACEMENT_3D('',#5010,#3992,#3993);
#3478=AXIS2_PLACEMENT_3D('',#5011,#3994,#3995);
#3479=AXIS2_PLACEMENT_3D('',#5017,#3999,#4000);
#3480=AXIS2_PLACEMENT_3D('',#5019,#4001,#4002);
#3481=AXIS2_PLACEMENT_3D('',#5022,#4004,#4005);
#3482=AXIS2_PLACEMENT_3D('',#5023,#4006,#4007);
#3483=AXIS2_PLACEMENT_3D('',#5029,#4011,#4012);
#3484=AXIS2_PLACEMENT_3D('',#5030,#4013,#4014);
#3485=AXIS2_PLACEMENT_3D('',#5031,#4015,#4016);
#3486=AXIS2_PLACEMENT_3D('',#5032,#4017,#4018);
#3487=AXIS2_PLACEMENT_3D('',#5040,#4022,#4023);
#3488=AXIS2_PLACEMENT_3D('',#5043,#4025,#4026);
#3489=AXIS2_PLACEMENT_3D('',#5044,#4027,#4028);
#3490=AXIS2_PLACEMENT_3D('',#5045,#4029,#4030);
#3491=AXIS2_PLACEMENT_3D('',#5046,#4031,#4032);
#3492=AXIS2_PLACEMENT_3D('',#5047,#4033,#4034);
#3493=AXIS2_PLACEMENT_3D('',#5053,#4038,#4039);
#3494=AXIS2_PLACEMENT_3D('',#5057,#4041,#4042);
#3495=AXIS2_PLACEMENT_3D('',#5058,#4043,#4044);
#3496=AXIS2_PLACEMENT_3D('',#5059,#4045,#4046);
#3497=AXIS2_PLACEMENT_3D('',#5062,#4049,#4050);
#3498=AXIS2_PLACEMENT_3D('',#5063,#4051,#4052);
#3499=AXIS2_PLACEMENT_3D('',#5065,#4053,#4054);
#3500=AXIS2_PLACEMENT_3D('',#5075,#4059,#4060);
#3501=AXIS2_PLACEMENT_3D('',#5079,#4062,#4063);
#3502=AXIS2_PLACEMENT_3D('',#5083,#4065,#4066);
#3503=AXIS2_PLACEMENT_3D('',#5087,#4068,#4069);
#3504=AXIS2_PLACEMENT_3D('',#5091,#4071,#4072);
#3505=AXIS2_PLACEMENT_3D('',#5095,#4074,#4075);
#3506=AXIS2_PLACEMENT_3D('',#5104,#4080,#4081);
#3507=AXIS2_PLACEMENT_3D('',#5107,#4083,#4084);
#3508=AXIS2_PLACEMENT_3D('',#5109,#4085,#4086);
#3509=AXIS2_PLACEMENT_3D('',#5110,#4087,#4088);
#3510=AXIS2_PLACEMENT_3D('',#5112,#4089,#4090);
#3511=AXIS2_PLACEMENT_3D('',#5114,#4092,#4093);
#3512=AXIS2_PLACEMENT_3D('',#5120,#4097,#4098);
#3513=AXIS2_PLACEMENT_3D('',#5123,#4100,#4101);
#3514=AXIS2_PLACEMENT_3D('',#5124,#4102,#4103);
#3515=AXIS2_PLACEMENT_3D('',#5126,#4104,#4105);
#3516=AXIS2_PLACEMENT_3D('',#5130,#4107,#4108);
#3517=AXIS2_PLACEMENT_3D('',#5133,#4110,#4111);
#3518=AXIS2_PLACEMENT_3D('',#5134,#4112,#4113);
#3519=AXIS2_PLACEMENT_3D('',#5138,#4115,#4116);
#3520=AXIS2_PLACEMENT_3D('',#5140,#4118,#4119);
#3521=AXIS2_PLACEMENT_3D('',#5144,#4122,#4123);
#3522=AXIS2_PLACEMENT_3D('',#5146,#4124,#4125);
#3523=AXIS2_PLACEMENT_3D('',#5148,#4127,#4128);
#3524=AXIS2_PLACEMENT_3D('',#5152,#4131,#4132);
#3525=AXIS2_PLACEMENT_3D('',#5153,#4133,#4134);
#3526=AXIS2_PLACEMENT_3D('',#5154,#4135,#4136);
#3527=AXIS2_PLACEMENT_3D('',#5158,#4139,#4140);
#3528=AXIS2_PLACEMENT_3D('',#5160,#4141,#4142);
#3529=AXIS2_PLACEMENT_3D('',#5162,#4144,#4145);
#3530=AXIS2_PLACEMENT_3D('',#5164,#4146,#4147);
#3531=AXIS2_PLACEMENT_3D('',#5166,#4149,#4150);
#3532=AXIS2_PLACEMENT_3D('',#5169,#4151,#4152);
#3533=AXIS2_PLACEMENT_3D('',#5172,#4154,#4155);
#3534=AXIS2_PLACEMENT_3D('',#5175,#4157,#4158);
#3535=AXIS2_PLACEMENT_3D('',#5176,#4159,#4160);
#3536=AXIS2_PLACEMENT_3D('',#5181,#4163,#4164);
#3537=AXIS2_PLACEMENT_3D('',#5182,#4165,#4166);
#3538=AXIS2_PLACEMENT_3D('',#5186,#4169,#4170);
#3539=AXIS2_PLACEMENT_3D('',#5189,#4172,#4173);
#3540=AXIS2_PLACEMENT_3D('',#5190,#4174,#4175);
#3541=AXIS2_PLACEMENT_3D('',#5194,#4178,#4179);
#3542=AXIS2_PLACEMENT_3D('',#5195,#4180,#4181);
#3543=AXIS2_PLACEMENT_3D('',#5196,#4182,#4183);
#3544=AXIS2_PLACEMENT_3D('',#5200,#4186,#4187);
#3545=AXIS2_PLACEMENT_3D('',#5202,#4188,#4189);
#3546=AXIS2_PLACEMENT_3D('',#5204,#4191,#4192);
#3547=AXIS2_PLACEMENT_3D('',#5206,#4193,#4194);
#3548=AXIS2_PLACEMENT_3D('',#5208,#4196,#4197);
#3549=AXIS2_PLACEMENT_3D('',#5216,#4203,#4204);
#3550=AXIS2_PLACEMENT_3D('',#5219,#4206,#4207);
#3551=AXIS2_PLACEMENT_3D('',#5220,#4208,#4209);
#3552=AXIS2_PLACEMENT_3D('',#5222,#4210,#4211);
#3553=AXIS2_PLACEMENT_3D('',#5224,#4213,#4214);
#3554=AXIS2_PLACEMENT_3D('',#5226,#4216,#4217);
#3555=AXIS2_PLACEMENT_3D('',#5227,#4218,#4219);
#3556=AXIS2_PLACEMENT_3D('',#5229,#4220,#4221);
#3557=AXIS2_PLACEMENT_3D('',#5231,#4223,#4224);
#3558=AXIS2_PLACEMENT_3D('',#5233,#4225,#4226);
#3559=AXIS2_PLACEMENT_3D('',#5235,#4228,#4229);
#3560=AXIS2_PLACEMENT_3D('',#5237,#4231,#4232);
#3561=AXIS2_PLACEMENT_3D('',#5238,#4233,#4234);
#3562=AXIS2_PLACEMENT_3D('',#5240,#4236,#4237);
#3563=AXIS2_PLACEMENT_3D('',#5242,#4239,#4240);
#3564=AXIS2_PLACEMENT_3D('',#5244,#4242,#4243);
#3565=AXIS2_PLACEMENT_3D('',#5247,#4246,#4247);
#3566=AXIS2_PLACEMENT_3D('',#5248,#4248,#4249);
#3567=AXIS2_PLACEMENT_3D('',#5250,#4251,#4252);
#3568=AXIS2_PLACEMENT_3D('',#5252,#4254,#4255);
#3569=AXIS2_PLACEMENT_3D('',#5253,#4256,#4257);
#3570=AXIS2_PLACEMENT_3D('',#5255,#4259,#4260);
#3571=AXIS2_PLACEMENT_3D('',#5264,#4265,#4266);
#3572=AXIS2_PLACEMENT_3D('',#5267,#4267,#4268);
#3573=AXIS2_PLACEMENT_3D('',#5275,#4272,#4273);
#3574=AXIS2_PLACEMENT_3D('',#5279,#4275,#4276);
#3575=AXIS2_PLACEMENT_3D('',#5280,#4277,#4278);
#3576=AXIS2_PLACEMENT_3D('',#5281,#4279,#4280);
#3577=AXIS2_PLACEMENT_3D('',#5284,#4281,#4282);
#3578=AXIS2_PLACEMENT_3D('',#5287,#4285,#4286);
#3579=AXIS2_PLACEMENT_3D('',#5291,#4288,#4289);
#3580=AXIS2_PLACEMENT_3D('',#5298,#4293,#4294);
#3581=AXIS2_PLACEMENT_3D('',#5302,#4296,#4297);
#3582=AXIS2_PLACEMENT_3D('',#5306,#4299,#4300);
#3583=AXIS2_PLACEMENT_3D('',#5310,#4302,#4303);
#3584=AXIS2_PLACEMENT_3D('',#5314,#4305,#4306);
#3585=AXIS2_PLACEMENT_3D('',#5318,#4308,#4309);
#3586=AXIS2_PLACEMENT_3D('',#5328,#4314,#4315);
#3587=AXIS2_PLACEMENT_3D('',#5331,#4317,#4318);
#3588=AXIS2_PLACEMENT_3D('',#5333,#4319,#4320);
#3589=AXIS2_PLACEMENT_3D('',#5334,#4321,#4322);
#3590=AXIS2_PLACEMENT_3D('',#5343,#4328,#4329);
#3591=AXIS2_PLACEMENT_3D('',#5345,#4330,#4331);
#3592=AXIS2_PLACEMENT_3D('',#5352,#4335,#4336);
#3593=AXIS2_PLACEMENT_3D('',#5353,#4337,#4338);
#3594=AXIS2_PLACEMENT_3D('',#5354,#4339,#4340);
#3595=AXIS2_PLACEMENT_3D('',#5356,#4342,#4343);
#3596=AXIS2_PLACEMENT_3D('',#5358,#4344,#4345);
#3597=AXIS2_PLACEMENT_3D('',#5360,#4346,#4347);
#3598=AXIS2_PLACEMENT_3D('',#5362,#4349,#4350);
#3599=AXIS2_PLACEMENT_3D('',#5368,#4354,#4355);
#3600=AXIS2_PLACEMENT_3D('',#5373,#4358,#4359);
#3601=AXIS2_PLACEMENT_3D('',#5376,#4360,#4361);
#3602=AXIS2_PLACEMENT_3D('',#5377,#4362,#4363);
#3603=AXIS2_PLACEMENT_3D('',#5378,#4364,#4365);
#3604=AXIS2_PLACEMENT_3D('',#5380,#4366,#4367);
#3605=AXIS2_PLACEMENT_3D('',#5382,#4369,#4370);
#3606=AXIS2_PLACEMENT_3D('',#5387,#4373,#4374);
#3607=AXIS2_PLACEMENT_3D('',#5388,#4375,#4376);
#3608=AXIS2_PLACEMENT_3D('',#5389,#4377,#4378);
#3609=AXIS2_PLACEMENT_3D('',#5390,#4379,#4380);
#3610=AXIS2_PLACEMENT_3D('',#5393,#4383,#4384);
#3611=AXIS2_PLACEMENT_3D('',#5394,#4385,#4386);
#3612=AXIS2_PLACEMENT_3D('',#5395,#4387,#4388);
#3613=AXIS2_PLACEMENT_3D('',#5399,#4391,#4392);
#3614=AXIS2_PLACEMENT_3D('',#5401,#4393,#4394);
#3615=AXIS2_PLACEMENT_3D('',#5403,#4396,#4397);
#3616=AXIS2_PLACEMENT_3D('',#5407,#4400,#4401);
#3617=AXIS2_PLACEMENT_3D('',#5409,#4402,#4403);
#3618=AXIS2_PLACEMENT_3D('',#5411,#4405,#4406);
#3619=AXIS2_PLACEMENT_3D('',#5415,#4409,#4410);
#3620=AXIS2_PLACEMENT_3D('',#5417,#4411,#4412);
#3621=AXIS2_PLACEMENT_3D('',#5419,#4414,#4415);
#3622=AXIS2_PLACEMENT_3D('',#5423,#4418,#4419);
#3623=AXIS2_PLACEMENT_3D('',#5426,#4421,#4422);
#3624=AXIS2_PLACEMENT_3D('',#5427,#4423,#4424);
#3625=AXIS2_PLACEMENT_3D('',#5431,#4427,#4428);
#3626=AXIS2_PLACEMENT_3D('',#5434,#4429,#4430);
#3627=AXIS2_PLACEMENT_3D('',#5437,#4433,#4434);
#3628=AXIS2_PLACEMENT_3D('',#5441,#4437,#4438);
#3629=AXIS2_PLACEMENT_3D('',#5442,#4439,#4440);
#3630=AXIS2_PLACEMENT_3D('',#5443,#4441,#4442);
#3631=AXIS2_PLACEMENT_3D('',#5447,#4445,#4446);
#3632=AXIS2_PLACEMENT_3D('',#5448,#4447,#4448);
#3633=AXIS2_PLACEMENT_3D('',#5449,#4449,#4450);
#3634=AXIS2_PLACEMENT_3D('',#5453,#4453,#4454);
#3635=AXIS2_PLACEMENT_3D('',#5457,#4457,#4458);
#3636=AXIS2_PLACEMENT_3D('',#5458,#4459,#4460);
#3637=AXIS2_PLACEMENT_3D('',#5459,#4461,#4462);
#3638=AXIS2_PLACEMENT_3D('',#5460,#4463,#4464);
#3639=AXIS2_PLACEMENT_3D('',#5463,#4466,#4467);
#3640=AXIS2_PLACEMENT_3D('',#5464,#4468,#4469);
#3641=AXIS2_PLACEMENT_3D('',#5465,#4470,#4471);
#3642=AXIS2_PLACEMENT_3D('',#5467,#4472,#4473);
#3643=AXIS2_PLACEMENT_3D('',#5470,#4475,#4476);
#3644=AXIS2_PLACEMENT_3D('',#5471,#4477,#4478);
#3645=AXIS2_PLACEMENT_3D('',#5478,#4482,#4483);
#3646=AXIS2_PLACEMENT_3D('',#5480,#4484,#4485);
#3647=AXIS2_PLACEMENT_3D('',#5481,#4486,#4487);
#3648=AXIS2_PLACEMENT_3D('',#5487,#4490,#4491);
#3649=AXIS2_PLACEMENT_3D('',#5491,#4493,#4494);
#3650=AXIS2_PLACEMENT_3D('',#5495,#4496,#4497);
#3651=AXIS2_PLACEMENT_3D('',#5499,#4499,#4500);
#3652=AXIS2_PLACEMENT_3D('',#5503,#4502,#4503);
#3653=AXIS2_PLACEMENT_3D('',#5507,#4505,#4506);
#3654=AXIS2_PLACEMENT_3D('',#5517,#4511,#4512);
#3655=AXIS2_PLACEMENT_3D('',#5519,#4514,#4515);
#3656=AXIS2_PLACEMENT_3D('',#5521,#4516,#4517);
#3657=AXIS2_PLACEMENT_3D('',#5523,#4518,#4519);
#3658=AXIS2_PLACEMENT_3D('',#5524,#4520,#4521);
#3659=AXIS2_PLACEMENT_3D('',#5526,#4522,#4523);
#3660=AXIS2_PLACEMENT_3D('',#5528,#4524,#4525);
#3661=AXIS2_PLACEMENT_3D('',#5530,#4527,#4528);
#3662=AXIS2_PLACEMENT_3D('',#5536,#4531,#4532);
#3663=AXIS2_PLACEMENT_3D('',#5539,#4534,#4535);
#3664=AXIS2_PLACEMENT_3D('',#5540,#4536,#4537);
#3665=AXIS2_PLACEMENT_3D('',#5544,#4539,#4540);
#3666=AXIS2_PLACEMENT_3D('',#5549,#4543,#4544);
#3667=AXIS2_PLACEMENT_3D('',#5550,#4545,#4546);
#3668=AXIS2_PLACEMENT_3D('',#5556,#4550,#4551);
#3669=AXIS2_PLACEMENT_3D('',#5559,#4553,#4554);
#3670=AXIS2_PLACEMENT_3D('',#5560,#4555,#4556);
#3671=AXIS2_PLACEMENT_3D('',#5564,#4559,#4560);
#3672=AXIS2_PLACEMENT_3D('',#5567,#4562,#4563);
#3673=AXIS2_PLACEMENT_3D('',#5568,#4564,#4565);
#3674=AXIS2_PLACEMENT_3D('',#5570,#4567,#4568);
#3675=AXIS2_PLACEMENT_3D('',#5575,#4571,#4572);
#3676=AXIS2_PLACEMENT_3D('',#5576,#4573,#4574);
#3677=AXIS2_PLACEMENT_3D('',#5580,#4577,#4578);
#3678=AXIS2_PLACEMENT_3D('',#5583,#4580,#4581);
#3679=AXIS2_PLACEMENT_3D('',#5584,#4582,#4583);
#3680=AXIS2_PLACEMENT_3D('',#5588,#4586,#4587);
#3681=AXIS2_PLACEMENT_3D('',#5589,#4588,#4589);
#3682=AXIS2_PLACEMENT_3D('',#5590,#4590,#4591);
#3683=AXIS2_PLACEMENT_3D('',#5592,#4593,#4594);
#3684=AXIS2_PLACEMENT_3D('',#5595,#4596,#4597);
#3685=AXIS2_PLACEMENT_3D('',#5596,#4598,#4599);
#3686=AXIS2_PLACEMENT_3D('',#5599,#4601,#4602);
#3687=AXIS2_PLACEMENT_3D('',#5600,#4603,#4604);
#3688=AXIS2_PLACEMENT_3D('',#5603,#4606,#4607);
#3689=AXIS2_PLACEMENT_3D('',#5604,#4608,#4609);
#3690=AXIS2_PLACEMENT_3D('',#5608,#4612,#4613);
#3691=AXIS2_PLACEMENT_3D('',#5611,#4615,#4616);
#3692=AXIS2_PLACEMENT_3D('',#5612,#4617,#4618);
#3693=AXIS2_PLACEMENT_3D('',#5616,#4621,#4622);
#3694=AXIS2_PLACEMENT_3D('',#5617,#4623,#4624);
#3695=AXIS2_PLACEMENT_3D('',#5618,#4625,#4626);
#3696=AXIS2_PLACEMENT_3D('',#5620,#4627,#4628);
#3697=AXIS2_PLACEMENT_3D('',#5622,#4630,#4631);
#3698=AXIS2_PLACEMENT_3D('',#5624,#4633,#4634);
#3699=AXIS2_PLACEMENT_3D('',#5627,#4637,#4638);
#3700=AXIS2_PLACEMENT_3D('',#5628,#4639,#4640);
#3701=AXIS2_PLACEMENT_3D('',#5632,#4643,#4644);
#3702=AXIS2_PLACEMENT_3D('',#5633,#4645,#4646);
#3703=AXIS2_PLACEMENT_3D('',#5634,#4647,#4648);
#3704=AXIS2_PLACEMENT_3D('',#5635,#4649,#4650);
#3705=AXIS2_PLACEMENT_3D('',#5636,#4651,#4652);
#3706=AXIS2_PLACEMENT_3D('',#5639,#4655,#4656);
#3707=AXIS2_PLACEMENT_3D('',#5640,#4657,#4658);
#3708=AXIS2_PLACEMENT_3D('',#5642,#4660,#4661);
#3709=DIRECTION('axis',(0.,0.,1.));
#3710=DIRECTION('refdir',(1.,0.,0.));
#3711=DIRECTION('center_axis',(0.,0.,-1.));
#3712=DIRECTION('ref_axis',(-1.,0.,0.));
#3713=DIRECTION('',(0.,-1.,0.));
#3714=DIRECTION('',(1.,0.,0.));
#3715=DIRECTION('',(0.,1.,0.));
#3716=DIRECTION('',(1.,0.,0.));
#3717=DIRECTION('',(0.,1.,0.));
#3718=DIRECTION('',(-1.,0.,0.));
#3719=DIRECTION('',(1.23259516440783E-32,1.,0.));
#3720=DIRECTION('',(-1.,1.23259516440783E-32,0.));
#3721=DIRECTION('',(-1.23259516440783E-32,-1.,0.));
#3722=DIRECTION('',(-1.,0.,0.));
#3723=DIRECTION('',(0.,1.,0.));
#3724=DIRECTION('',(-1.,0.,0.));
#3725=DIRECTION('',(1.,0.,0.));
#3726=DIRECTION('',(0.,1.,0.));
#3727=DIRECTION('',(-1.,0.,0.));
#3728=DIRECTION('',(0.,-1.,0.));
#3729=DIRECTION('',(1.,0.,0.));
#3730=DIRECTION('',(0.,1.,0.));
#3731=DIRECTION('',(-1.,0.,0.));
#3732=DIRECTION('',(0.,-1.,0.));
#3733=DIRECTION('',(1.,0.,0.));
#3734=DIRECTION('',(0.,1.,0.));
#3735=DIRECTION('',(-1.,0.,0.));
#3736=DIRECTION('',(0.,-1.,0.));
#3737=DIRECTION('',(1.,0.,0.));
#3738=DIRECTION('',(0.,1.,0.));
#3739=DIRECTION('',(-1.,0.,0.));
#3740=DIRECTION('',(0.,-1.,0.));
#3741=DIRECTION('',(1.,0.,0.));
#3742=DIRECTION('',(0.,1.,0.));
#3743=DIRECTION('',(-1.,0.,0.));
#3744=DIRECTION('',(0.,-1.,0.));
#3745=DIRECTION('center_axis',(0.,0.,1.));
#3746=DIRECTION('ref_axis',(1.,0.,0.));
#3747=DIRECTION('',(-1.,0.,0.));
#3748=DIRECTION('',(8.37937343254644E-65,-1.,0.));
#3749=DIRECTION('',(-1.,-3.86817595245961E-33,0.));
#3750=DIRECTION('',(-8.37937343254644E-65,1.,0.));
#3751=DIRECTION('',(1.,3.86817595245961E-33,0.));
#3752=DIRECTION('',(0.,1.,0.));
#3753=DIRECTION('',(-1.,-3.86817595245961E-33,0.));
#3754=DIRECTION('',(-8.37937343254644E-65,1.,0.));
#3755=DIRECTION('',(-1.,0.,0.));
#3756=DIRECTION('',(0.,-1.,0.));
#3757=DIRECTION('',(1.,-1.23259516440783E-32,0.));
#3758=DIRECTION('',(1.23259516440783E-32,1.,0.));
#3759=DIRECTION('',(1.,-1.23259516440783E-32,0.));
#3760=DIRECTION('',(-1.23259516440783E-32,-1.,0.));
#3761=DIRECTION('',(1.,-1.23259516440783E-32,0.));
#3762=DIRECTION('',(0.,1.,0.));
#3763=DIRECTION('',(1.,0.,0.));
#3764=DIRECTION('',(-6.90168057587259E-33,1.,0.));
#3765=DIRECTION('',(-1.,0.,0.));
#3766=DIRECTION('',(0.,1.,0.));
#3767=DIRECTION('',(1.,0.,0.));
#3768=DIRECTION('',(0.,-1.,0.));
#3769=DIRECTION('center_axis',(0.,1.,0.));
#3770=DIRECTION('ref_axis',(1.,0.,0.));
#3771=DIRECTION('',(1.,0.,3.53671311269699E-15));
#3772=DIRECTION('',(0.,0.,-1.));
#3773=DIRECTION('',(0.,0.,-1.));
#3774=DIRECTION('center_axis',(1.,0.,0.));
#3775=DIRECTION('ref_axis',(0.,-1.,0.));
#3776=DIRECTION('',(0.,-1.,-5.63564987119371E-17));
#3777=DIRECTION('',(0.,0.,-1.));
#3778=DIRECTION('center_axis',(0.,-1.,0.));
#3779=DIRECTION('ref_axis',(-1.,0.,0.));
#3780=DIRECTION('',(-1.,0.,-3.53671311269699E-15));
#3781=DIRECTION('',(0.,0.,-1.));
#3782=DIRECTION('center_axis',(-1.,0.,0.));
#3783=DIRECTION('ref_axis',(0.,1.,0.));
#3784=DIRECTION('',(0.,1.,5.63564987119371E-17));
#3785=DIRECTION('center_axis',(0.,1.,0.));
#3786=DIRECTION('ref_axis',(1.,0.,0.));
#3787=DIRECTION('',(1.,0.,3.53671311269699E-15));
#3788=DIRECTION('',(0.,0.,-1.));
#3789=DIRECTION('',(0.,0.,-1.));
#3790=DIRECTION('center_axis',(1.,0.,0.));
#3791=DIRECTION('ref_axis',(0.,-1.,0.));
#3792=DIRECTION('',(0.,-1.,-5.63564987119371E-17));
#3793=DIRECTION('',(0.,0.,-1.));
#3794=DIRECTION('center_axis',(0.,-1.,0.));
#3795=DIRECTION('ref_axis',(-1.,0.,0.));
#3796=DIRECTION('',(-1.,0.,-3.53671311269699E-15));
#3797=DIRECTION('',(0.,0.,-1.));
#3798=DIRECTION('center_axis',(-1.,0.,0.));
#3799=DIRECTION('ref_axis',(0.,1.,0.));
#3800=DIRECTION('',(0.,1.,5.63564987119371E-17));
#3801=DIRECTION('center_axis',(0.,1.,0.));
#3802=DIRECTION('ref_axis',(1.,0.,0.));
#3803=DIRECTION('',(1.,0.,3.53671311269699E-15));
#3804=DIRECTION('',(0.,0.,-1.));
#3805=DIRECTION('',(0.,0.,-1.));
#3806=DIRECTION('center_axis',(1.,0.,0.));
#3807=DIRECTION('ref_axis',(0.,-1.,0.));
#3808=DIRECTION('',(0.,-1.,-5.63564987119369E-17));
#3809=DIRECTION('',(0.,0.,-1.));
#3810=DIRECTION('center_axis',(0.,-1.,0.));
#3811=DIRECTION('ref_axis',(-1.,0.,0.));
#3812=DIRECTION('',(-1.,0.,-3.53671311269699E-15));
#3813=DIRECTION('',(0.,0.,-1.));
#3814=DIRECTION('center_axis',(-1.,0.,0.));
#3815=DIRECTION('ref_axis',(0.,1.,0.));
#3816=DIRECTION('',(0.,1.,5.63564987119369E-17));
#3817=DIRECTION('center_axis',(0.,1.,0.));
#3818=DIRECTION('ref_axis',(1.,0.,0.));
#3819=DIRECTION('',(1.,0.,3.53671311269699E-15));
#3820=DIRECTION('',(0.,0.,-1.));
#3821=DIRECTION('',(0.,0.,-1.));
#3822=DIRECTION('center_axis',(1.,0.,0.));
#3823=DIRECTION('ref_axis',(0.,-1.,0.));
#3824=DIRECTION('',(0.,-1.,-5.63564987119369E-17));
#3825=DIRECTION('',(0.,0.,-1.));
#3826=DIRECTION('center_axis',(0.,-1.,0.));
#3827=DIRECTION('ref_axis',(-1.,0.,0.));
#3828=DIRECTION('',(-1.,0.,-3.53671311269699E-15));
#3829=DIRECTION('',(0.,0.,-1.));
#3830=DIRECTION('center_axis',(-1.,0.,0.));
#3831=DIRECTION('ref_axis',(0.,1.,0.));
#3832=DIRECTION('',(0.,1.,5.63564987119369E-17));
#3833=DIRECTION('center_axis',(1.,0.,0.));
#3834=DIRECTION('ref_axis',(0.,0.,-1.));
#3835=DIRECTION('',(0.,0.,1.));
#3836=DIRECTION('',(0.,0.,-1.));
#3837=DIRECTION('center_axis',(0.,1.,0.));
#3838=DIRECTION('ref_axis',(1.,0.,0.));
#3839=DIRECTION('',(0.,0.,-1.));
#3840=DIRECTION('center_axis',(-1.,0.,0.));
#3841=DIRECTION('ref_axis',(0.,1.,0.));
#3842=DIRECTION('',(0.,0.,-1.));
#3843=DIRECTION('center_axis',(0.,-1.,0.));
#3844=DIRECTION('ref_axis',(-1.,0.,0.));
#3845=DIRECTION('center_axis',(0.,1.,0.));
#3846=DIRECTION('ref_axis',(0.,0.,1.));
#3847=DIRECTION('',(0.,0.,-1.));
#3848=DIRECTION('',(1.,0.,0.));
#3849=DIRECTION('',(-4.37905770101505E-47,0.,1.));
#3850=DIRECTION('center_axis',(0.,1.,0.));
#3851=DIRECTION('ref_axis',(0.,0.,1.));
#3852=DIRECTION('',(0.,0.,1.));
#3853=DIRECTION('',(4.37905770101505E-47,0.,-1.));
#3854=DIRECTION('',(1.,0.,0.));
#3855=DIRECTION('center_axis',(0.,0.,1.));
#3856=DIRECTION('ref_axis',(1.,0.,0.));
#3857=DIRECTION('',(0.,1.,0.));
#3858=DIRECTION('',(-1.,1.23259516440783E-32,0.));
#3859=DIRECTION('',(-1.23259516440783E-32,-1.,0.));
#3860=DIRECTION('center_axis',(1.,0.,0.));
#3861=DIRECTION('ref_axis',(0.,0.,-1.));
#3862=DIRECTION('',(0.,-6.31721073398918E-17,1.));
#3863=DIRECTION('',(0.,-1.07286913674869E-45,1.));
#3864=DIRECTION('center_axis',(-1.,0.,0.));
#3865=DIRECTION('ref_axis',(0.,0.,1.));
#3866=DIRECTION('',(0.,-1.,0.));
#3867=DIRECTION('',(0.,-1.07286913674869E-45,1.));
#3868=DIRECTION('',(0.,0.,1.));
#3869=DIRECTION('center_axis',(0.,0.,1.));
#3870=DIRECTION('ref_axis',(1.,0.,0.));
#3871=DIRECTION('',(1.23259516440783E-32,1.,0.));
#3872=DIRECTION('',(-1.,1.23259516440783E-32,0.));
#3873=DIRECTION('center_axis',(1.,6.90168057587259E-33,6.12323399573684E-17));
#3874=DIRECTION('ref_axis',(-6.12323399573684E-17,-6.31721073398918E-17,
1.));
#3875=DIRECTION('',(-1.23259516440783E-32,-8.75811540203011E-47,-1.));
#3876=DIRECTION('',(-6.9016805758726E-33,1.,2.03378202127292E-31));
#3877=DIRECTION('',(6.12323399573684E-17,6.31721073398918E-17,-1.));
#3878=DIRECTION('',(-3.9681431662297E-48,1.,-8.75811540203011E-47));
#3879=DIRECTION('',(-6.12323399573684E-17,-6.31721073398918E-17,1.));
#3880=DIRECTION('',(-6.9016805758726E-33,1.,2.03378202127292E-31));
#3881=DIRECTION('',(6.12323399573684E-17,6.31721073398918E-17,-1.));
#3882=DIRECTION('center_axis',(1.,0.,0.));
#3883=DIRECTION('ref_axis',(0.,0.,-1.));
#3884=DIRECTION('',(-6.9016805758726E-33,1.,2.03378202127292E-31));
#3885=DIRECTION('',(-1.23259516440783E-32,-8.75811540203011E-47,-1.));
#3886=DIRECTION('',(0.,-6.31721073398918E-17,1.));
#3887=DIRECTION('',(-6.9016805758726E-33,1.,2.03378202127292E-31));
#3888=DIRECTION('',(-6.12323399573684E-17,-6.31721073398918E-17,1.));
#3889=DIRECTION('',(-3.9681431662297E-48,1.,-8.75811540203011E-47));
#3890=DIRECTION('',(6.12323399573684E-17,6.31721073398918E-17,-1.));
#3891=DIRECTION('center_axis',(6.9016805758726E-33,-1.,-2.03378202127292E-31));
#3892=DIRECTION('ref_axis',(-0.707106781186547,-1.4869033100652E-31,0.707106781186547));
#3893=DIRECTION('',(6.9016805758726E-33,-1.,-2.03378202127292E-31));
#3894=DIRECTION('center_axis',(1.07698565283322E-32,-1.,-6.31721073398918E-17));
#3895=DIRECTION('ref_axis',(-0.707106781186547,-1.4869033100652E-31,0.707106781186547));
#3896=DIRECTION('center_axis',(-1.07698565283322E-32,1.,6.31721073398918E-17));
#3897=DIRECTION('ref_axis',(-0.707106781186547,-1.4869033100652E-31,0.707106781186547));
#3898=DIRECTION('center_axis',(6.12323399573684E-17,2.03378202127292E-31,
-1.));
#3899=DIRECTION('ref_axis',(-6.9016805758726E-33,1.,2.03378202127292E-31));
#3900=DIRECTION('center_axis',(-6.12323399573684E-17,-2.03378202127292E-31,
1.));
#3901=DIRECTION('ref_axis',(0.707106781186547,-0.707106781186547,4.32978028117751E-17));
#3902=DIRECTION('',(1.,6.90168057587259E-33,6.12323399573684E-17));
#3903=DIRECTION('',(1.,6.90168057587259E-33,6.12323399573684E-17));
#3904=DIRECTION('center_axis',(-6.12323399573684E-17,-2.03378202127292E-31,
1.));
#3905=DIRECTION('ref_axis',(0.707106781186547,0.707106781186547,4.32978028117753E-17));
#3906=DIRECTION('',(-6.9016805758726E-33,1.,2.03378202127292E-31));
#3907=DIRECTION('center_axis',(-6.12323399573684E-17,-2.03378202127292E-31,
1.));
#3908=DIRECTION('ref_axis',(-1.,-6.90168057587259E-33,-6.12323399573684E-17));
#3909=DIRECTION('center_axis',(6.12323399573684E-17,6.31721073398918E-17,
-1.));
#3910=DIRECTION('ref_axis',(0.707106781186547,-0.707106781186547,4.32978028117751E-17));
#3911=DIRECTION('center_axis',(6.12323399573684E-17,2.03378202127292E-31,
-1.));
#3912=DIRECTION('ref_axis',(0.707106781186547,-0.707106781186547,4.32978028117751E-17));
#3913=DIRECTION('',(6.12323399573684E-17,6.31721073398918E-17,-1.));
#3914=DIRECTION('',(-6.12323399573684E-17,-6.31721073398918E-17,1.));
#3915=DIRECTION('center_axis',(6.12323399573684E-17,2.03378202127292E-31,
-1.));
#3916=DIRECTION('ref_axis',(6.9016805758726E-33,-1.,-2.03378202127292E-31));
#3917=DIRECTION('',(2.25235715207549E-31,1.,2.03378202127292E-31));
#3918=DIRECTION('',(1.,6.90168057587259E-33,6.12323399573684E-17));
#3919=DIRECTION('',(6.9016805758726E-33,-1.,-2.03378202127292E-31));
#3920=DIRECTION('center_axis',(6.12323399573684E-17,2.03378202127292E-31,
-1.));
#3921=DIRECTION('ref_axis',(0.707106781186547,0.707106781186547,4.32978028117753E-17));
#3922=DIRECTION('',(1.,6.90168057587259E-33,6.12323399573684E-17));
#3923=DIRECTION('center_axis',(6.12323399573684E-17,2.03378202127292E-31,
-1.));
#3924=DIRECTION('ref_axis',(-1.,-6.90168057587259E-33,-6.12323399573684E-17));
#3925=DIRECTION('center_axis',(-1.,2.2523571520755E-31,-4.18032066320433E-15));
#3926=DIRECTION('ref_axis',(4.18032066320433E-15,-3.18241780491674E-31,
-1.));
#3927=DIRECTION('',(1.03525208638089E-32,-1.,-5.63564987119371E-17));
#3928=DIRECTION('',(4.18032066320433E-15,-3.18241780491674E-31,-1.));
#3929=DIRECTION('',(-4.18032066320433E-15,-6.31721073398918E-17,1.));
#3930=DIRECTION('center_axis',(1.03525208638089E-32,-1.,-5.63564987119371E-17));
#3931=DIRECTION('ref_axis',(1.,-3.26795825862792E-31,5.98242180462479E-15));
#3932=DIRECTION('',(1.03525208638089E-32,-1.,-5.63564987119371E-17));
#3933=DIRECTION('center_axis',(-1.71247702496914E-31,1.,2.03378202127291E-31));
#3934=DIRECTION('ref_axis',(1.,1.71247702496913E-31,5.98242180462479E-15));
#3935=DIRECTION('center_axis',(1.07698565283322E-32,-1.,-6.31721073398918E-17));
#3936=DIRECTION('ref_axis',(1.,-3.26795825862792E-31,5.98242180462479E-15));
#3937=DIRECTION('center_axis',(1.41496223752448E-14,-5.63564987119371E-17,
1.));
#3938=DIRECTION('ref_axis',(-1.,-2.22044604925034E-16,1.41496223752448E-14));
#3939=DIRECTION('',(1.03525208638089E-32,-1.,-5.63564987119371E-17));
#3940=DIRECTION('',(-1.,-2.22044604925034E-16,1.41496223752448E-14));
#3941=DIRECTION('',(1.,9.04631320036234E-31,-1.41496223752448E-14));
#3942=DIRECTION('center_axis',(1.03525208638089E-32,-1.,-5.63564987119371E-17));
#3943=DIRECTION('ref_axis',(-1.,1.47112553165052E-31,-2.79408901595776E-15));
#3944=DIRECTION('',(1.03525208638089E-32,-1.,-5.63564987119371E-17));
#3945=DIRECTION('center_axis',(6.9016805758726E-33,-1.,-2.03378202127292E-31));
#3946=DIRECTION('ref_axis',(-1.,-6.90168057587204E-33,-2.79408901595776E-15));
#3947=DIRECTION('center_axis',(-1.07698565283322E-32,1.,6.31721073398918E-17));
#3948=DIRECTION('ref_axis',(-1.,1.47112553165052E-31,-2.79408901595776E-15));
#3949=DIRECTION('center_axis',(5.55111512312587E-17,-1.,1.11022302462517E-16));
#3950=DIRECTION('ref_axis',(-3.03107893082966E-15,1.11022302462517E-16,
1.));
#3951=DIRECTION('center_axis',(1.07698565283322E-32,-1.,-6.31721073398918E-17));
#3952=DIRECTION('ref_axis',(-3.03107893082966E-15,1.11022302462517E-16,
1.));
#3953=DIRECTION('',(-5.55111512312587E-17,1.,-1.11022302462517E-16));
#3954=DIRECTION('center_axis',(-1.07698565283322E-32,1.,6.31721073398918E-17));
#3955=DIRECTION('ref_axis',(-3.03107893082966E-15,1.11022302462517E-16,
1.));
#3956=DIRECTION('center_axis',(5.55111512312587E-17,-1.,1.11022302462517E-16));
#3957=DIRECTION('ref_axis',(-3.03107893082966E-15,1.11022302462517E-16,
1.));
#3958=DIRECTION('center_axis',(1.07698565283322E-32,-1.,-6.31721073398918E-17));
#3959=DIRECTION('ref_axis',(-3.03107893082966E-15,1.11022302462517E-16,
1.));
#3960=DIRECTION('',(-5.55111512312587E-17,1.,-1.11022302462517E-16));
#3961=DIRECTION('center_axis',(-1.07698565283322E-32,1.,6.31721073398918E-17));
#3962=DIRECTION('ref_axis',(-3.03107893082966E-15,1.11022302462517E-16,
1.));
#3963=DIRECTION('center_axis',(6.12323399573684E-17,6.31721073398918E-17,
-1.));
#3964=DIRECTION('ref_axis',(-0.707106781186547,-0.707106781186547,-4.32978028117753E-17));
#3965=DIRECTION('center_axis',(-6.12323399573684E-17,-2.03378202127292E-31,
1.));
#3966=DIRECTION('ref_axis',(-0.707106781186547,-0.707106781186547,-4.32978028117753E-17));
#3967=DIRECTION('',(-6.12323399573684E-17,-6.31721073398918E-17,1.));
#3968=DIRECTION('center_axis',(6.12323399573684E-17,2.03378202127292E-31,
-1.));
#3969=DIRECTION('ref_axis',(-0.707106781186547,-0.707106781186547,-4.32978028117753E-17));
#3970=DIRECTION('',(6.12323399573684E-17,6.31721073398918E-17,-1.));
#3971=DIRECTION('center_axis',(-6.12323399573684E-17,-2.03378202127292E-31,
1.));
#3972=DIRECTION('ref_axis',(6.9016805758726E-33,-1.,-2.03378202127292E-31));
#3973=DIRECTION('',(-1.,-6.90168057587259E-33,-6.12323399573684E-17));
#3974=DIRECTION('',(-2.39039076359294E-31,1.,2.03378202127292E-31));
#3975=DIRECTION('',(-1.,-6.90168057587259E-33,-6.12323399573684E-17));
#3976=DIRECTION('center_axis',(6.12323399573684E-17,2.03378202127292E-31,
-1.));
#3977=DIRECTION('ref_axis',(-0.707106781186547,0.707106781186547,-4.32978028117751E-17));
#3978=DIRECTION('',(6.9016805758726E-33,-1.,-2.03378202127292E-31));
#3979=DIRECTION('center_axis',(-6.12323399573684E-17,-2.03378202127292E-31,
1.));
#3980=DIRECTION('ref_axis',(1.,6.90168057587259E-33,6.12323399573684E-17));
#3981=DIRECTION('center_axis',(-1.,-2.39039076359295E-31,4.05785598328959E-15));
#3982=DIRECTION('ref_axis',(-4.05785598328959E-15,-3.18241780491674E-31,
-1.));
#3983=DIRECTION('',(-4.05785598328959E-15,-3.18241780491674E-31,-1.));
#3984=DIRECTION('',(1.03525208638089E-32,-1.,-5.63564987119371E-17));
#3985=DIRECTION('',(4.05785598328959E-15,-6.31721073398918E-17,1.));
#3986=DIRECTION('center_axis',(-1.03525208638089E-32,1.,5.63564987119371E-17));
#3987=DIRECTION('ref_axis',(1.,1.60915914316797E-31,-2.67162433604302E-15));
#3988=DIRECTION('',(1.03525208638089E-32,-1.,-5.63564987119371E-17));
#3989=DIRECTION('center_axis',(-6.9016805758726E-33,1.,2.03378202127292E-31));
#3990=DIRECTION('ref_axis',(1.,6.90168057587315E-33,-2.67162433604302E-15));
#3991=DIRECTION('',(1.03525208638089E-32,-1.,-5.63564987119371E-17));
#3992=DIRECTION('center_axis',(1.07698565283322E-32,-1.,-6.31721073398918E-17));
#3993=DIRECTION('ref_axis',(1.,1.60915914316797E-31,-2.67162433604302E-15));
#3994=DIRECTION('center_axis',(-1.,-6.90168057587259E-33,-6.12323399573684E-17));
#3995=DIRECTION('ref_axis',(6.12323399573684E-17,2.03378202127292E-31,-1.));
#3996=DIRECTION('',(6.12323399573684E-17,2.03378202127292E-31,-1.));
#3997=DIRECTION('',(1.03525208638089E-32,-1.,-5.63564987119371E-17));
#3998=DIRECTION('',(-6.12323399573684E-17,-6.31721073398918E-17,1.));
#3999=DIRECTION('center_axis',(-1.03525208638089E-32,1.,5.63564987119371E-17));
#4000=DIRECTION('ref_axis',(-1.,-9.03260571855398E-32,1.4190650262095E-15));
#4001=DIRECTION('center_axis',(6.9016805758726E-33,-1.,-2.03378202127292E-31));
#4002=DIRECTION('ref_axis',(-1.,-6.90168057587289E-33,1.4190650262095E-15));
#4003=DIRECTION('',(1.03525208638089E-32,-1.,-5.63564987119371E-17));
#4004=DIRECTION('center_axis',(-1.07698565283322E-32,1.,6.31721073398918E-17));
#4005=DIRECTION('ref_axis',(-1.,-9.03260571855398E-32,1.4190650262095E-15));
#4006=DIRECTION('center_axis',(1.42720870551596E-14,5.63564987119371E-17,
-1.));
#4007=DIRECTION('ref_axis',(1.,-2.22044604925034E-16,1.42720870551596E-14));
#4008=DIRECTION('',(1.03525208638089E-32,-1.,-5.63564987119371E-17));
#4009=DIRECTION('',(1.,-2.22044604925034E-16,1.42720870551596E-14));
#4010=DIRECTION('',(-1.,8.90827958884489E-31,-1.42720870551596E-14));
#4011=DIRECTION('center_axis',(-1.03525208638089E-32,1.,5.63564987119371E-17));
#4012=DIRECTION('ref_axis',(-1.,-3.40599187014537E-31,5.85995712471005E-15));
#4013=DIRECTION('center_axis',(-1.57444341345169E-31,-1.,-2.03378202127291E-31));
#4014=DIRECTION('ref_axis',(-1.,1.57444341345168E-31,5.85995712471005E-15));
#4015=DIRECTION('center_axis',(-1.07698565283322E-32,1.,6.31721073398918E-17));
#4016=DIRECTION('ref_axis',(-1.,-3.40599187014537E-31,5.85995712471005E-15));
#4017=DIRECTION('center_axis',(-6.12323399573684E-17,-2.03378202127292E-31,
1.));
#4018=DIRECTION('ref_axis',(-6.9016805758726E-33,1.,2.03378202127292E-31));
#4019=DIRECTION('',(6.9016805758726E-33,-1.,-2.03378202127292E-31));
#4020=DIRECTION('',(-1.,-6.90168057587259E-33,-6.12323399573684E-17));
#4021=DIRECTION('',(-6.9016805758726E-33,1.,2.03378202127292E-31));
#4022=DIRECTION('center_axis',(-6.12323399573684E-17,-2.03378202127292E-31,
1.));
#4023=DIRECTION('ref_axis',(-0.707106781186547,0.707106781186547,-4.32978028117751E-17));
#4024=DIRECTION('',(-1.,-6.90168057587259E-33,-6.12323399573684E-17));
#4025=DIRECTION('center_axis',(6.12323399573684E-17,2.03378202127292E-31,
-1.));
#4026=DIRECTION('ref_axis',(1.,6.90168057587259E-33,6.12323399573684E-17));
#4027=DIRECTION('center_axis',(-6.9016805758726E-33,1.,2.03378202127292E-31));
#4028=DIRECTION('ref_axis',(0.707106781186547,-1.38929880732954E-31,0.707106781186547));
#4029=DIRECTION('center_axis',(-1.07698565283322E-32,1.,6.31721073398918E-17));
#4030=DIRECTION('ref_axis',(0.707106781186547,-1.38929880732954E-31,0.707106781186547));
#4031=DIRECTION('center_axis',(1.07698565283322E-32,-1.,-6.31721073398918E-17));
#4032=DIRECTION('ref_axis',(0.707106781186547,-1.38929880732954E-31,0.707106781186547));
#4033=DIRECTION('center_axis',(-1.,-6.90168057587259E-33,-6.12323399573684E-17));
#4034=DIRECTION('ref_axis',(6.12323399573684E-17,2.03378202127292E-31,-1.));
#4035=DIRECTION('',(1.03525208638089E-32,-1.,-5.63564987119371E-17));
#4036=DIRECTION('',(6.12323399573684E-17,2.03378202127292E-31,-1.));
#4037=DIRECTION('',(-6.12323399573684E-17,-6.31721073398918E-17,1.));
#4038=DIRECTION('center_axis',(1.03525208638089E-32,-1.,-5.63564987119371E-17));
#4039=DIRECTION('ref_axis',(1.,-7.65226960337946E-32,1.54152970612424E-15));
#4040=DIRECTION('',(1.03525208638089E-32,-1.,-5.63564987119371E-17));
#4041=DIRECTION('center_axis',(-6.9016805758726E-33,1.,2.03378202127292E-31));
#4042=DIRECTION('ref_axis',(1.,6.90168057587229E-33,1.54152970612424E-15));
#4043=DIRECTION('center_axis',(1.07698565283322E-32,-1.,-6.31721073398918E-17));
#4044=DIRECTION('ref_axis',(1.,-7.65226960337946E-32,1.54152970612424E-15));
#4045=DIRECTION('center_axis',(-3.53671311269699E-15,-5.63564987119371E-17,
1.));
#4046=DIRECTION('ref_axis',(-1.,-8.6880503793615E-33,-3.53671311269699E-15));
#4047=DIRECTION('',(1.,5.11531077238369E-33,-3.41424843278226E-15));
#4048=DIRECTION('',(1.,-2.12651763857365E-31,3.53671311269699E-15));
#4049=DIRECTION('center_axis',(0.,-1.,-6.31721073398918E-17));
#4050=DIRECTION('ref_axis',(0.,6.31721073398918E-17,-1.));
#4051=DIRECTION('center_axis',(-1.07698565283322E-32,1.,6.31721073398918E-17));
#4052=DIRECTION('ref_axis',(0.,-6.31721073398918E-17,1.));
#4053=DIRECTION('center_axis',(1.07698565283322E-32,-1.,-6.31721073398918E-17));
#4054=DIRECTION('ref_axis',(0.707106781186547,-1.38929880732954E-31,0.707106781186547));
#4055=DIRECTION('',(-1.,-6.90168057587259E-33,-6.12323399573684E-17));
#4056=DIRECTION('',(6.12323399573684E-17,6.31721073398918E-17,-1.));
#4057=DIRECTION('',(-1.,-6.90168057587259E-33,-6.12323399573684E-17));
#4058=DIRECTION('',(4.05785598328959E-15,-6.31721073398918E-17,1.));
#4059=DIRECTION('center_axis',(-1.07698565283322E-32,1.,6.31721073398918E-17));
#4060=DIRECTION('ref_axis',(-1.,-3.40599187014537E-31,5.85995712471005E-15));
#4061=DIRECTION('',(-1.,8.90827958884489E-31,-1.42720870551596E-14));
#4062=DIRECTION('center_axis',(1.07698565283322E-32,-1.,-6.31721073398918E-17));
#4063=DIRECTION('ref_axis',(1.,1.60915914316797E-31,-2.67162433604302E-15));
#4064=DIRECTION('',(-6.12323399573684E-17,-6.31721073398918E-17,1.));
#4065=DIRECTION('center_axis',(-1.07698565283322E-32,1.,6.31721073398918E-17));
#4066=DIRECTION('ref_axis',(-1.,-9.03260571855398E-32,1.4190650262095E-15));
#4067=DIRECTION('',(1.,-2.12651763857365E-31,3.53671311269699E-15));
#4068=DIRECTION('center_axis',(1.07698565283322E-32,-1.,-6.31721073398918E-17));
#4069=DIRECTION('ref_axis',(1.,-7.65226960337946E-32,1.54152970612424E-15));
#4070=DIRECTION('',(-6.12323399573684E-17,-6.31721073398918E-17,1.));
#4071=DIRECTION('center_axis',(-1.07698565283322E-32,1.,6.31721073398918E-17));
#4072=DIRECTION('ref_axis',(-1.,1.47112553165052E-31,-2.79408901595776E-15));
#4073=DIRECTION('',(1.,9.04631320036234E-31,-1.41496223752448E-14));
#4074=DIRECTION('center_axis',(1.07698565283322E-32,-1.,-6.31721073398918E-17));
#4075=DIRECTION('ref_axis',(1.,-3.26795825862792E-31,5.98242180462479E-15));
#4076=DIRECTION('',(-4.18032066320433E-15,-6.31721073398918E-17,1.));
#4077=DIRECTION('',(1.,6.90168057587259E-33,6.12323399573684E-17));
#4078=DIRECTION('',(-6.12323399573684E-17,-6.31721073398918E-17,1.));
#4079=DIRECTION('',(1.,6.90168057587259E-33,6.12323399573684E-17));
#4080=DIRECTION('center_axis',(-1.07698565283322E-32,1.,6.31721073398918E-17));
#4081=DIRECTION('ref_axis',(-0.707106781186547,-1.4869033100652E-31,0.707106781186547));
#4082=DIRECTION('',(0.,-6.31721073398918E-17,1.));
#4083=DIRECTION('center_axis',(-1.07698565283322E-32,1.,6.31721073398918E-17));
#4084=DIRECTION('ref_axis',(-3.03107893082966E-15,1.11022302462517E-16,
1.));
#4085=DIRECTION('center_axis',(-1.07698565283322E-32,1.,6.31721073398918E-17));
#4086=DIRECTION('ref_axis',(-3.03107893082966E-15,1.11022302462517E-16,
1.));
#4087=DIRECTION('center_axis',(5.55111512312587E-17,-1.,1.11022302462517E-16));
#4088=DIRECTION('ref_axis',(-3.03107893082966E-15,1.11022302462517E-16,
1.));
#4089=DIRECTION('center_axis',(1.07698565283322E-32,-1.,-6.31721073398918E-17));
#4090=DIRECTION('ref_axis',(-3.03107893082966E-15,1.11022302462517E-16,
1.));
#4091=DIRECTION('',(-5.55111512312587E-17,1.,-1.11022302462517E-16));
#4092=DIRECTION('center_axis',(-3.53671311269699E-15,-5.63564987119371E-17,
1.));
#4093=DIRECTION('ref_axis',(-1.,-8.6880503793615E-33,-3.53671311269699E-15));
#4094=DIRECTION('',(1.,5.11531077238369E-33,-3.41424843278226E-15));
#4095=DIRECTION('',(1.03525208638089E-32,-1.,-5.63564987119371E-17));
#4096=DIRECTION('',(1.03525208638089E-32,-1.,-5.63564987119371E-17));
#4097=DIRECTION('center_axis',(6.9016805758726E-33,-1.,-2.03378202127292E-31));
#4098=DIRECTION('ref_axis',(-0.707106781186547,-1.4869033100652E-31,0.707106781186547));
#4099=DIRECTION('',(6.9016805758726E-33,-1.,-2.03378202127292E-31));
#4100=DIRECTION('center_axis',(1.07698565283322E-32,-1.,-6.31721073398918E-17));
#4101=DIRECTION('ref_axis',(-0.707106781186547,-1.4869033100652E-31,0.707106781186547));
#4102=DIRECTION('center_axis',(6.12323399573684E-17,2.03378202127292E-31,
-1.));
#4103=DIRECTION('ref_axis',(-6.9016805758726E-33,1.,2.03378202127292E-31));
#4104=DIRECTION('center_axis',(-6.12323399573684E-17,-2.03378202127292E-31,
1.));
#4105=DIRECTION('ref_axis',(0.707106781186547,0.707106781186547,4.32978028117753E-17));
#4106=DIRECTION('',(-6.9016805758726E-33,1.,2.03378202127292E-31));
#4107=DIRECTION('center_axis',(-6.12323399573684E-17,-2.03378202127292E-31,
1.));
#4108=DIRECTION('ref_axis',(0.707106781186547,-0.707106781186547,4.32978028117751E-17));
#4109=DIRECTION('',(1.,6.90168057587259E-33,6.12323399573684E-17));
#4110=DIRECTION('center_axis',(-6.12323399573684E-17,-2.03378202127292E-31,
1.));
#4111=DIRECTION('ref_axis',(-1.,-6.90168057587259E-33,-6.12323399573684E-17));
#4112=DIRECTION('center_axis',(1.03525208638089E-32,-1.,-5.63564987119371E-17));
#4113=DIRECTION('ref_axis',(1.,-3.26795825862792E-31,5.98242180462479E-15));
#4114=DIRECTION('',(1.03525208638089E-32,-1.,-5.63564987119371E-17));
#4115=DIRECTION('center_axis',(-1.71247702496914E-31,1.,2.03378202127291E-31));
#4116=DIRECTION('ref_axis',(1.,1.71247702496913E-31,5.98242180462479E-15));
#4117=DIRECTION('',(1.03525208638089E-32,-1.,-5.63564987119371E-17));
#4118=DIRECTION('center_axis',(1.41496223752448E-14,-5.63564987119371E-17,
1.));
#4119=DIRECTION('ref_axis',(-1.,-2.22044604925034E-16,1.41496223752448E-14));
#4120=DIRECTION('',(1.03525208638089E-32,-1.,-5.63564987119371E-17));
#4121=DIRECTION('',(-1.,-2.22044604925034E-16,1.41496223752448E-14));
#4122=DIRECTION('center_axis',(1.03525208638089E-32,-1.,-5.63564987119371E-17));
#4123=DIRECTION('ref_axis',(1.,-7.65226960337946E-32,1.54152970612424E-15));
#4124=DIRECTION('center_axis',(-6.9016805758726E-33,1.,2.03378202127292E-31));
#4125=DIRECTION('ref_axis',(1.,6.90168057587229E-33,1.54152970612424E-15));
#4126=DIRECTION('',(1.03525208638089E-32,-1.,-5.63564987119371E-17));
#4127=DIRECTION('center_axis',(-1.,-6.90168057587259E-33,-6.12323399573684E-17));
#4128=DIRECTION('ref_axis',(6.12323399573684E-17,2.03378202127292E-31,-1.));
#4129=DIRECTION('',(6.12323399573684E-17,2.03378202127292E-31,-1.));
#4130=DIRECTION('',(1.03525208638089E-32,-1.,-5.63564987119371E-17));
#4131=DIRECTION('center_axis',(1.03525208638089E-32,-1.,-5.63564987119371E-17));
#4132=DIRECTION('ref_axis',(-1.,1.47112553165052E-31,-2.79408901595776E-15));
#4133=DIRECTION('center_axis',(6.9016805758726E-33,-1.,-2.03378202127292E-31));
#4134=DIRECTION('ref_axis',(-1.,-6.90168057587204E-33,-2.79408901595776E-15));
#4135=DIRECTION('center_axis',(-1.,2.2523571520755E-31,-4.18032066320433E-15));
#4136=DIRECTION('ref_axis',(4.18032066320433E-15,-3.18241780491674E-31,
-1.));
#4137=DIRECTION('',(2.25235715207549E-31,1.,2.03378202127292E-31));
#4138=DIRECTION('',(4.18032066320433E-15,-3.18241780491674E-31,-1.));
#4139=DIRECTION('center_axis',(6.12323399573684E-17,2.03378202127292E-31,
-1.));
#4140=DIRECTION('ref_axis',(-1.,-6.90168057587259E-33,-6.12323399573684E-17));
#4141=DIRECTION('center_axis',(6.12323399573684E-17,2.03378202127292E-31,
-1.));
#4142=DIRECTION('ref_axis',(-1.,-6.90168057587259E-33,-6.12323399573684E-17));
#4143=DIRECTION('',(6.12323399573684E-17,2.03378202127292E-31,-1.));
#4144=DIRECTION('center_axis',(-6.9016805758726E-33,1.,2.03378202127292E-31));
#4145=DIRECTION('ref_axis',(0.707106781186547,-1.38929880732954E-31,0.707106781186547));
#4146=DIRECTION('center_axis',(-1.07698565283322E-32,1.,6.31721073398918E-17));
#4147=DIRECTION('ref_axis',(0.707106781186547,-1.38929880732954E-31,0.707106781186547));
#4148=DIRECTION('',(6.9016805758726E-33,-1.,-2.03378202127292E-31));
#4149=DIRECTION('center_axis',(-6.12323399573684E-17,-2.03378202127292E-31,
1.));
#4150=DIRECTION('ref_axis',(-6.9016805758726E-33,1.,2.03378202127292E-31));
#4151=DIRECTION('center_axis',(-6.12323399573684E-17,-2.03378202127292E-31,
1.));
#4152=DIRECTION('ref_axis',(-0.707106781186547,-0.707106781186547,-4.32978028117753E-17));
#4153=DIRECTION('',(-6.9016805758726E-33,1.,2.03378202127292E-31));
#4154=DIRECTION('center_axis',(-6.12323399573684E-17,-2.03378202127292E-31,
1.));
#4155=DIRECTION('ref_axis',(-0.707106781186547,0.707106781186547,-4.32978028117751E-17));
#4156=DIRECTION('',(-1.,-6.90168057587259E-33,-6.12323399573684E-17));
#4157=DIRECTION('center_axis',(6.12323399573684E-17,2.03378202127292E-31,
-1.));
#4158=DIRECTION('ref_axis',(1.,6.90168057587259E-33,6.12323399573684E-17));
#4159=DIRECTION('center_axis',(-1.03525208638089E-32,1.,5.63564987119371E-17));
#4160=DIRECTION('ref_axis',(-1.,-3.40599187014537E-31,5.85995712471005E-15));
#4161=DIRECTION('',(1.03525208638089E-32,-1.,-5.63564987119371E-17));
#4162=DIRECTION('',(1.03525208638089E-32,-1.,-5.63564987119371E-17));
#4163=DIRECTION('center_axis',(-1.57444341345169E-31,-1.,-2.03378202127291E-31));
#4164=DIRECTION('ref_axis',(-1.,1.57444341345168E-31,5.85995712471005E-15));
#4165=DIRECTION('center_axis',(1.42720870551596E-14,5.63564987119371E-17,
-1.));
#4166=DIRECTION('ref_axis',(1.,-2.22044604925034E-16,1.42720870551596E-14));
#4167=DIRECTION('',(1.03525208638089E-32,-1.,-5.63564987119371E-17));
#4168=DIRECTION('',(1.,-2.22044604925034E-16,1.42720870551596E-14));
#4169=DIRECTION('center_axis',(-1.03525208638089E-32,1.,5.63564987119371E-17));
#4170=DIRECTION('ref_axis',(-1.,-9.03260571855398E-32,1.4190650262095E-15));
#4171=DIRECTION('',(1.03525208638089E-32,-1.,-5.63564987119371E-17));
#4172=DIRECTION('center_axis',(6.9016805758726E-33,-1.,-2.03378202127292E-31));
#4173=DIRECTION('ref_axis',(-1.,-6.90168057587289E-33,1.4190650262095E-15));
#4174=DIRECTION('center_axis',(-1.,-6.90168057587259E-33,-6.12323399573684E-17));
#4175=DIRECTION('ref_axis',(6.12323399573684E-17,2.03378202127292E-31,-1.));
#4176=DIRECTION('',(1.03525208638089E-32,-1.,-5.63564987119371E-17));
#4177=DIRECTION('',(6.12323399573684E-17,2.03378202127292E-31,-1.));
#4178=DIRECTION('center_axis',(-1.03525208638089E-32,1.,5.63564987119371E-17));
#4179=DIRECTION('ref_axis',(1.,1.60915914316797E-31,-2.67162433604302E-15));
#4180=DIRECTION('center_axis',(-6.9016805758726E-33,1.,2.03378202127292E-31));
#4181=DIRECTION('ref_axis',(1.,6.90168057587315E-33,-2.67162433604302E-15));
#4182=DIRECTION('center_axis',(-1.,-2.39039076359295E-31,4.05785598328959E-15));
#4183=DIRECTION('ref_axis',(-4.05785598328959E-15,-3.18241780491674E-31,
-1.));
#4184=DIRECTION('',(-2.39039076359294E-31,1.,2.03378202127292E-31));
#4185=DIRECTION('',(-4.05785598328959E-15,-3.18241780491674E-31,-1.));
#4186=DIRECTION('center_axis',(-6.12323399573684E-17,-2.03378202127292E-31,
1.));
#4187=DIRECTION('ref_axis',(1.,6.90168057587259E-33,6.12323399573684E-17));
#4188=DIRECTION('center_axis',(-6.12323399573684E-17,-2.03378202127292E-31,
1.));
#4189=DIRECTION('ref_axis',(1.,6.90168057587259E-33,6.12323399573684E-17));
#4190=DIRECTION('',(6.12323399573684E-17,2.03378202127292E-31,-1.));
#4191=DIRECTION('center_axis',(5.55111512312587E-17,-1.,1.11022302462517E-16));
#4192=DIRECTION('ref_axis',(-3.03107893082966E-15,1.11022302462517E-16,
1.));
#4193=DIRECTION('center_axis',(1.07698565283322E-32,-1.,-6.31721073398918E-17));
#4194=DIRECTION('ref_axis',(-3.03107893082966E-15,1.11022302462517E-16,
1.));
#4195=DIRECTION('',(-5.55111512312587E-17,1.,-1.11022302462517E-16));
#4196=DIRECTION('center_axis',(-1.07698565283322E-32,1.,6.31721073398918E-17));
#4197=DIRECTION('ref_axis',(1.,6.90168057587259E-33,6.12323399573684E-17));
#4198=DIRECTION('',(-6.12323399573684E-17,-6.31721073398918E-17,1.));
#4199=DIRECTION('',(-1.,6.31721073398915E-17,-6.12323399573684E-17));
#4200=DIRECTION('',(6.12323399573684E-17,6.31721073398918E-17,-1.));
#4201=DIRECTION('',(1.,6.90168057587259E-33,6.12323399573684E-17));
#4202=DIRECTION('',(-1.,-6.90168057587259E-33,-6.12323399573684E-17));
#4203=DIRECTION('center_axis',(6.12323399573684E-17,6.31721073398918E-17,
-1.));
#4204=DIRECTION('ref_axis',(0.707106781186547,-0.707106781186547,4.32978028117751E-17));
#4205=DIRECTION('',(-6.12323399573684E-17,-6.31721073398918E-17,1.));
#4206=DIRECTION('center_axis',(6.12323399573684E-17,2.03378202127292E-31,
-1.));
#4207=DIRECTION('ref_axis',(0.707106781186547,-0.707106781186547,4.32978028117751E-17));
#4208=DIRECTION('center_axis',(6.12323399573684E-17,2.03378202127292E-31,
-1.));
#4209=DIRECTION('ref_axis',(6.9016805758726E-33,-1.,-2.03378202127292E-31));
#4210=DIRECTION('center_axis',(6.12323399573684E-17,2.03378202127292E-31,
-1.));
#4211=DIRECTION('ref_axis',(0.707106781186547,0.707106781186547,4.32978028117753E-17));
#4212=DIRECTION('',(6.9016805758726E-33,-1.,-2.03378202127292E-31));
#4213=DIRECTION('center_axis',(1.,6.90168057587259E-33,6.12323399573684E-17));
#4214=DIRECTION('ref_axis',(6.12323399573684E-17,2.03378202127292E-31,-1.));
#4215=DIRECTION('',(6.12323399573684E-17,6.31721073398918E-17,-1.));
#4216=DIRECTION('center_axis',(-6.12323399573684E-17,-6.31721073398918E-17,
1.));
#4217=DIRECTION('ref_axis',(0.707106781186547,0.707106781186547,4.32978028117753E-17));
#4218=DIRECTION('center_axis',(-6.12323399573684E-17,-6.31721073398918E-17,
1.));
#4219=DIRECTION('ref_axis',(-0.707106781186547,0.707106781186547,-4.32978028117751E-17));
#4220=DIRECTION('center_axis',(6.12323399573684E-17,2.03378202127292E-31,
-1.));
#4221=DIRECTION('ref_axis',(-0.707106781186547,0.707106781186547,-4.32978028117751E-17));
#4222=DIRECTION('',(-6.12323399573684E-17,-6.31721073398918E-17,1.));
#4223=DIRECTION('center_axis',(-6.12323399573684E-17,-2.03378202127292E-31,
1.));
#4224=DIRECTION('ref_axis',(6.9016805758726E-33,-1.,-2.03378202127292E-31));
#4225=DIRECTION('center_axis',(6.12323399573684E-17,2.03378202127292E-31,
-1.));
#4226=DIRECTION('ref_axis',(-0.707106781186547,-0.707106781186547,-4.32978028117753E-17));
#4227=DIRECTION('',(6.9016805758726E-33,-1.,-2.03378202127292E-31));
#4228=DIRECTION('center_axis',(1.,6.90168057587259E-33,6.12323399573684E-17));
#4229=DIRECTION('ref_axis',(6.12323399573684E-17,2.03378202127292E-31,-1.));
#4230=DIRECTION('',(6.12323399573684E-17,6.31721073398918E-17,-1.));
#4231=DIRECTION('center_axis',(6.12323399573684E-17,6.31721073398918E-17,
-1.));
#4232=DIRECTION('ref_axis',(-0.707106781186547,-0.707106781186547,-4.32978028117753E-17));
#4233=DIRECTION('center_axis',(1.,6.90168057587259E-33,6.12323399573684E-17));
#4234=DIRECTION('ref_axis',(6.12323399573684E-17,2.03378202127292E-31,-1.));
#4235=DIRECTION('',(6.12323399573684E-17,6.31721073398918E-17,-1.));
#4236=DIRECTION('center_axis',(6.12323399573684E-17,2.03378202127292E-31,
-1.));
#4237=DIRECTION('ref_axis',(-1.,-6.90168057587259E-33,-6.12323399573684E-17));
#4238=DIRECTION('',(6.12323399573684E-17,2.03378202127292E-31,-1.));
#4239=DIRECTION('center_axis',(-6.12323399573684E-17,-2.03378202127292E-31,
1.));
#4240=DIRECTION('ref_axis',(1.,6.90168057587259E-33,6.12323399573684E-17));
#4241=DIRECTION('',(6.12323399573684E-17,2.03378202127292E-31,-1.));
#4242=DIRECTION('center_axis',(-6.12323399573684E-17,-6.31721073398918E-17,
1.));
#4243=DIRECTION('ref_axis',(-0.707106781186547,0.707106781186547,-4.32978028117751E-17));
#4244=DIRECTION('',(6.12323399573684E-17,6.31721073398918E-17,-1.));
#4245=DIRECTION('',(-6.12323399573684E-17,-6.31721073398918E-17,1.));
#4246=DIRECTION('center_axis',(1.,6.90168057587259E-33,6.12323399573684E-17));
#4247=DIRECTION('ref_axis',(6.12323399573684E-17,2.03378202127292E-31,-1.));
#4248=DIRECTION('center_axis',(-6.12323399573684E-17,-6.31721073398918E-17,
1.));
#4249=DIRECTION('ref_axis',(0.707106781186547,0.707106781186547,4.32978028117753E-17));
#4250=DIRECTION('',(-6.12323399573684E-17,-6.31721073398918E-17,1.));
#4251=DIRECTION('center_axis',(-1.07698565283322E-32,1.,6.31721073398918E-17));
#4252=DIRECTION('ref_axis',(1.,6.90168057587259E-33,6.12323399573684E-17));
#4253=DIRECTION('',(-1.,-6.90168057587259E-33,-6.12323399573684E-17));
#4254=DIRECTION('center_axis',(-6.12323399573684E-17,8.75811540203011E-47,
1.));
#4255=DIRECTION('ref_axis',(1.,6.9016805758726E-33,6.12323399573684E-17));
#4256=DIRECTION('center_axis',(1.23259516440783E-32,1.,1.07286913674869E-45));
#4257=DIRECTION('ref_axis',(0.,-1.07286913674869E-45,1.));
#4258=DIRECTION('',(4.37905770101505E-47,1.07286913674869E-45,-1.));
#4259=DIRECTION('center_axis',(1.,8.37937343254644E-65,6.12323399573684E-17));
#4260=DIRECTION('ref_axis',(6.12323399573684E-17,-1.23259516440772E-32,
-1.));
#4261=DIRECTION('',(-6.12323399573684E-17,-6.31721073398916E-17,1.));
#4262=DIRECTION('',(7.54746861368222E-49,1.,-1.23259516440772E-32));
#4263=DIRECTION('',(6.12323399573684E-17,6.31721073398916E-17,-1.));
#4264=DIRECTION('',(-7.54746861368222E-49,-1.,1.23259516440772E-32));
#4265=DIRECTION('center_axis',(6.12323399573684E-17,-1.23259516440772E-32,
-1.));
#4266=DIRECTION('ref_axis',(-7.54746861368222E-49,-1.,1.23259516440772E-32));
#4267=DIRECTION('center_axis',(6.12323399573684E-17,-1.23259516440772E-32,
-1.));
#4268=DIRECTION('ref_axis',(0.707106781186547,0.707106781186547,4.32978028117752E-17));
#4269=DIRECTION('',(-1.,-8.37937343254644E-65,-6.12323399573684E-17));
#4270=DIRECTION('',(2.32137395783422E-31,1.,-1.23259516440772E-32));
#4271=DIRECTION('',(1.,8.37937343254644E-65,6.12323399573684E-17));
#4272=DIRECTION('center_axis',(6.12323399573684E-17,-1.23259516440772E-32,
-1.));
#4273=DIRECTION('ref_axis',(0.707106781186547,-0.707106781186547,4.32978028117752E-17));
#4274=DIRECTION('',(-7.54746861368222E-49,-1.,1.23259516440772E-32));
#4275=DIRECTION('center_axis',(6.12323399573684E-17,-1.23259516440772E-32,
-1.));
#4276=DIRECTION('ref_axis',(7.54746861368288E-49,1.,-1.23259516440772E-32));
#4277=DIRECTION('center_axis',(6.12323399573684E-17,-1.23259516440772E-32,
-1.));
#4278=DIRECTION('ref_axis',(-1.,-8.37937343254644E-65,-6.12323399573684E-17));
#4279=DIRECTION('center_axis',(-6.12323399573684E-17,-6.31721073398916E-17,
1.));
#4280=DIRECTION('ref_axis',(0.707106781186547,0.707106781186547,4.32978028117752E-17));
#4281=DIRECTION('center_axis',(-6.12323399573684E-17,1.23259516440772E-32,
1.));
#4282=DIRECTION('ref_axis',(0.707106781186547,0.707106781186547,4.32978028117752E-17));
#4283=DIRECTION('',(-6.12323399573684E-17,-6.31721073398916E-17,1.));
#4284=DIRECTION('',(6.12323399573684E-17,6.31721073398916E-17,-1.));
#4285=DIRECTION('center_axis',(-3.86817595245961E-33,1.,6.31721073398916E-17));
#4286=DIRECTION('ref_axis',(1.,8.37937343254644E-65,6.12323399573684E-17));
#4287=DIRECTION('',(-6.12323399573684E-17,-6.31721073398916E-17,1.));
#4288=DIRECTION('center_axis',(3.86817595245961E-33,-1.,-6.31721073398916E-17));
#4289=DIRECTION('ref_axis',(-0.707106781186547,8.71576399210449E-33,0.707106781186547));
#4290=DIRECTION('',(1.,8.37937343254644E-65,6.12323399573684E-17));
#4291=DIRECTION('',(6.12323399573684E-17,6.31721073398916E-17,-1.));
#4292=DIRECTION('',(4.18032066320433E-15,-5.33945934263044E-31,-1.));
#4293=DIRECTION('center_axis',(-1.64346021921042E-31,1.,-1.23259516440782E-32));
#4294=DIRECTION('ref_axis',(1.,1.64346021921042E-31,5.98242180462479E-15));
#4295=DIRECTION('',(-1.,-2.22044604925034E-16,1.41496223752448E-14));
#4296=DIRECTION('center_axis',(-7.54746861368222E-49,-1.,1.23259516440772E-32));
#4297=DIRECTION('ref_axis',(-1.,-3.36850592385745E-47,-2.79408901595776E-15));
#4298=DIRECTION('',(6.12323399573684E-17,-1.23259516440772E-32,-1.));
#4299=DIRECTION('center_axis',(7.54746861368222E-49,1.,-1.23259516440772E-32));
#4300=DIRECTION('ref_axis',(1.,1.82460737542278E-47,1.54152970612424E-15));
#4301=DIRECTION('',(1.,-1.78636980348965E-33,-3.41424843278226E-15));
#4302=DIRECTION('center_axis',(-7.54746861368222E-49,-1.,1.23259516440772E-32));
#4303=DIRECTION('ref_axis',(-1.,1.82460737542278E-47,1.4190650262095E-15));
#4304=DIRECTION('',(6.12323399573684E-17,-1.23259516440772E-32,-1.));
#4305=DIRECTION('center_axis',(7.54746861368222E-49,1.,-1.23259516440772E-32));
#4306=DIRECTION('ref_axis',(1.,-3.36850592385745E-47,-2.67162433604302E-15));
#4307=DIRECTION('',(1.,-2.22044604925034E-16,1.42720870551596E-14));
#4308=DIRECTION('center_axis',(-1.64346021921042E-31,-1.,1.23259516440782E-32));
#4309=DIRECTION('ref_axis',(-1.,1.64346021921042E-31,5.85995712471005E-15));
#4310=DIRECTION('',(-4.05785598328959E-15,-5.33945934263044E-31,-1.));
#4311=DIRECTION('',(-1.,-8.37937343254644E-65,-6.12323399573684E-17));
#4312=DIRECTION('',(-6.12323399573684E-17,-6.31721073398916E-17,1.));
#4313=DIRECTION('',(-1.,-8.37937343254644E-65,-6.12323399573684E-17));
#4314=DIRECTION('center_axis',(-3.86817595245961E-33,1.,6.31721073398916E-17));
#4315=DIRECTION('ref_axis',(0.707106781186547,8.71576399210449E-33,0.707106781186547));
#4316=DIRECTION('',(-6.12323399573684E-17,-6.31721073398916E-17,1.));
#4317=DIRECTION('center_axis',(3.86817595245961E-33,-1.,-6.31721073398916E-17));
#4318=DIRECTION('ref_axis',(-3.03107893082966E-15,1.11022302462517E-16,
1.));
#4319=DIRECTION('center_axis',(3.86817595245961E-33,-1.,-6.31721073398916E-17));
#4320=DIRECTION('ref_axis',(-3.03107893082966E-15,1.11022302462517E-16,
1.));
#4321=DIRECTION('center_axis',(1.,8.37937343254644E-65,6.12323399573684E-17));
#4322=DIRECTION('ref_axis',(-6.12323399573684E-17,-6.31721073398916E-17,
1.));
#4323=DIRECTION('',(0.,0.,-1.));
#4324=DIRECTION('',(7.54746861368222E-49,1.,-1.23259516440772E-32));
#4325=DIRECTION('',(6.12323399573684E-17,6.31721073398916E-17,-1.));
#4326=DIRECTION('',(7.54746861368222E-49,1.,-1.23259516440772E-32));
#4327=DIRECTION('',(-6.12323399573684E-17,-6.31721073398916E-17,1.));
#4328=DIRECTION('center_axis',(6.12323399573684E-17,-1.23259516440772E-32,
-1.));
#4329=DIRECTION('ref_axis',(7.54746861368222E-49,1.,-1.23259516440772E-32));
#4330=DIRECTION('center_axis',(-6.12323399573684E-17,1.23259516440772E-32,
1.));
#4331=DIRECTION('ref_axis',(0.707106781186547,-0.707106781186547,4.32978028117752E-17));
#4332=DIRECTION('',(-7.54746861368222E-49,-1.,1.23259516440772E-32));
#4333=DIRECTION('',(1.,8.37937343254644E-65,6.12323399573684E-17));
#4334=DIRECTION('',(7.54746861368222E-49,1.,-1.23259516440772E-32));
#4335=DIRECTION('center_axis',(-6.12323399573684E-17,1.23259516440772E-32,
1.));
#4336=DIRECTION('ref_axis',(7.54746861368288E-49,1.,-1.23259516440772E-32));
#4337=DIRECTION('center_axis',(-6.12323399573684E-17,1.23259516440772E-32,
1.));
#4338=DIRECTION('ref_axis',(-1.,-8.37937343254644E-65,-6.12323399573684E-17));
#4339=DIRECTION('center_axis',(6.12323399573684E-17,6.31721073398916E-17,
-1.));
#4340=DIRECTION('ref_axis',(0.707106781186547,-0.707106781186547,4.32978028117752E-17));
#4341=DIRECTION('',(-6.12323399573684E-17,-6.31721073398916E-17,1.));
#4342=DIRECTION('center_axis',(6.12323399573684E-17,6.31721073398916E-17,
-1.));
#4343=DIRECTION('ref_axis',(-0.707106781186547,-0.707106781186547,-4.32978028117752E-17));
#4344=DIRECTION('center_axis',(-6.12323399573684E-17,1.23259516440772E-32,
1.));
#4345=DIRECTION('ref_axis',(-0.707106781186547,-0.707106781186547,-4.32978028117752E-17));
#4346=DIRECTION('center_axis',(6.12323399573684E-17,-1.23259516440772E-32,
-1.));
#4347=DIRECTION('ref_axis',(-0.707106781186547,-0.707106781186547,-4.32978028117752E-17));
#4348=DIRECTION('',(6.12323399573684E-17,6.31721073398916E-17,-1.));
#4349=DIRECTION('center_axis',(1.,8.37937343254644E-65,6.12323399573684E-17));
#4350=DIRECTION('ref_axis',(6.12323399573684E-17,-1.23259516440772E-32,
-1.));
#4351=DIRECTION('',(-7.54746861368222E-49,-1.,1.23259516440772E-32));
#4352=DIRECTION('',(-6.12323399573684E-17,-6.31721073398916E-17,1.));
#4353=DIRECTION('',(7.54746861368222E-49,1.,-1.23259516440772E-32));
#4354=DIRECTION('center_axis',(-6.12323399573684E-17,1.23259516440772E-32,
1.));
#4355=DIRECTION('ref_axis',(-7.54746861368222E-49,-1.,1.23259516440772E-32));
#4356=DIRECTION('',(-2.32137395783422E-31,1.,-1.23259516440773E-32));
#4357=DIRECTION('',(-1.,-8.37937343254644E-65,-6.12323399573684E-17));
#4358=DIRECTION('center_axis',(6.12323399573684E-17,-1.23259516440772E-32,
-1.));
#4359=DIRECTION('ref_axis',(-0.707106781186547,0.707106781186547,-4.32978028117752E-17));
#4360=DIRECTION('center_axis',(6.12323399573684E-17,-1.23259516440772E-32,
-1.));
#4361=DIRECTION('ref_axis',(4.92643991364194E-47,1.,3.90987294733487E-48));
#4362=DIRECTION('center_axis',(-6.12323399573684E-17,1.23259516440772E-32,
1.));
#4363=DIRECTION('ref_axis',(1.,8.37937343254644E-65,6.12323399573684E-17));
#4364=DIRECTION('center_axis',(6.12323399573684E-17,6.31721073398916E-17,
-1.));
#4365=DIRECTION('ref_axis',(-0.707106781186547,0.707106781186547,-4.32978028117752E-17));
#4366=DIRECTION('center_axis',(-6.12323399573684E-17,1.23259516440772E-32,
1.));
#4367=DIRECTION('ref_axis',(-0.707106781186547,0.707106781186547,-4.32978028117752E-17));
#4368=DIRECTION('',(6.12323399573684E-17,6.31721073398916E-17,-1.));
#4369=DIRECTION('center_axis',(-1.23259516440783E-32,5.47382212626882E-48,
-1.));
#4370=DIRECTION('ref_axis',(-1.22464679914735E-16,-1.,-5.52827758246621E-48));
#4371=DIRECTION('',(-1.23259516440783E-32,5.47382212626882E-48,-1.));
#4372=DIRECTION('',(1.23259516440783E-32,-5.47382212626882E-48,1.));
#4373=DIRECTION('center_axis',(-6.12323399573684E-17,1.23259516440772E-32,
1.));
#4374=DIRECTION('ref_axis',(4.92643991364194E-47,1.,3.90987294733487E-48));
#4375=DIRECTION('center_axis',(-6.12323399573684E-17,1.23259516440772E-32,
1.));
#4376=DIRECTION('ref_axis',(6.12323399573677E-17,1.,0.));
#4377=DIRECTION('center_axis',(6.12323399573684E-17,-1.23259516440772E-32,
-1.));
#4378=DIRECTION('ref_axis',(1.,8.37937343254644E-65,6.12323399573684E-17));
#4379=DIRECTION('center_axis',(6.12323399573684E-17,-1.23259516440772E-32,
-1.));
#4380=DIRECTION('ref_axis',(-1.32002116155871E-14,-1.,-7.95953893510759E-31));
#4381=DIRECTION('',(-6.12323399573684E-17,1.23259516440772E-32,1.));
#4382=DIRECTION('',(6.12323399573684E-17,-1.23259516440772E-32,-1.));
#4383=DIRECTION('center_axis',(-7.54746861368222E-49,-1.,1.23259516440772E-32));
#4384=DIRECTION('ref_axis',(-0.707106781186547,8.71576399210449E-33,0.707106781186547));
#4385=DIRECTION('center_axis',(-3.86817595245961E-33,1.,6.31721073398916E-17));
#4386=DIRECTION('ref_axis',(-0.707106781186547,8.71576399210449E-33,0.707106781186547));
#4387=DIRECTION('center_axis',(-1.,2.32137395783422E-31,-4.18032066320433E-15));
#4388=DIRECTION('ref_axis',(4.18032066320433E-15,-5.33945934263044E-31,
-1.));
#4389=DIRECTION('',(4.18032066320433E-15,6.31721073398916E-17,-1.));
#4390=DIRECTION('',(3.45084028793632E-33,-1.,-5.63564987119369E-17));
#4391=DIRECTION('center_axis',(3.45084028793632E-33,-1.,-5.63564987119369E-17));
#4392=DIRECTION('ref_axis',(1.,-3.33697506438663E-31,5.98242180462479E-15));
#4393=DIRECTION('center_axis',(-3.86817595245961E-33,1.,6.31721073398916E-17));
#4394=DIRECTION('ref_axis',(1.,-3.33697506438663E-31,5.98242180462479E-15));
#4395=DIRECTION('',(3.45084028793632E-33,-1.,-5.63564987119369E-17));
#4396=DIRECTION('center_axis',(1.41496223752448E-14,-5.63564987119369E-17,
1.));
#4397=DIRECTION('ref_axis',(-1.,-2.22044604925034E-16,1.41496223752448E-14));
#4398=DIRECTION('',(-1.,-8.97729639460358E-31,1.41496223752448E-14));
#4399=DIRECTION('',(3.45084028793632E-33,-1.,-5.63564987119369E-17));
#4400=DIRECTION('center_axis',(3.45084028793632E-33,-1.,-5.63564987119369E-17));
#4401=DIRECTION('ref_axis',(-1.,1.54014233740924E-31,-2.79408901595776E-15));
#4402=DIRECTION('center_axis',(3.86817595245961E-33,-1.,-6.31721073398916E-17));
#4403=DIRECTION('ref_axis',(-1.,1.54014233740924E-31,-2.79408901595776E-15));
#4404=DIRECTION('',(3.45084028793632E-33,-1.,-5.63564987119369E-17));
#4405=DIRECTION('center_axis',(-1.,-8.37937343254644E-65,-6.12323399573684E-17));
#4406=DIRECTION('ref_axis',(6.12323399573684E-17,-1.23259516440772E-32,
-1.));
#4407=DIRECTION('',(6.12323399573684E-17,6.31721073398916E-17,-1.));
#4408=DIRECTION('',(3.45084028793632E-33,-1.,-5.63564987119369E-17));
#4409=DIRECTION('center_axis',(3.45084028793632E-33,-1.,-5.63564987119369E-17));
#4410=DIRECTION('ref_axis',(1.,-8.34243766096668E-32,1.54152970612424E-15));
#4411=DIRECTION('center_axis',(-3.86817595245961E-33,1.,6.31721073398916E-17));
#4412=DIRECTION('ref_axis',(1.,-8.34243766096668E-32,1.54152970612424E-15));
#4413=DIRECTION('',(3.45084028793632E-33,-1.,-5.63564987119369E-17));
#4414=DIRECTION('center_axis',(-3.53671311269699E-15,-5.63564987119369E-17,
1.));
#4415=DIRECTION('ref_axis',(-1.,-1.78636980348965E-33,-3.53671311269699E-15));
#4416=DIRECTION('',(-1.,2.19553444433237E-31,-3.53671311269699E-15));
#4417=DIRECTION('',(3.45084028793632E-33,-1.,-5.63564987119369E-17));
#4418=DIRECTION('center_axis',(5.55111512312587E-17,-1.,1.11022302462517E-16));
#4419=DIRECTION('ref_axis',(-3.03107893082966E-15,1.11022302462517E-16,
1.));
#4420=DIRECTION('',(-5.55111512312587E-17,1.,-1.11022302462517E-16));
#4421=DIRECTION('center_axis',(-3.86817595245961E-33,1.,6.31721073398916E-17));
#4422=DIRECTION('ref_axis',(-3.03107893082966E-15,1.11022302462517E-16,
1.));
#4423=DIRECTION('center_axis',(-1.,-2.32137395783422E-31,4.05785598328959E-15));
#4424=DIRECTION('ref_axis',(-4.05785598328959E-15,-5.33945934263044E-31,
-1.));
#4425=DIRECTION('',(4.05785598328959E-15,-6.31721073398916E-17,1.));
#4426=DIRECTION('',(3.45084028793632E-33,-1.,-5.63564987119369E-17));
#4427=DIRECTION('center_axis',(-3.45084028793632E-33,1.,5.63564987119369E-17));
#4428=DIRECTION('ref_axis',(1.,1.54014233740924E-31,-2.67162433604302E-15));
#4429=DIRECTION('center_axis',(3.86817595245961E-33,-1.,-6.31721073398916E-17));
#4430=DIRECTION('ref_axis',(1.,1.54014233740924E-31,-2.67162433604302E-15));
#4431=DIRECTION('',(3.45084028793632E-33,-1.,-5.63564987119369E-17));
#4432=DIRECTION('',(3.45084028793632E-33,-1.,-5.63564987119369E-17));
#4433=DIRECTION('center_axis',(-1.,-8.37937343254644E-65,-6.12323399573684E-17));
#4434=DIRECTION('ref_axis',(6.12323399573684E-17,-1.23259516440772E-32,
-1.));
#4435=DIRECTION('',(-6.12323399573684E-17,-6.31721073398916E-17,1.));
#4436=DIRECTION('',(3.45084028793632E-33,-1.,-5.63564987119369E-17));
#4437=DIRECTION('center_axis',(-3.45084028793632E-33,1.,5.63564987119369E-17));
#4438=DIRECTION('ref_axis',(-1.,-8.34243766096668E-32,1.4190650262095E-15));
#4439=DIRECTION('center_axis',(-3.86817595245961E-33,1.,6.31721073398916E-17));
#4440=DIRECTION('ref_axis',(-1.,-8.34243766096668E-32,1.4190650262095E-15));
#4441=DIRECTION('center_axis',(1.42720870551596E-14,5.63564987119369E-17,
-1.));
#4442=DIRECTION('ref_axis',(1.,-2.22044604925034E-16,1.42720870551596E-14));
#4443=DIRECTION('',(-1.,8.97729639460358E-31,-1.42720870551596E-14));
#4444=DIRECTION('',(3.45084028793632E-33,-1.,-5.63564987119369E-17));
#4445=DIRECTION('center_axis',(-3.45084028793632E-33,1.,5.63564987119369E-17));
#4446=DIRECTION('ref_axis',(-1.,-3.33697506438663E-31,5.85995712471005E-15));
#4447=DIRECTION('center_axis',(-3.86817595245961E-33,1.,6.31721073398916E-17));
#4448=DIRECTION('ref_axis',(-1.,-3.33697506438663E-31,5.85995712471005E-15));
#4449=DIRECTION('center_axis',(1.,8.37937343254644E-65,6.12323399573684E-17));
#4450=DIRECTION('ref_axis',(-6.12323399573684E-17,-6.31721073398916E-17,
1.));
#4451=DIRECTION('',(7.54746861368222E-49,1.,-1.23259516440772E-32));
#4452=DIRECTION('',(6.12323399573684E-17,6.31721073398916E-17,-1.));
#4453=DIRECTION('center_axis',(-6.12323399573684E-17,1.23259516440772E-32,
1.));
#4454=DIRECTION('ref_axis',(7.54746861368222E-49,1.,-1.23259516440772E-32));
#4455=DIRECTION('',(1.,8.37937343254644E-65,6.12323399573684E-17));
#4456=DIRECTION('',(-7.54746861368222E-49,-1.,1.23259516440772E-32));
#4457=DIRECTION('center_axis',(7.54746861368222E-49,1.,-1.23259516440772E-32));
#4458=DIRECTION('ref_axis',(0.707106781186547,8.71576399210449E-33,0.707106781186547));
#4459=DIRECTION('center_axis',(-3.86817595245961E-33,1.,6.31721073398916E-17));
#4460=DIRECTION('ref_axis',(0.707106781186547,8.71576399210449E-33,0.707106781186547));
#4461=DIRECTION('center_axis',(6.12323399573684E-17,-1.23259516440772E-32,
-1.));
#4462=DIRECTION('ref_axis',(9.48668567181898E-15,1.,5.72276326332205E-31));
#4463=DIRECTION('center_axis',(5.55111512312587E-17,-1.,1.11022302462517E-16));
#4464=DIRECTION('ref_axis',(-3.03107893082966E-15,1.11022302462517E-16,
1.));
#4465=DIRECTION('',(-5.55111512312587E-17,1.,-1.11022302462517E-16));
#4466=DIRECTION('center_axis',(-3.86817595245961E-33,1.,6.31721073398916E-17));
#4467=DIRECTION('ref_axis',(-3.03107893082966E-15,1.11022302462517E-16,
1.));
#4468=DIRECTION('center_axis',(1.,8.37937343254644E-65,6.12323399573684E-17));
#4469=DIRECTION('ref_axis',(6.12323399573684E-17,-1.23259516440772E-32,
-1.));
#4470=DIRECTION('center_axis',(6.12323399573684E-17,6.31721073398916E-17,
-1.));
#4471=DIRECTION('ref_axis',(0.707106781186547,-0.707106781186547,4.32978028117752E-17));
#4472=DIRECTION('center_axis',(6.12323399573684E-17,-1.23259516440772E-32,
-1.));
#4473=DIRECTION('ref_axis',(0.707106781186547,-0.707106781186547,4.32978028117752E-17));
#4474=DIRECTION('',(6.12323399573684E-17,6.31721073398916E-17,-1.));
#4475=DIRECTION('center_axis',(-6.12323399573684E-17,1.23259516440772E-32,
1.));
#4476=DIRECTION('ref_axis',(0.707106781186547,-0.707106781186547,4.32978028117752E-17));
#4477=DIRECTION('center_axis',(6.12323399573684E-17,-1.23259516440772E-32,
-1.));
#4478=DIRECTION('ref_axis',(7.54746861368222E-49,1.,-1.23259516440772E-32));
#4479=DIRECTION('',(1.,8.37937343254644E-65,6.12323399573684E-17));
#4480=DIRECTION('',(-7.54746861368222E-49,-1.,1.23259516440772E-32));
#4481=DIRECTION('',(1.,8.37937343254644E-65,6.12323399573684E-17));
#4482=DIRECTION('center_axis',(-6.12323399573684E-17,1.23259516440772E-32,
1.));
#4483=DIRECTION('ref_axis',(0.707106781186547,0.707106781186547,4.32978028117752E-17));
#4484=DIRECTION('center_axis',(-6.12323399573684E-17,1.23259516440772E-32,
1.));
#4485=DIRECTION('ref_axis',(-1.,-8.37937343254644E-65,-6.12323399573684E-17));
#4486=DIRECTION('center_axis',(-3.86817595245961E-33,1.,6.31721073398916E-17));
#4487=DIRECTION('ref_axis',(1.,8.37937343254644E-65,6.12323399573684E-17));
#4488=DIRECTION('',(1.,8.37937343254644E-65,6.12323399573684E-17));
#4489=DIRECTION('',(4.18032066320433E-15,-5.33945934263044E-31,-1.));
#4490=DIRECTION('center_axis',(-1.64346021921042E-31,1.,-1.23259516440782E-32));
#4491=DIRECTION('ref_axis',(1.,1.64346021921042E-31,5.98242180462479E-15));
#4492=DIRECTION('',(-1.,-2.22044604925034E-16,1.41496223752448E-14));
#4493=DIRECTION('center_axis',(-7.54746861368222E-49,-1.,1.23259516440772E-32));
#4494=DIRECTION('ref_axis',(-1.,-3.36850592385745E-47,-2.79408901595776E-15));
#4495=DIRECTION('',(6.12323399573684E-17,-1.23259516440772E-32,-1.));
#4496=DIRECTION('center_axis',(7.54746861368222E-49,1.,-1.23259516440772E-32));
#4497=DIRECTION('ref_axis',(1.,1.82460737542278E-47,1.54152970612424E-15));
#4498=DIRECTION('',(1.,-1.78636980348965E-33,-3.41424843278226E-15));
#4499=DIRECTION('center_axis',(-7.54746861368222E-49,-1.,1.23259516440772E-32));
#4500=DIRECTION('ref_axis',(-1.,1.82460737542278E-47,1.4190650262095E-15));
#4501=DIRECTION('',(6.12323399573684E-17,-1.23259516440772E-32,-1.));
#4502=DIRECTION('center_axis',(7.54746861368222E-49,1.,-1.23259516440772E-32));
#4503=DIRECTION('ref_axis',(1.,-3.36850592385745E-47,-2.67162433604302E-15));
#4504=DIRECTION('',(1.,-2.22044604925034E-16,1.42720870551596E-14));
#4505=DIRECTION('center_axis',(-1.64346021921042E-31,-1.,1.23259516440782E-32));
#4506=DIRECTION('ref_axis',(-1.,1.64346021921042E-31,5.85995712471005E-15));
#4507=DIRECTION('',(-4.05785598328959E-15,-5.33945934263044E-31,-1.));
#4508=DIRECTION('',(-1.,-8.37937343254644E-65,-6.12323399573684E-17));
#4509=DIRECTION('',(-6.12323399573684E-17,-6.31721073398916E-17,1.));
#4510=DIRECTION('',(-1.,-8.37937343254644E-65,-6.12323399573684E-17));
#4511=DIRECTION('center_axis',(-3.86817595245961E-33,1.,6.31721073398916E-17));
#4512=DIRECTION('ref_axis',(0.707106781186547,8.71576399210449E-33,0.707106781186547));
#4513=DIRECTION('',(-6.12323399573684E-17,-6.31721073398916E-17,1.));
#4514=DIRECTION('center_axis',(3.86817595245961E-33,-1.,-6.31721073398916E-17));
#4515=DIRECTION('ref_axis',(-0.707106781186547,8.71576399210449E-33,0.707106781186547));
#4516=DIRECTION('center_axis',(3.86817595245961E-33,-1.,-6.31721073398916E-17));
#4517=DIRECTION('ref_axis',(-3.03107893082966E-15,1.11022302462517E-16,
1.));
#4518=DIRECTION('center_axis',(3.86817595245961E-33,-1.,-6.31721073398916E-17));
#4519=DIRECTION('ref_axis',(-3.03107893082966E-15,1.11022302462517E-16,
1.));
#4520=DIRECTION('center_axis',(6.12323399573684E-17,6.31721073398916E-17,
-1.));
#4521=DIRECTION('ref_axis',(-0.707106781186547,-0.707106781186547,-4.32978028117752E-17));
#4522=DIRECTION('center_axis',(-6.12323399573684E-17,1.23259516440772E-32,
1.));
#4523=DIRECTION('ref_axis',(-0.707106781186547,-0.707106781186547,-4.32978028117752E-17));
#4524=DIRECTION('center_axis',(6.12323399573684E-17,-1.23259516440772E-32,
-1.));
#4525=DIRECTION('ref_axis',(-0.707106781186547,-0.707106781186547,-4.32978028117752E-17));
#4526=DIRECTION('',(6.12323399573684E-17,6.31721073398916E-17,-1.));
#4527=DIRECTION('center_axis',(-6.12323399573684E-17,1.23259516440772E-32,
1.));
#4528=DIRECTION('ref_axis',(-7.54746861368222E-49,-1.,1.23259516440772E-32));
#4529=DIRECTION('',(-2.32137395783422E-31,1.,-1.23259516440773E-32));
#4530=DIRECTION('',(-1.,-8.37937343254644E-65,-6.12323399573684E-17));
#4531=DIRECTION('center_axis',(6.12323399573684E-17,-1.23259516440772E-32,
-1.));
#4532=DIRECTION('ref_axis',(-0.707106781186547,0.707106781186547,-4.32978028117752E-17));
#4533=DIRECTION('',(-7.54746861368222E-49,-1.,1.23259516440772E-32));
#4534=DIRECTION('center_axis',(-6.12323399573684E-17,1.23259516440772E-32,
1.));
#4535=DIRECTION('ref_axis',(1.,8.37937343254644E-65,6.12323399573684E-17));
#4536=DIRECTION('center_axis',(-6.12323399573684E-17,1.23259516440772E-32,
1.));
#4537=DIRECTION('ref_axis',(7.54746861368222E-49,1.,-1.23259516440772E-32));
#4538=DIRECTION('',(7.54746861368222E-49,1.,-1.23259516440772E-32));
#4539=DIRECTION('center_axis',(-6.12323399573684E-17,1.23259516440772E-32,
1.));
#4540=DIRECTION('ref_axis',(-0.707106781186547,0.707106781186547,-4.32978028117752E-17));
#4541=DIRECTION('',(-1.,-8.37937343254644E-65,-6.12323399573684E-17));
#4542=DIRECTION('',(-7.54746861368222E-49,-1.,1.23259516440772E-32));
#4543=DIRECTION('center_axis',(6.12323399573684E-17,-1.23259516440772E-32,
-1.));
#4544=DIRECTION('ref_axis',(1.,8.37937343254644E-65,6.12323399573684E-17));
#4545=DIRECTION('center_axis',(-3.53671311269699E-15,-5.63564987119369E-17,
1.));
#4546=DIRECTION('ref_axis',(-1.,-1.78636980348965E-33,-3.53671311269699E-15));
#4547=DIRECTION('',(3.45084028793632E-33,-1.,-5.63564987119369E-17));
#4548=DIRECTION('',(3.45084028793632E-33,-1.,-5.63564987119369E-17));
#4549=DIRECTION('',(1.,-2.19553444433237E-31,3.53671311269699E-15));
#4550=DIRECTION('center_axis',(3.45084028793632E-33,-1.,-5.63564987119369E-17));
#4551=DIRECTION('ref_axis',(1.,-8.34243766096668E-32,1.54152970612424E-15));
#4552=DIRECTION('',(3.45084028793632E-33,-1.,-5.63564987119369E-17));
#4553=DIRECTION('center_axis',(3.86817595245961E-33,-1.,-6.31721073398916E-17));
#4554=DIRECTION('ref_axis',(1.,-8.34243766096668E-32,1.54152970612424E-15));
#4555=DIRECTION('center_axis',(-1.,-8.37937343254644E-65,-6.12323399573684E-17));
#4556=DIRECTION('ref_axis',(6.12323399573684E-17,-1.23259516440772E-32,
-1.));
#4557=DIRECTION('',(3.45084028793632E-33,-1.,-5.63564987119369E-17));
#4558=DIRECTION('',(-6.12323399573684E-17,-6.31721073398916E-17,1.));
#4559=DIRECTION('center_axis',(7.54746861368222E-49,1.,-1.23259516440772E-32));
#4560=DIRECTION('ref_axis',(0.707106781186547,8.71576399210449E-33,0.707106781186547));
#4561=DIRECTION('',(7.54746861368222E-49,1.,-1.23259516440772E-32));
#4562=DIRECTION('center_axis',(3.86817595245961E-33,-1.,-6.31721073398916E-17));
#4563=DIRECTION('ref_axis',(0.707106781186547,8.71576399210449E-33,0.707106781186547));
#4564=DIRECTION('center_axis',(1.,8.37937343254644E-65,6.12323399573684E-17));
#4565=DIRECTION('ref_axis',(-6.12323399573684E-17,-6.31721073398916E-17,
1.));
#4566=DIRECTION('',(6.12323399573684E-17,6.31721073398916E-17,-1.));
#4567=DIRECTION('center_axis',(-3.45084028793632E-33,1.,5.63564987119369E-17));
#4568=DIRECTION('ref_axis',(-1.,-3.33697506438663E-31,5.85995712471005E-15));
#4569=DIRECTION('',(3.45084028793632E-33,-1.,-5.63564987119369E-17));
#4570=DIRECTION('',(3.45084028793632E-33,-1.,-5.63564987119369E-17));
#4571=DIRECTION('center_axis',(-3.86817595245961E-33,1.,6.31721073398916E-17));
#4572=DIRECTION('ref_axis',(-1.,-3.33697506438663E-31,5.85995712471005E-15));
#4573=DIRECTION('center_axis',(1.42720870551596E-14,5.63564987119369E-17,
-1.));
#4574=DIRECTION('ref_axis',(1.,-2.22044604925034E-16,1.42720870551596E-14));
#4575=DIRECTION('',(3.45084028793632E-33,-1.,-5.63564987119369E-17));
#4576=DIRECTION('',(-1.,8.97729639460358E-31,-1.42720870551596E-14));
#4577=DIRECTION('center_axis',(-3.45084028793632E-33,1.,5.63564987119369E-17));
#4578=DIRECTION('ref_axis',(-1.,-8.34243766096668E-32,1.4190650262095E-15));
#4579=DIRECTION('',(3.45084028793632E-33,-1.,-5.63564987119369E-17));
#4580=DIRECTION('center_axis',(-3.86817595245961E-33,1.,6.31721073398916E-17));
#4581=DIRECTION('ref_axis',(-1.,-8.34243766096668E-32,1.4190650262095E-15));
#4582=DIRECTION('center_axis',(-1.,-8.37937343254644E-65,-6.12323399573684E-17));
#4583=DIRECTION('ref_axis',(6.12323399573684E-17,-1.23259516440772E-32,
-1.));
#4584=DIRECTION('',(3.45084028793632E-33,-1.,-5.63564987119369E-17));
#4585=DIRECTION('',(-6.12323399573684E-17,-6.31721073398916E-17,1.));
#4586=DIRECTION('center_axis',(-3.45084028793632E-33,1.,5.63564987119369E-17));
#4587=DIRECTION('ref_axis',(1.,1.54014233740924E-31,-2.67162433604302E-15));
#4588=DIRECTION('center_axis',(3.86817595245961E-33,-1.,-6.31721073398916E-17));
#4589=DIRECTION('ref_axis',(1.,1.54014233740924E-31,-2.67162433604302E-15));
#4590=DIRECTION('center_axis',(-1.,-2.32137395783422E-31,4.05785598328959E-15));
#4591=DIRECTION('ref_axis',(-4.05785598328959E-15,-5.33945934263044E-31,
-1.));
#4592=DIRECTION('',(4.05785598328959E-15,-6.31721073398916E-17,1.));
#4593=DIRECTION('center_axis',(5.55111512312587E-17,-1.,1.11022302462517E-16));
#4594=DIRECTION('ref_axis',(-3.03107893082966E-15,1.11022302462517E-16,
1.));
#4595=DIRECTION('',(-5.55111512312587E-17,1.,-1.11022302462517E-16));
#4596=DIRECTION('center_axis',(-3.86817595245961E-33,1.,6.31721073398916E-17));
#4597=DIRECTION('ref_axis',(-3.03107893082966E-15,1.11022302462517E-16,
1.));
#4598=DIRECTION('center_axis',(5.55111512312587E-17,-1.,1.11022302462517E-16));
#4599=DIRECTION('ref_axis',(-3.03107893082966E-15,1.11022302462517E-16,
1.));
#4600=DIRECTION('',(-5.55111512312587E-17,1.,-1.11022302462517E-16));
#4601=DIRECTION('center_axis',(-3.86817595245961E-33,1.,6.31721073398916E-17));
#4602=DIRECTION('ref_axis',(-3.03107893082966E-15,1.11022302462517E-16,
1.));
#4603=DIRECTION('center_axis',(3.45084028793632E-33,-1.,-5.63564987119369E-17));
#4604=DIRECTION('ref_axis',(-1.,1.54014233740924E-31,-2.79408901595776E-15));
#4605=DIRECTION('',(3.45084028793632E-33,-1.,-5.63564987119369E-17));
#4606=DIRECTION('center_axis',(-3.86817595245961E-33,1.,6.31721073398916E-17));
#4607=DIRECTION('ref_axis',(-1.,1.54014233740924E-31,-2.79408901595776E-15));
#4608=DIRECTION('center_axis',(1.41496223752448E-14,-5.63564987119369E-17,
1.));
#4609=DIRECTION('ref_axis',(-1.,-2.22044604925034E-16,1.41496223752448E-14));
#4610=DIRECTION('',(3.45084028793632E-33,-1.,-5.63564987119369E-17));
#4611=DIRECTION('',(1.,8.97729639460358E-31,-1.41496223752448E-14));
#4612=DIRECTION('center_axis',(3.45084028793632E-33,-1.,-5.63564987119369E-17));
#4613=DIRECTION('ref_axis',(1.,-3.33697506438663E-31,5.98242180462479E-15));
#4614=DIRECTION('',(3.45084028793632E-33,-1.,-5.63564987119369E-17));
#4615=DIRECTION('center_axis',(3.86817595245961E-33,-1.,-6.31721073398916E-17));
#4616=DIRECTION('ref_axis',(1.,-3.33697506438663E-31,5.98242180462479E-15));
#4617=DIRECTION('center_axis',(-1.,2.32137395783422E-31,-4.18032066320433E-15));
#4618=DIRECTION('ref_axis',(4.18032066320433E-15,-5.33945934263044E-31,
-1.));
#4619=DIRECTION('',(2.32137395783422E-31,1.,-1.23259516440772E-32));
#4620=DIRECTION('',(-4.18032066320433E-15,-6.31721073398916E-17,1.));
#4621=DIRECTION('center_axis',(-7.54746861368222E-49,-1.,1.23259516440772E-32));
#4622=DIRECTION('ref_axis',(-0.707106781186547,8.71576399210449E-33,0.707106781186547));
#4623=DIRECTION('center_axis',(-3.86817595245961E-33,1.,6.31721073398916E-17));
#4624=DIRECTION('ref_axis',(-0.707106781186547,8.71576399210449E-33,0.707106781186547));
#4625=DIRECTION('center_axis',(6.12323399573684E-17,-1.23259516440772E-32,
-1.));
#4626=DIRECTION('ref_axis',(-1.,-8.37937343254644E-65,-6.12323399573684E-17));
#4627=DIRECTION('center_axis',(6.12323399573684E-17,-1.23259516440772E-32,
-1.));
#4628=DIRECTION('ref_axis',(-1.,-8.37937343254644E-65,-6.12323399573684E-17));
#4629=DIRECTION('',(6.12323399573684E-17,-1.23259516440772E-32,-1.));
#4630=DIRECTION('center_axis',(-6.12323399573684E-17,1.23259516440772E-32,
1.));
#4631=DIRECTION('ref_axis',(1.,8.37937343254644E-65,6.12323399573684E-17));
#4632=DIRECTION('',(6.12323399573684E-17,-1.23259516440772E-32,-1.));
#4633=DIRECTION('center_axis',(-6.12323399573684E-17,-6.31721073398916E-17,
1.));
#4634=DIRECTION('ref_axis',(-0.707106781186547,0.707106781186547,-4.32978028117752E-17));
#4635=DIRECTION('',(6.12323399573684E-17,6.31721073398916E-17,-1.));
#4636=DIRECTION('',(-6.12323399573684E-17,-6.31721073398916E-17,1.));
#4637=DIRECTION('center_axis',(1.,8.37937343254644E-65,6.12323399573684E-17));
#4638=DIRECTION('ref_axis',(6.12323399573684E-17,-1.23259516440772E-32,
-1.));
#4639=DIRECTION('center_axis',(-3.86817595245961E-33,1.,6.31721073398916E-17));
#4640=DIRECTION('ref_axis',(1.,8.37937343254644E-65,6.12323399573684E-17));
#4641=DIRECTION('',(1.,8.37937343254644E-65,6.12323399573684E-17));
#4642=DIRECTION('',(-6.12323399573684E-17,-6.31721073398916E-17,1.));
#4643=DIRECTION('center_axis',(-6.12323399573684E-17,-6.31721073398916E-17,
1.));
#4644=DIRECTION('ref_axis',(0.707106781186547,0.707106781186547,4.32978028117752E-17));
#4645=DIRECTION('center_axis',(6.12323399573684E-17,-1.23259516440772E-32,
-1.));
#4646=DIRECTION('ref_axis',(0.707106781186547,0.707106781186547,4.32978028117752E-17));
#4647=DIRECTION('center_axis',(6.12323399573684E-17,-1.23259516440772E-32,
-1.));
#4648=DIRECTION('ref_axis',(-7.54746861368222E-49,-1.,1.23259516440772E-32));
#4649=DIRECTION('center_axis',(0.,1.,0.));
#4650=DIRECTION('ref_axis',(0.,0.,1.));
#4651=DIRECTION('center_axis',(1.23259516440783E-32,1.,1.07286913674869E-45));
#4652=DIRECTION('ref_axis',(0.,-1.07286913674869E-45,1.));
#4653=DIRECTION('',(4.37905770101505E-47,1.07286913674869E-45,-1.));
#4654=DIRECTION('',(-4.37905770101505E-47,-1.07286913674869E-45,1.));
#4655=DIRECTION('center_axis',(-1.,1.23259516440783E-32,-4.37905770101505E-47));
#4656=DIRECTION('ref_axis',(-1.23259516440783E-32,-1.,-1.07286913674869E-45));
#4657=DIRECTION('center_axis',(1.,-1.23259516440783E-32,4.37905770101505E-47));
#4658=DIRECTION('ref_axis',(1.23259516440783E-32,1.,1.07286913674869E-45));
#4659=DIRECTION('',(-4.37905770101505E-47,-1.07286913674869E-45,1.));
#4660=DIRECTION('center_axis',(1.23259516440783E-32,1.,1.07286913674869E-45));
#4661=DIRECTION('ref_axis',(0.,-1.07286913674869E-45,1.));
#4662=CARTESIAN_POINT('',(0.,0.,0.));
#4663=CARTESIAN_POINT('Origin',(136.268401036323,28.65,-62.5723968322788));
#4664=CARTESIAN_POINT('',(121.268401036323,88.65,-62.5723968322788));
#4665=CARTESIAN_POINT('',(121.268401036323,4.64999999999982,-62.5723968322788));
#4666=CARTESIAN_POINT('',(121.268401036323,27.65,-62.5723968322788));
#4667=CARTESIAN_POINT('',(241.268401036323,4.64999999999982,-62.5723968322788));
#4668=CARTESIAN_POINT('',(136.268401036323,4.64999999999983,-62.5723968322788));
#4669=CARTESIAN_POINT('',(241.268401036323,-90.3500000000002,-62.5723968322788));
#4670=CARTESIAN_POINT('',(241.268401036323,-205.35,-62.5723968322788));
#4671=CARTESIAN_POINT('',(136.268401036323,-90.3500000000002,-62.5723968322788));
#4672=CARTESIAN_POINT('',(136.268401036323,-90.3500000000002,-62.5723968322788));
#4673=CARTESIAN_POINT('',(136.268401036323,-121.35,-62.5723968322788));
#4674=CARTESIAN_POINT('',(136.268401036323,-13.85,-62.5723968322788));
#4675=CARTESIAN_POINT('',(127.268401036323,-121.35,-62.5723968322788));
#4676=CARTESIAN_POINT('',(86.2684010363227,-121.35,-62.5723968322788));
#4677=CARTESIAN_POINT('',(127.268401036323,-80.35,-62.5723968322788));
#4678=CARTESIAN_POINT('',(127.268401036323,-111.35,-62.5723968322788));
#4679=CARTESIAN_POINT('',(45.2684010363226,-80.35,-62.5723968322788));
#4680=CARTESIAN_POINT('',(111.268401036323,-80.35,-62.5723968322788));
#4681=CARTESIAN_POINT('',(45.2684010363226,-121.35,-62.5723968322788));
#4682=CARTESIAN_POINT('',(45.2684010363226,-31.35,-62.5723968322788));
#4683=CARTESIAN_POINT('',(36.2684010363227,-121.35,-62.5723968322788));
#4684=CARTESIAN_POINT('',(86.2684010363227,-121.35,-62.5723968322788));
#4685=CARTESIAN_POINT('',(36.2684010363227,88.6500000000001,-62.5723968322788));
#4686=CARTESIAN_POINT('',(36.2684010363227,28.65,-62.5723968322788));
#4687=CARTESIAN_POINT('',(136.268401036323,88.6500000000001,-62.5723968322788));
#4688=CARTESIAN_POINT('',(45.,-70.,-62.5723968322788));
#4689=CARTESIAN_POINT('',(171.268,-70.,-62.5723968322788));
#4690=CARTESIAN_POINT('',(143.134200518161,-70.,-62.5723968322788));
#4691=CARTESIAN_POINT('',(171.268,-15.,-62.5723968322788));
#4692=CARTESIAN_POINT('',(171.268,6.82500000000002,-62.5723968322788));
#4693=CARTESIAN_POINT('',(45.,-15.,-62.5723968322788));
#4694=CARTESIAN_POINT('',(143.134200518161,-15.,-62.5723968322788));
#4695=CARTESIAN_POINT('',(45.,-20.675,-62.5723968322788));
#4696=CARTESIAN_POINT('',(73.7684010363223,3.64999999999985,-62.572396832279));
#4697=CARTESIAN_POINT('',(98.7684010363223,3.64999999999985,-62.572396832279));
#4698=CARTESIAN_POINT('',(117.518401036323,3.64999999999985,-62.5723968322788));
#4699=CARTESIAN_POINT('',(98.7684010363223,33.6499999999998,-62.572396832279));
#4700=CARTESIAN_POINT('',(98.7684010363223,31.1499999999999,-62.5723968322788));
#4701=CARTESIAN_POINT('',(73.7684010363223,33.6499999999998,-62.572396832279));
#4702=CARTESIAN_POINT('',(105.018401036323,33.6499999999998,-62.5723968322788));
#4703=CARTESIAN_POINT('',(73.7684010363223,16.1499999999999,-62.5723968322788));
#4704=CARTESIAN_POINT('',(73.7684010363223,56.1499999999998,-62.572396832279));
#4705=CARTESIAN_POINT('',(98.7684010363223,56.1499999999998,-62.572396832279));
#4706=CARTESIAN_POINT('',(117.518401036323,56.1499999999998,-62.5723968322788));
#4707=CARTESIAN_POINT('',(98.7684010363223,86.1499999999998,-62.572396832279));
#4708=CARTESIAN_POINT('',(98.7684010363223,57.3999999999999,-62.5723968322788));
#4709=CARTESIAN_POINT('',(73.7684010363223,86.1499999999998,-62.572396832279));
#4710=CARTESIAN_POINT('',(105.018401036323,86.1499999999998,-62.5723968322788));
#4711=CARTESIAN_POINT('',(73.7684010363223,42.3999999999999,-62.5723968322788));
#4712=CARTESIAN_POINT('',(193.768401036322,-30.3500000000002,-62.5723968322788));
#4713=CARTESIAN_POINT('',(218.768401036322,-30.3500000000002,-62.5723968322788));
#4714=CARTESIAN_POINT('',(177.518401036323,-30.3500000000002,-62.5723968322788));
#4715=CARTESIAN_POINT('',(218.768401036322,-0.350000000000188,-62.5723968322788));
#4716=CARTESIAN_POINT('',(218.768401036322,14.1499999999999,-62.5723968322788));
#4717=CARTESIAN_POINT('',(193.768401036322,-0.350000000000188,-62.5723968322788));
#4718=CARTESIAN_POINT('',(165.018401036323,-0.350000000000188,-62.5723968322788));
#4719=CARTESIAN_POINT('',(193.768401036322,-0.850000000000066,-62.5723968322788));
#4720=CARTESIAN_POINT('',(193.768401036322,-85.3500000000002,-62.5723968322788));
#4721=CARTESIAN_POINT('',(218.768401036322,-85.3500000000002,-62.5723968322788));
#4722=CARTESIAN_POINT('',(177.518401036323,-85.3500000000002,-62.5723968322788));
#4723=CARTESIAN_POINT('',(218.768401036322,-55.3500000000002,-62.5723968322788));
#4724=CARTESIAN_POINT('',(218.768401036322,-13.3500000000001,-62.5723968322788));
#4725=CARTESIAN_POINT('',(193.768401036322,-55.3500000000002,-62.5723968322788));
#4726=CARTESIAN_POINT('',(165.018401036323,-55.3500000000002,-62.5723968322788));
#4727=CARTESIAN_POINT('',(193.768401036322,-28.3500000000001,-62.5723968322788));
#4728=CARTESIAN_POINT('Origin',(36.2684010363227,28.65,-52.5723968322788));
#4729=CARTESIAN_POINT('',(171.268401036322,4.64999999999983,-52.5723968322788));
#4730=CARTESIAN_POINT('',(121.268401036323,4.64999999999983,-52.5723968322788));
#4731=CARTESIAN_POINT('',(86.2684010363227,4.64999999999983,-52.5723968322788));
#4732=CARTESIAN_POINT('',(121.268401036323,-1.35000000000014,-52.5723968322788));
#4733=CARTESIAN_POINT('',(121.268401036323,72.7499999999999,-52.5723968322788));
#4734=CARTESIAN_POINT('',(51.2684010363225,-1.35000000000014,-52.5723968322788));
#4735=CARTESIAN_POINT('',(61.2684010363226,-1.35000000000015,-52.5723968322788));
#4736=CARTESIAN_POINT('',(51.2684010363225,38.6499999999998,-52.5723968322788));
#4737=CARTESIAN_POINT('',(51.2684010363225,72.7499999999999,-52.5723968322788));
#4738=CARTESIAN_POINT('',(121.268401036323,38.6499999999998,-52.5723968322788));
#4739=CARTESIAN_POINT('',(61.2684010363226,38.6499999999998,-52.5723968322788));
#4740=CARTESIAN_POINT('',(121.268401036323,53.6499999999998,-52.5723968322788));
#4741=CARTESIAN_POINT('',(121.268401036323,27.65,-52.5723968322788));
#4742=CARTESIAN_POINT('',(51.2684010363225,53.6499999999998,-52.5723968322788));
#4743=CARTESIAN_POINT('',(61.2684010363226,53.6499999999998,-52.5723968322788));
#4744=CARTESIAN_POINT('',(51.2684010363225,88.6499999999998,-52.5723968322788));
#4745=CARTESIAN_POINT('',(51.2684010363225,100.25,-52.5723968322788));
#4746=CARTESIAN_POINT('',(36.2684010363227,88.65,-52.5723968322788));
#4747=CARTESIAN_POINT('',(111.268401036323,88.65,-52.5723968322788));
#4748=CARTESIAN_POINT('',(36.2684010363227,-83.3500000000001,-52.5723968322788));
#4749=CARTESIAN_POINT('',(36.2684010363227,-13.85,-52.5723968322788));
#4750=CARTESIAN_POINT('',(45.2684010363226,-83.3500000000001,-52.5723968322788));
#4751=CARTESIAN_POINT('',(91.2684010363226,-83.3500000000001,-52.5723968322788));
#4752=CARTESIAN_POINT('',(45.2684010363226,-80.35,-52.5723968322788));
#4753=CARTESIAN_POINT('',(45.2684010363226,-73.85,-52.5723968322788));
#4754=CARTESIAN_POINT('',(127.268401036323,-80.35,-52.5723968322788));
#4755=CARTESIAN_POINT('',(61.2684010363227,-80.35,-52.5723968322788));
#4756=CARTESIAN_POINT('',(127.268401036323,-83.3500000000001,-52.5723968322788));
#4757=CARTESIAN_POINT('',(127.268401036323,-153.85,-52.5723968322788));
#4758=CARTESIAN_POINT('',(136.268401036323,-83.3500000000001,-52.5723968322788));
#4759=CARTESIAN_POINT('',(91.2684010363226,-83.3500000000001,-52.5723968322788));
#4760=CARTESIAN_POINT('',(136.268401036323,-90.3500000000002,-52.5723968322788));
#4761=CARTESIAN_POINT('',(136.268401036323,25.65,-52.5723968322788));
#4762=CARTESIAN_POINT('',(171.268401036322,-90.3500000000002,-52.5723968322788));
#4763=CARTESIAN_POINT('',(136.268401036323,-90.3500000000002,-52.5723968322788));
#4764=CARTESIAN_POINT('',(171.268401036322,26.2499999999999,-52.5723968322788));
#4765=CARTESIAN_POINT('',(171.268,-70.,-52.5723968322788));
#4766=CARTESIAN_POINT('',(45.,-70.,-52.5723968322788));
#4767=CARTESIAN_POINT('',(93.1342005181614,-70.,-52.5723968322788));
#4768=CARTESIAN_POINT('',(45.,-15.,-52.5723968322788));
#4769=CARTESIAN_POINT('',(45.,-20.675,-52.5723968322788));
#4770=CARTESIAN_POINT('',(171.268,-15.,-52.5723968322788));
#4771=CARTESIAN_POINT('',(93.1342005181614,-15.,-52.5723968322788));
#4772=CARTESIAN_POINT('',(171.268,6.82500000000002,-52.5723968322788));
#4773=CARTESIAN_POINT('Origin',(193.768401036322,-55.3500000000002,-8.07239683227882));
#4774=CARTESIAN_POINT('',(193.768401036322,-55.3500000000002,-24.0723968322789));
#4775=CARTESIAN_POINT('',(218.768401036322,-55.3500000000002,-24.0723968322788));
#4776=CARTESIAN_POINT('',(208.643401036323,-55.3500000000002,-24.0723968322788));
#4777=CARTESIAN_POINT('',(193.768401036322,-55.3500000000002,-8.07239683227882));
#4778=CARTESIAN_POINT('',(218.768401036322,-55.3500000000002,-8.07239683227882));
#4779=CARTESIAN_POINT('Origin',(218.768401036322,-55.3500000000002,-8.07239683227882));
#4780=CARTESIAN_POINT('',(218.768401036322,-85.3500000000002,-24.0723968322788));
#4781=CARTESIAN_POINT('',(218.768401036322,-13.7500000000002,-24.0723968322788));
#4782=CARTESIAN_POINT('',(218.768401036322,-85.3500000000002,-8.07239683227882));
#4783=CARTESIAN_POINT('Origin',(218.768401036322,-85.3500000000002,-8.07239683227882));
#4784=CARTESIAN_POINT('',(193.768401036322,-85.3500000000002,-24.0723968322789));
#4785=CARTESIAN_POINT('',(221.143401036323,-85.3500000000002,-24.0723968322788));
#4786=CARTESIAN_POINT('',(193.768401036322,-85.3500000000002,-8.07239683227882));
#4787=CARTESIAN_POINT('Origin',(193.768401036322,-85.3500000000002,-8.07239683227882));
#4788=CARTESIAN_POINT('',(193.768401036322,-28.7500000000002,-24.0723968322789));
#4789=CARTESIAN_POINT('Origin',(193.768401036322,-0.350000000000188,-8.07239683227882));
#4790=CARTESIAN_POINT('',(193.768401036322,-0.350000000000188,-24.0723968322789));
#4791=CARTESIAN_POINT('',(218.768401036322,-0.350000000000188,-24.0723968322788));
#4792=CARTESIAN_POINT('',(208.643401036323,-0.350000000000179,-24.0723968322788));
#4793=CARTESIAN_POINT('',(193.768401036322,-0.350000000000188,-8.07239683227882));
#4794=CARTESIAN_POINT('',(218.768401036322,-0.350000000000188,-8.07239683227882));
#4795=CARTESIAN_POINT('Origin',(218.768401036322,-0.350000000000188,-8.07239683227882));
#4796=CARTESIAN_POINT('',(218.768401036322,-30.3500000000002,-24.0723968322788));
#4797=CARTESIAN_POINT('',(218.768401036322,41.2499999999998,-24.0723968322788));
#4798=CARTESIAN_POINT('',(218.768401036322,-30.3500000000002,-8.07239683227882));
#4799=CARTESIAN_POINT('Origin',(218.768401036322,-30.3500000000002,-8.07239683227882));
#4800=CARTESIAN_POINT('',(193.768401036322,-30.3500000000002,-24.0723968322789));
#4801=CARTESIAN_POINT('',(221.143401036323,-30.3500000000002,-24.0723968322788));
#4802=CARTESIAN_POINT('',(193.768401036322,-30.3500000000002,-8.07239683227882));
#4803=CARTESIAN_POINT('Origin',(193.768401036322,-30.3500000000002,-8.07239683227882));
#4804=CARTESIAN_POINT('',(193.768401036322,26.2499999999998,-24.0723968322789));
#4805=CARTESIAN_POINT('Origin',(73.7684010363223,86.1499999999998,-35.572396832279));
#4806=CARTESIAN_POINT('',(73.7684010363223,86.1499999999998,-51.5723968322791));
#4807=CARTESIAN_POINT('',(98.7684010363223,86.1499999999998,-51.572396832279));
#4808=CARTESIAN_POINT('',(88.6434010363225,86.1499999999998,-51.5723968322791));
#4809=CARTESIAN_POINT('',(73.7684010363223,86.1499999999998,-35.572396832279));
#4810=CARTESIAN_POINT('',(98.7684010363223,86.1499999999998,-35.572396832279));
#4811=CARTESIAN_POINT('Origin',(98.7684010363223,86.1499999999998,-35.572396832279));
#4812=CARTESIAN_POINT('',(98.7684010363223,56.1499999999998,-51.572396832279));
#4813=CARTESIAN_POINT('',(98.7684010363223,129.,-51.572396832279));
#4814=CARTESIAN_POINT('',(98.7684010363223,56.1499999999998,-35.572396832279));
#4815=CARTESIAN_POINT('Origin',(98.7684010363223,56.1499999999998,-35.572396832279));
#4816=CARTESIAN_POINT('',(73.7684010363223,56.1499999999998,-51.5723968322791));
#4817=CARTESIAN_POINT('',(101.143401036323,56.1499999999998,-51.572396832279));
#4818=CARTESIAN_POINT('',(73.7684010363223,56.1499999999998,-35.572396832279));
#4819=CARTESIAN_POINT('Origin',(73.7684010363223,56.1499999999998,-35.572396832279));
#4820=CARTESIAN_POINT('',(73.7684010363223,114.,-51.5723968322791));
#4821=CARTESIAN_POINT('Origin',(73.7684010363223,33.6499999999998,-35.572396832279));
#4822=CARTESIAN_POINT('',(73.7684010363223,33.6499999999998,-51.5723968322791));
#4823=CARTESIAN_POINT('',(98.7684010363223,33.6499999999998,-51.572396832279));
#4824=CARTESIAN_POINT('',(88.6434010363225,33.6499999999998,-51.5723968322791));
#4825=CARTESIAN_POINT('',(73.7684010363223,33.6499999999998,-35.572396832279));
#4826=CARTESIAN_POINT('',(98.7684010363223,33.6499999999998,-35.572396832279));
#4827=CARTESIAN_POINT('Origin',(98.7684010363223,33.6499999999998,-35.572396832279));
#4828=CARTESIAN_POINT('',(98.7684010363223,3.64999999999985,-51.572396832279));
#4829=CARTESIAN_POINT('',(98.7684010363223,75.2499999999998,-51.572396832279));
#4830=CARTESIAN_POINT('',(98.7684010363223,3.64999999999985,-35.572396832279));
#4831=CARTESIAN_POINT('Origin',(98.7684010363223,3.64999999999985,-35.572396832279));
#4832=CARTESIAN_POINT('',(73.7684010363223,3.64999999999985,-51.5723968322791));
#4833=CARTESIAN_POINT('',(101.143401036323,3.64999999999984,-51.572396832279));
#4834=CARTESIAN_POINT('',(73.7684010363223,3.64999999999985,-35.572396832279));
#4835=CARTESIAN_POINT('Origin',(73.7684010363223,3.64999999999985,-35.572396832279));
#4836=CARTESIAN_POINT('',(73.7684010363223,60.2499999999998,-51.5723968322791));
#4837=CARTESIAN_POINT('Origin',(171.268,-15.,-52.5723968322788));
#4838=CARTESIAN_POINT('',(171.268,-15.,-52.5723968322788));
#4839=CARTESIAN_POINT('',(171.268,-70.,-52.5723968322788));
#4840=CARTESIAN_POINT('Origin',(45.,-15.,-52.5723968322788));
#4841=CARTESIAN_POINT('',(45.,-15.,-52.5723968322788));
#4842=CARTESIAN_POINT('Origin',(45.,-70.,-52.5723968322788));
#4843=CARTESIAN_POINT('',(45.,-70.,-52.5723968322788));
#4844=CARTESIAN_POINT('Origin',(150.,-70.,-52.5723968322788));
#4845=CARTESIAN_POINT('Origin',(36.2684010363227,-121.35,-62.5723968322788));
#4846=CARTESIAN_POINT('',(136.268401036323,-121.35,-42.5723968322788));
#4847=CARTESIAN_POINT('',(136.268401036323,-121.35,-57.5723968322788));
#4848=CARTESIAN_POINT('',(127.268401036323,-121.35,-42.5723968322788));
#4849=CARTESIAN_POINT('',(36.2684010363227,-121.35,-42.5723968322788));
#4850=CARTESIAN_POINT('',(127.268401036323,-121.35,-62.5723968322788));
#4851=CARTESIAN_POINT('Origin',(36.2684010363227,-121.35,-62.5723968322788));
#4852=CARTESIAN_POINT('',(36.2684010363227,-121.35,-42.5723968322788));
#4853=CARTESIAN_POINT('',(36.2684010363227,-121.35,-62.5723968322788));
#4854=CARTESIAN_POINT('',(45.2684010363226,-121.35,-42.5723968322788));
#4855=CARTESIAN_POINT('',(45.2684010363226,-121.35,-62.5723968322788));
#4856=CARTESIAN_POINT('',(36.2684010363227,-121.35,-42.5723968322788));
#4857=CARTESIAN_POINT('Origin',(36.2684010363227,26.65,-42.5723968322788));
#4858=CARTESIAN_POINT('',(136.268401036323,-83.3500000000001,-42.5723968322788));
#4859=CARTESIAN_POINT('',(136.268401036323,-58.35,-42.5723968322788));
#4860=CARTESIAN_POINT('',(127.268401036323,-83.3500000000001,-42.5723968322788));
#4861=CARTESIAN_POINT('',(91.2684010363226,-83.3500000000001,-42.5723968322788));
#4862=CARTESIAN_POINT('',(127.268401036323,-113.35,-42.5723968322788));
#4863=CARTESIAN_POINT('Origin',(136.268401036323,26.65,-52.5723968322788));
#4864=CARTESIAN_POINT('',(136.268401036323,-90.3500000000002,-52.5723968322788));
#4865=CARTESIAN_POINT('',(136.268401036323,-83.3500000000001,-29.5723968322788));
#4866=CARTESIAN_POINT('Origin',(36.2684010363227,28.65,-62.5723968322788));
#4867=CARTESIAN_POINT('',(36.2684010363227,-83.3500000000001,-42.5723968322788));
#4868=CARTESIAN_POINT('',(36.2684010363227,26.65,-42.5723968322788));
#4869=CARTESIAN_POINT('',(36.2684010363227,-83.3500000000001,-46.0723968322788));
#4870=CARTESIAN_POINT('',(36.2684010363227,88.6500000000001,-62.5723968322788));
#4871=CARTESIAN_POINT('Origin',(36.2684010363227,26.65,-42.5723968322788));
#4872=CARTESIAN_POINT('',(45.2684010363226,-83.3500000000001,-42.5723968322788));
#4873=CARTESIAN_POINT('',(45.2684010363226,-33.35,-42.5723968322788));
#4874=CARTESIAN_POINT('',(91.2684010363226,-83.3500000000001,-42.5723968322788));
#4875=CARTESIAN_POINT('Origin',(171.268401036322,27.8499999999998,-30.0723968322787));
#4876=CARTESIAN_POINT('',(171.268401036322,-90.3500000000002,-9.07239683227876));
#4877=CARTESIAN_POINT('',(171.268401036322,-90.3500000000002,-30.0723968322788));
#4878=CARTESIAN_POINT('',(171.268401036322,-50.3500000000002,-9.07239683227877));
#4879=CARTESIAN_POINT('',(171.268401036322,-31.2500000000002,-9.07239683227877));
#4880=CARTESIAN_POINT('',(171.268401036322,-50.3500000000002,-30.0723968322788));
#4881=CARTESIAN_POINT('',(171.268401036322,-50.3500000000002,-12.5723968322788));
#4882=CARTESIAN_POINT('',(171.268401036322,-35.3500000000002,-30.0723968322788));
#4883=CARTESIAN_POINT('',(171.268401036322,-50.3500000000002,-30.0723968322788));
#4884=CARTESIAN_POINT('',(171.268401036322,-35.3500000000002,-9.07239683227876));
#4885=CARTESIAN_POINT('',(171.268401036322,-35.3500000000002,39.9276031677212));
#4886=CARTESIAN_POINT('',(171.268401036322,4.64999999999983,-9.07239683227877));
#4887=CARTESIAN_POINT('',(171.268401036322,23.7499999999998,-9.07239683227877));
#4888=CARTESIAN_POINT('',(171.268401036322,4.64999999999983,-12.5723968322788));
#4889=CARTESIAN_POINT('Origin',(241.268401036323,24.65,-52.5723968322788));
#4890=CARTESIAN_POINT('',(241.268401036322,-90.3500000000002,-9.07239683227876));
#4891=CARTESIAN_POINT('',(241.268401036322,-50.3500000000002,-9.07239683227876));
#4892=CARTESIAN_POINT('',(241.268401036322,-31.2500000000002,-9.07239683227876));
#4893=CARTESIAN_POINT('',(241.268401036322,-90.3500000000002,-30.0723968322788));
#4894=CARTESIAN_POINT('',(241.268401036322,4.64999999999983,-9.07239683227876));
#4895=CARTESIAN_POINT('',(241.268401036323,4.64999999999983,-47.9473968322789));
#4896=CARTESIAN_POINT('',(241.268401036322,-35.3500000000002,-9.07239683227876));
#4897=CARTESIAN_POINT('',(241.268401036322,23.7499999999998,-9.07239683227876));
#4898=CARTESIAN_POINT('',(241.268401036322,-35.3500000000002,-30.0723968322787));
#4899=CARTESIAN_POINT('',(241.268401036322,-35.3500000000002,39.9276031677212));
#4900=CARTESIAN_POINT('',(241.268401036322,-50.3500000000002,-30.0723968322787));
#4901=CARTESIAN_POINT('',(241.268401036322,-50.3500000000002,-30.0723968322787));
#4902=CARTESIAN_POINT('',(241.268401036322,-50.3500000000002,-12.5723968322788));
#4903=CARTESIAN_POINT('Origin',(243.768401036322,-31.2500000000002,-9.07239683227876));
#4904=CARTESIAN_POINT('',(243.768401036322,-50.3500000000002,-6.57239683227876));
#4905=CARTESIAN_POINT('',(243.768401036322,-90.3500000000002,-6.57239683227876));
#4906=CARTESIAN_POINT('',(243.768401036322,-31.2500000000002,-6.57239683227876));
#4907=CARTESIAN_POINT('Origin',(243.768401036322,-90.3500000000002,-9.07239683227876));
#4908=CARTESIAN_POINT('Origin',(243.768401036322,-50.3500000000002,-9.07239683227876));
#4909=CARTESIAN_POINT('Origin',(241.268401036322,-90.3500000000002,-6.57239683227876));
#4910=CARTESIAN_POINT('',(248.768401036322,-90.3500000000002,-6.57239683227876));
#4911=CARTESIAN_POINT('',(261.268401036322,-77.8500000000002,-6.57239683227876));
#4912=CARTESIAN_POINT('Origin',(248.768401036322,-77.8500000000002,-6.57239683227876));
#4913=CARTESIAN_POINT('',(241.268401036322,-90.3500000000002,-6.57239683227876));
#4914=CARTESIAN_POINT('',(248.768401036322,-50.3500000000002,-6.57239683227876));
#4915=CARTESIAN_POINT('',(241.268401036322,-50.3500000000002,-6.57239683227876));
#4916=CARTESIAN_POINT('',(261.268401036322,-62.8500000000002,-6.57239683227876));
#4917=CARTESIAN_POINT('Origin',(248.768401036322,-62.8500000000002,-6.57239683227876));
#4918=CARTESIAN_POINT('',(261.268401036322,-50.3500000000002,-6.57239683227876));
#4919=CARTESIAN_POINT('',(256.018401036322,-70.3500000000002,-6.57239683227876));
#4920=CARTESIAN_POINT('Origin',(252.518401036322,-70.3500000000002,-6.57239683227876));
#4921=CARTESIAN_POINT('Origin',(248.768401036322,-77.8500000000002,1.67760316772124));
#4922=CARTESIAN_POINT('',(261.268401036322,-77.8500000000002,3.42760316772124));
#4923=CARTESIAN_POINT('',(248.768401036322,-90.3500000000002,3.42760316772124));
#4924=CARTESIAN_POINT('Origin',(248.768401036322,-77.8500000000002,3.42760316772124));
#4925=CARTESIAN_POINT('',(248.768401036322,-90.3500000000002,1.67760316772124));
#4926=CARTESIAN_POINT('',(261.268401036322,-77.8500000000002,1.67760316772124));
#4927=CARTESIAN_POINT('Origin',(241.268401036322,-50.3500000000002,3.42760316772124));
#4928=CARTESIAN_POINT('',(235.268401036323,-90.3500000000002,3.42760316772124));
#4929=CARTESIAN_POINT('',(235.268401036323,-50.3500000000002,3.42760316772124));
#4930=CARTESIAN_POINT('',(235.268401036323,-11.2500000000002,3.42760316772124));
#4931=CARTESIAN_POINT('',(241.268401036322,-90.3500000000002,3.42760316772124));
#4932=CARTESIAN_POINT('',(261.268401036322,-62.8500000000002,3.42760316772124));
#4933=CARTESIAN_POINT('',(261.268401036322,-90.3500000000002,3.42760316772124));
#4934=CARTESIAN_POINT('',(248.768401036322,-50.3500000000002,3.42760316772124));
#4935=CARTESIAN_POINT('Origin',(248.768401036322,-62.8500000000002,3.42760316772124));
#4936=CARTESIAN_POINT('',(241.268401036322,-50.3500000000002,3.42760316772124));
#4937=CARTESIAN_POINT('',(256.018401036322,-70.3500000000002,3.42760316772124));
#4938=CARTESIAN_POINT('Origin',(252.518401036322,-70.3500000000002,3.42760316772124));
#4939=CARTESIAN_POINT('Origin',(235.268401036322,27.8499999999998,22.1776031677212));
#4940=CARTESIAN_POINT('',(235.268401036323,-50.3500000000002,-12.3223968322788));
#4941=CARTESIAN_POINT('',(235.268401036323,-90.3500000000002,-12.3223968322788));
#4942=CARTESIAN_POINT('',(235.268401036323,27.8499999999998,-12.3223968322787));
#4943=CARTESIAN_POINT('',(235.268401036322,-90.3500000000002,22.1776031677212));
#4944=CARTESIAN_POINT('',(235.268401036322,-50.3500000000002,13.5526031677213));
#4945=CARTESIAN_POINT('Origin',(232.268401036323,27.8499999999998,-12.3223968322788));
#4946=CARTESIAN_POINT('',(232.268401036322,-50.3500000000002,-15.3223968322788));
#4947=CARTESIAN_POINT('',(232.268401036322,-90.3500000000002,-15.3223968322788));
#4948=CARTESIAN_POINT('',(232.268401036322,27.8499999999998,-15.3223968322788));
#4949=CARTESIAN_POINT('Origin',(232.268401036323,-90.3500000000002,-12.3223968322788));
#4950=CARTESIAN_POINT('Origin',(232.268401036323,-50.3500000000002,-12.3223968322788));
#4951=CARTESIAN_POINT('Origin',(232.268401036322,27.8499999999998,-15.3223968322788));
#4952=CARTESIAN_POINT('',(229.768401036323,-50.3500000000002,-15.3223968322788));
#4953=CARTESIAN_POINT('',(229.768401036323,-90.3500000000002,-15.3223968322788));
#4954=CARTESIAN_POINT('',(229.768401036323,27.8499999999998,-15.3223968322788));
#4955=CARTESIAN_POINT('',(232.268401036322,-90.3500000000002,-15.3223968322788));
#4956=CARTESIAN_POINT('',(219.268401036322,-50.3500000000002,-15.3223968322786));
#4957=CARTESIAN_POINT('Origin',(229.768401036323,27.8499999999998,-18.5723968322788));
#4958=CARTESIAN_POINT('',(226.518401036323,-50.3500000000002,-18.5723968322788));
#4959=CARTESIAN_POINT('',(226.518401036323,-90.3500000000002,-18.5723968322788));
#4960=CARTESIAN_POINT('',(226.518401036323,27.8499999999998,-18.5723968322788));
#4961=CARTESIAN_POINT('Origin',(229.768401036323,-90.3500000000002,-18.5723968322788));
#4962=CARTESIAN_POINT('Origin',(229.768401036323,-50.3500000000002,-18.5723968322788));
#4963=CARTESIAN_POINT('Origin',(182.768401036323,-90.3500000000001,-18.5723968322789));
#4964=CARTESIAN_POINT('',(182.768401036323,-90.3500000000002,-21.1723968322789));
#4965=CARTESIAN_POINT('Origin',(182.768401036323,-90.3500000000002,-18.5723968322789));
#4966=CARTESIAN_POINT('',(182.768401036323,-50.3500000000002,-21.1723968322789));
#4967=CARTESIAN_POINT('',(182.768401036323,-90.3500000000001,-21.1723968322789));
#4968=CARTESIAN_POINT('Origin',(182.768401036323,-50.3500000000002,-18.5723968322789));
#4969=CARTESIAN_POINT('Origin',(229.768401036323,-90.3500000000001,-18.5723968322788));
#4970=CARTESIAN_POINT('',(229.768401036323,-90.3500000000002,-21.1723968322788));
#4971=CARTESIAN_POINT('Origin',(229.768401036323,-90.3500000000002,-18.5723968322788));
#4972=CARTESIAN_POINT('',(229.768401036323,-50.3500000000002,-21.1723968322788));
#4973=CARTESIAN_POINT('',(229.768401036323,-90.3500000000001,-21.1723968322788));
#4974=CARTESIAN_POINT('Origin',(229.768401036323,-50.3500000000002,-18.5723968322788));
#4975=CARTESIAN_POINT('Origin',(163.768401036322,-77.8500000000002,1.67760316772124));
#4976=CARTESIAN_POINT('',(151.268401036322,-77.8500000000002,-6.57239683227877));
#4977=CARTESIAN_POINT('',(163.768401036322,-90.3500000000002,-6.57239683227876));
#4978=CARTESIAN_POINT('Origin',(163.768401036322,-77.8500000000002,-6.57239683227876));
#4979=CARTESIAN_POINT('',(163.768401036322,-90.3500000000002,3.42760316772123));
#4980=CARTESIAN_POINT('',(163.768401036322,-90.3500000000002,1.67760316772124));
#4981=CARTESIAN_POINT('',(151.268401036322,-77.8500000000002,3.42760316772123));
#4982=CARTESIAN_POINT('Origin',(163.768401036322,-77.8500000000002,3.42760316772123));
#4983=CARTESIAN_POINT('',(151.268401036322,-77.8500000000002,1.67760316772124));
#4984=CARTESIAN_POINT('Origin',(171.268401036322,-50.3500000000002,3.42760316772123));
#4985=CARTESIAN_POINT('',(177.268401036322,-90.3500000000002,3.42760316772123));
#4986=CARTESIAN_POINT('',(171.268401036322,-90.3500000000002,3.42760316772123));
#4987=CARTESIAN_POINT('',(177.268401036322,-50.3500000000002,3.42760316772123));
#4988=CARTESIAN_POINT('',(177.268401036322,-11.2500000000002,3.42760316772123));
#4989=CARTESIAN_POINT('',(163.768401036322,-50.3500000000002,3.42760316772123));
#4990=CARTESIAN_POINT('',(171.268401036322,-50.3500000000002,3.42760316772123));
#4991=CARTESIAN_POINT('',(151.268401036322,-62.8500000000002,3.42760316772123));
#4992=CARTESIAN_POINT('Origin',(163.768401036322,-62.8500000000002,3.42760316772123));
#4993=CARTESIAN_POINT('',(151.268401036322,-90.3500000000002,3.42760316772123));
#4994=CARTESIAN_POINT('',(156.518401036322,-70.3500000000002,3.42760316772123));
#4995=CARTESIAN_POINT('Origin',(160.018401036322,-70.3500000000002,3.42760316772123));
#4996=CARTESIAN_POINT('Origin',(177.268401036322,27.8499999999998,22.1776031677212));
#4997=CARTESIAN_POINT('',(177.268401036322,-90.3500000000002,-12.3223968322788));
#4998=CARTESIAN_POINT('',(177.268401036322,-90.3500000000002,22.1776031677212));
#4999=CARTESIAN_POINT('',(177.268401036322,-50.3500000000002,-12.3223968322788));
#5000=CARTESIAN_POINT('',(177.268401036322,27.8499999999998,-12.3223968322787));
#5001=CARTESIAN_POINT('',(177.268401036322,-50.3500000000002,13.5526031677213));
#5002=CARTESIAN_POINT('Origin',(182.768401036322,27.8499999999998,-18.5723968322788));
#5003=CARTESIAN_POINT('',(182.768401036322,-50.3500000000002,-15.3223968322788));
#5004=CARTESIAN_POINT('',(182.768401036322,-90.3500000000002,-15.3223968322788));
#5005=CARTESIAN_POINT('',(182.768401036322,27.8499999999998,-15.3223968322788));
#5006=CARTESIAN_POINT('',(186.018401036322,-90.3500000000002,-18.5723968322788));
#5007=CARTESIAN_POINT('Origin',(182.768401036322,-90.3500000000002,-18.5723968322788));
#5008=CARTESIAN_POINT('',(186.018401036322,-50.3500000000002,-18.5723968322788));
#5009=CARTESIAN_POINT('',(186.018401036322,27.8499999999998,-18.5723968322788));
#5010=CARTESIAN_POINT('Origin',(182.768401036322,-50.3500000000002,-18.5723968322788));
#5011=CARTESIAN_POINT('Origin',(186.018401036322,27.8499999999998,-18.5723968322788));
#5012=CARTESIAN_POINT('',(186.018401036322,-90.3500000000002,-21.0723968322788));
#5013=CARTESIAN_POINT('',(186.018401036322,-90.3500000000002,-18.5723968322788));
#5014=CARTESIAN_POINT('',(186.018401036322,-50.3500000000002,-21.0723968322788));
#5015=CARTESIAN_POINT('',(186.018401036322,27.8499999999998,-21.0723968322788));
#5016=CARTESIAN_POINT('',(186.018401036322,-50.3500000000002,-6.82239683227877));
#5017=CARTESIAN_POINT('Origin',(189.018401036322,27.8499999999998,-21.0723968322788));
#5018=CARTESIAN_POINT('',(189.018401036322,-90.3500000000002,-24.0723968322788));
#5019=CARTESIAN_POINT('Origin',(189.018401036322,-90.3500000000002,-21.0723968322788));
#5020=CARTESIAN_POINT('',(189.018401036322,-50.3500000000002,-24.0723968322788));
#5021=CARTESIAN_POINT('',(189.018401036322,27.8499999999998,-24.0723968322788));
#5022=CARTESIAN_POINT('Origin',(189.018401036322,-50.3500000000002,-21.0723968322788));
#5023=CARTESIAN_POINT('Origin',(180.268401036322,27.8499999999998,-15.3223968322788));
#5024=CARTESIAN_POINT('',(180.268401036322,-50.3500000000002,-15.3223968322788));
#5025=CARTESIAN_POINT('',(180.268401036322,-90.3500000000002,-15.3223968322788));
#5026=CARTESIAN_POINT('',(180.268401036322,27.8499999999998,-15.3223968322788));
#5027=CARTESIAN_POINT('',(180.268401036322,-90.3500000000002,-15.3223968322788));
#5028=CARTESIAN_POINT('',(193.268401036323,-50.3500000000002,-15.3223968322786));
#5029=CARTESIAN_POINT('Origin',(180.268401036322,27.8499999999998,-12.3223968322788));
#5030=CARTESIAN_POINT('Origin',(180.268401036322,-90.3500000000002,-12.3223968322788));
#5031=CARTESIAN_POINT('Origin',(180.268401036322,-50.3500000000002,-12.3223968322788));
#5032=CARTESIAN_POINT('Origin',(171.268401036322,-90.3500000000002,-6.57239683227876));
#5033=CARTESIAN_POINT('',(168.768401036322,-50.3500000000002,-6.57239683227876));
#5034=CARTESIAN_POINT('',(168.768401036322,-90.3500000000002,-6.57239683227876));
#5035=CARTESIAN_POINT('',(168.768401036322,-31.2500000000002,-6.57239683227876));
#5036=CARTESIAN_POINT('',(171.268401036322,-90.3500000000002,-6.57239683227876));
#5037=CARTESIAN_POINT('',(151.268401036322,-62.8500000000002,-6.57239683227877));
#5038=CARTESIAN_POINT('',(151.268401036322,-50.3500000000002,-6.57239683227877));
#5039=CARTESIAN_POINT('',(163.768401036322,-50.3500000000002,-6.57239683227876));
#5040=CARTESIAN_POINT('Origin',(163.768401036322,-62.8500000000002,-6.57239683227876));
#5041=CARTESIAN_POINT('',(171.268401036322,-50.3500000000002,-6.57239683227876));
#5042=CARTESIAN_POINT('',(156.518401036322,-70.3500000000002,-6.57239683227877));
#5043=CARTESIAN_POINT('Origin',(160.018401036322,-70.3500000000002,-6.57239683227876));
#5044=CARTESIAN_POINT('Origin',(168.768401036322,-31.2500000000002,-9.07239683227877));
#5045=CARTESIAN_POINT('Origin',(168.768401036322,-90.3500000000002,-9.07239683227877));
#5046=CARTESIAN_POINT('Origin',(168.768401036322,-50.3500000000002,-9.07239683227877));
#5047=CARTESIAN_POINT('Origin',(226.518401036323,27.8499999999998,-18.5723968322788));
#5048=CARTESIAN_POINT('',(226.518401036323,-50.3500000000002,-21.0723968322788));
#5049=CARTESIAN_POINT('',(226.518401036323,-90.3500000000002,-21.0723968322788));
#5050=CARTESIAN_POINT('',(226.518401036323,27.8499999999998,-21.0723968322788));
#5051=CARTESIAN_POINT('',(226.518401036323,-90.3500000000002,-18.5723968322788));
#5052=CARTESIAN_POINT('',(226.518401036323,-50.3500000000002,-6.82239683227876));
#5053=CARTESIAN_POINT('Origin',(223.518401036323,27.8499999999998,-21.0723968322788));
#5054=CARTESIAN_POINT('',(223.518401036323,-50.3500000000002,-24.0723968322788));
#5055=CARTESIAN_POINT('',(223.518401036323,-90.3500000000002,-24.0723968322788));
#5056=CARTESIAN_POINT('',(223.518401036323,27.8499999999998,-24.0723968322788));
#5057=CARTESIAN_POINT('Origin',(223.518401036323,-90.3500000000002,-21.0723968322788));
#5058=CARTESIAN_POINT('Origin',(223.518401036323,-50.3500000000002,-21.0723968322788));
#5059=CARTESIAN_POINT('Origin',(223.518401036323,27.8499999999998,-24.0723968322788));
#5060=CARTESIAN_POINT('',(189.018401036322,-90.3500000000002,-24.0723968322788));
#5061=CARTESIAN_POINT('',(214.893401036323,-50.3500000000002,-24.0723968322788));
#5062=CARTESIAN_POINT('Origin',(136.268401036323,-90.3500000000002,-52.5723968322788));
#5063=CARTESIAN_POINT('Origin',(86.2684010363225,4.64999999999983,-43.3223968322789));
#5064=CARTESIAN_POINT('',(168.768401036322,4.64999999999982,-6.57239683227876));
#5065=CARTESIAN_POINT('Origin',(168.768401036322,4.64999999999983,-9.07239683227877));
#5066=CARTESIAN_POINT('',(163.768401036322,4.64999999999982,-6.57239683227876));
#5067=CARTESIAN_POINT('',(171.268401036322,4.64999999999982,-6.57239683227876));
#5068=CARTESIAN_POINT('',(163.768401036322,4.64999999999982,3.42760316772123));
#5069=CARTESIAN_POINT('',(163.768401036322,4.64999999999983,1.67760316772124));
#5070=CARTESIAN_POINT('',(177.268401036322,4.64999999999983,3.42760316772123));
#5071=CARTESIAN_POINT('',(171.268401036322,4.64999999999982,3.42760316772123));
#5072=CARTESIAN_POINT('',(177.268401036322,4.64999999999983,-12.3223968322788));
#5073=CARTESIAN_POINT('',(177.268401036322,4.64999999999983,13.5526031677213));
#5074=CARTESIAN_POINT('',(180.268401036322,4.64999999999983,-15.3223968322788));
#5075=CARTESIAN_POINT('Origin',(180.268401036322,4.64999999999983,-12.3223968322788));
#5076=CARTESIAN_POINT('',(182.768401036322,4.64999999999983,-15.3223968322788));
#5077=CARTESIAN_POINT('',(193.268401036323,4.64999999999983,-15.3223968322786));
#5078=CARTESIAN_POINT('',(186.018401036322,4.64999999999983,-18.5723968322788));
#5079=CARTESIAN_POINT('Origin',(182.768401036322,4.64999999999983,-18.5723968322788));
#5080=CARTESIAN_POINT('',(186.018401036322,4.64999999999983,-21.0723968322788));
#5081=CARTESIAN_POINT('',(186.018401036322,4.64999999999983,-6.82239683227877));
#5082=CARTESIAN_POINT('',(189.018401036322,4.64999999999983,-24.0723968322788));
#5083=CARTESIAN_POINT('Origin',(189.018401036322,4.64999999999983,-21.0723968322788));
#5084=CARTESIAN_POINT('',(223.518401036323,4.64999999999983,-24.0723968322788));
#5085=CARTESIAN_POINT('',(214.893401036323,4.64999999999983,-24.0723968322788));
#5086=CARTESIAN_POINT('',(226.518401036323,4.64999999999983,-21.0723968322788));
#5087=CARTESIAN_POINT('Origin',(223.518401036323,4.64999999999983,-21.0723968322788));
#5088=CARTESIAN_POINT('',(226.518401036323,4.64999999999983,-18.5723968322788));
#5089=CARTESIAN_POINT('',(226.518401036323,4.64999999999983,-6.82239683227876));
#5090=CARTESIAN_POINT('',(229.768401036323,4.64999999999983,-15.3223968322788));
#5091=CARTESIAN_POINT('Origin',(229.768401036323,4.64999999999983,-18.5723968322788));
#5092=CARTESIAN_POINT('',(232.268401036322,4.64999999999983,-15.3223968322788));
#5093=CARTESIAN_POINT('',(219.268401036322,4.64999999999983,-15.3223968322786));
#5094=CARTESIAN_POINT('',(235.268401036323,4.64999999999983,-12.3223968322788));
#5095=CARTESIAN_POINT('Origin',(232.268401036323,4.64999999999983,-12.3223968322788));
#5096=CARTESIAN_POINT('',(235.268401036323,4.64999999999983,3.42760316772124));
#5097=CARTESIAN_POINT('',(235.268401036322,4.64999999999983,13.5526031677213));
#5098=CARTESIAN_POINT('',(248.768401036322,4.64999999999982,3.42760316772124));
#5099=CARTESIAN_POINT('',(241.268401036322,4.64999999999982,3.42760316772124));
#5100=CARTESIAN_POINT('',(248.768401036322,4.64999999999982,-6.57239683227876));
#5101=CARTESIAN_POINT('',(248.768401036322,4.64999999999983,1.67760316772124));
#5102=CARTESIAN_POINT('',(243.768401036322,4.64999999999982,-6.57239683227876));
#5103=CARTESIAN_POINT('',(241.268401036322,4.64999999999982,-6.57239683227876));
#5104=CARTESIAN_POINT('Origin',(243.768401036322,4.64999999999983,-9.07239683227876));
#5105=CARTESIAN_POINT('',(121.268401036323,4.64999999999983,-47.9473968322789));
#5106=CARTESIAN_POINT('',(229.768401036323,4.64999999999982,-21.1723968322788));
#5107=CARTESIAN_POINT('Origin',(229.768401036323,4.64999999999982,-18.5723968322788));
#5108=CARTESIAN_POINT('',(182.768401036323,4.64999999999982,-21.1723968322789));
#5109=CARTESIAN_POINT('Origin',(182.768401036323,4.64999999999982,-18.5723968322789));
#5110=CARTESIAN_POINT('Origin',(229.768401036323,-35.3500000000001,-18.5723968322788));
#5111=CARTESIAN_POINT('',(229.768401036323,-35.3500000000002,-21.1723968322788));
#5112=CARTESIAN_POINT('Origin',(229.768401036323,-35.3500000000002,-18.5723968322788));
#5113=CARTESIAN_POINT('',(229.768401036323,-35.3500000000001,-21.1723968322788));
#5114=CARTESIAN_POINT('Origin',(223.518401036323,82.8499999999998,-24.0723968322788));
#5115=CARTESIAN_POINT('',(189.018401036322,-35.3500000000002,-24.0723968322788));
#5116=CARTESIAN_POINT('',(223.518401036323,-35.3500000000002,-24.0723968322788));
#5117=CARTESIAN_POINT('',(189.018401036322,-35.3500000000002,-24.0723968322788));
#5118=CARTESIAN_POINT('',(223.518401036323,82.8499999999998,-24.0723968322788));
#5119=CARTESIAN_POINT('',(189.018401036322,82.8499999999998,-24.0723968322788));
#5120=CARTESIAN_POINT('Origin',(243.768401036322,23.7499999999998,-9.07239683227876));
#5121=CARTESIAN_POINT('',(243.768401036322,-35.3500000000002,-6.57239683227876));
#5122=CARTESIAN_POINT('',(243.768401036322,23.7499999999998,-6.57239683227876));
#5123=CARTESIAN_POINT('Origin',(243.768401036322,-35.3500000000002,-9.07239683227876));
#5124=CARTESIAN_POINT('Origin',(241.268401036322,-35.3500000000002,-6.57239683227876));
#5125=CARTESIAN_POINT('',(261.268401036322,-7.85000000000017,-6.57239683227876));
#5126=CARTESIAN_POINT('Origin',(248.768401036322,-7.85000000000017,-6.57239683227876));
#5127=CARTESIAN_POINT('',(261.268401036322,-22.8500000000002,-6.57239683227876));
#5128=CARTESIAN_POINT('',(261.268401036322,4.64999999999982,-6.57239683227876));
#5129=CARTESIAN_POINT('',(248.768401036322,-35.3500000000002,-6.57239683227876));
#5130=CARTESIAN_POINT('Origin',(248.768401036322,-22.8500000000002,-6.57239683227876));
#5131=CARTESIAN_POINT('',(241.268401036322,-35.3500000000002,-6.57239683227876));
#5132=CARTESIAN_POINT('',(256.018401036322,-15.3500000000002,-6.57239683227876));
#5133=CARTESIAN_POINT('Origin',(252.518401036322,-15.3500000000002,-6.57239683227876));
#5134=CARTESIAN_POINT('Origin',(232.268401036323,82.8499999999998,-12.3223968322788));
#5135=CARTESIAN_POINT('',(232.268401036322,-35.3500000000002,-15.3223968322788));
#5136=CARTESIAN_POINT('',(232.268401036322,82.8499999999998,-15.3223968322788));
#5137=CARTESIAN_POINT('',(235.268401036323,-35.3500000000002,-12.3223968322788));
#5138=CARTESIAN_POINT('Origin',(232.268401036323,-35.3500000000002,-12.3223968322788));
#5139=CARTESIAN_POINT('',(235.268401036323,82.8499999999998,-12.3223968322787));
#5140=CARTESIAN_POINT('Origin',(232.268401036322,82.8499999999998,-15.3223968322788));
#5141=CARTESIAN_POINT('',(229.768401036323,-35.3500000000002,-15.3223968322788));
#5142=CARTESIAN_POINT('',(229.768401036323,82.8499999999998,-15.3223968322788));
#5143=CARTESIAN_POINT('',(232.268401036322,-35.3500000000002,-15.3223968322788));
#5144=CARTESIAN_POINT('Origin',(223.518401036323,82.8499999999998,-21.0723968322788));
#5145=CARTESIAN_POINT('',(226.518401036323,-35.3500000000002,-21.0723968322788));
#5146=CARTESIAN_POINT('Origin',(223.518401036323,-35.3500000000002,-21.0723968322788));
#5147=CARTESIAN_POINT('',(226.518401036323,82.8499999999998,-21.0723968322788));
#5148=CARTESIAN_POINT('Origin',(226.518401036323,82.8499999999998,-18.5723968322788));
#5149=CARTESIAN_POINT('',(226.518401036323,-35.3500000000002,-18.5723968322788));
#5150=CARTESIAN_POINT('',(226.518401036323,-35.3500000000002,-18.5723968322788));
#5151=CARTESIAN_POINT('',(226.518401036323,82.8499999999998,-18.5723968322788));
#5152=CARTESIAN_POINT('Origin',(229.768401036323,82.8499999999998,-18.5723968322788));
#5153=CARTESIAN_POINT('Origin',(229.768401036323,-35.3500000000002,-18.5723968322788));
#5154=CARTESIAN_POINT('Origin',(235.268401036322,82.8499999999998,22.1776031677212));
#5155=CARTESIAN_POINT('',(235.268401036323,-35.3500000000002,3.42760316772124));
#5156=CARTESIAN_POINT('',(235.268401036323,43.7499999999998,3.42760316772124));
#5157=CARTESIAN_POINT('',(235.268401036322,-35.3500000000002,22.1776031677212));
#5158=CARTESIAN_POINT('Origin',(252.518401036322,-15.3500000000002,16.4276031677212));
#5159=CARTESIAN_POINT('',(256.018401036322,-15.3500000000002,3.42760316772124));
#5160=CARTESIAN_POINT('Origin',(252.518401036322,-15.3500000000002,3.42760316772124));
#5161=CARTESIAN_POINT('',(256.018401036322,-15.3500000000002,16.4276031677212));
#5162=CARTESIAN_POINT('Origin',(168.768401036322,23.7499999999998,-9.07239683227877));
#5163=CARTESIAN_POINT('',(168.768401036322,-35.3500000000002,-6.57239683227876));
#5164=CARTESIAN_POINT('Origin',(168.768401036322,-35.3500000000002,-9.07239683227877));
#5165=CARTESIAN_POINT('',(168.768401036322,23.7499999999998,-6.57239683227876));
#5166=CARTESIAN_POINT('Origin',(171.268401036322,-35.3500000000002,-6.57239683227876));
#5167=CARTESIAN_POINT('',(151.268401036322,-22.8500000000002,-6.57239683227877));
#5168=CARTESIAN_POINT('',(163.768401036322,-35.3500000000002,-6.57239683227876));
#5169=CARTESIAN_POINT('Origin',(163.768401036322,-22.8500000000002,-6.57239683227876));
#5170=CARTESIAN_POINT('',(151.268401036322,-7.85000000000017,-6.57239683227877));
#5171=CARTESIAN_POINT('',(151.268401036322,4.64999999999982,-6.57239683227877));
#5172=CARTESIAN_POINT('Origin',(163.768401036322,-7.85000000000017,-6.57239683227876));
#5173=CARTESIAN_POINT('',(171.268401036322,-35.3500000000002,-6.57239683227876));
#5174=CARTESIAN_POINT('',(156.518401036322,-15.3500000000002,-6.57239683227877));
#5175=CARTESIAN_POINT('Origin',(160.018401036322,-15.3500000000002,-6.57239683227876));
#5176=CARTESIAN_POINT('Origin',(180.268401036322,82.8499999999998,-12.3223968322788));
#5177=CARTESIAN_POINT('',(180.268401036322,-35.3500000000002,-15.3223968322788));
#5178=CARTESIAN_POINT('',(180.268401036322,82.8499999999998,-15.3223968322788));
#5179=CARTESIAN_POINT('',(177.268401036322,-35.3500000000002,-12.3223968322788));
#5180=CARTESIAN_POINT('',(177.268401036322,82.8499999999998,-12.3223968322787));
#5181=CARTESIAN_POINT('Origin',(180.268401036322,-35.3500000000002,-12.3223968322788));
#5182=CARTESIAN_POINT('Origin',(180.268401036322,82.8499999999998,-15.3223968322788));
#5183=CARTESIAN_POINT('',(182.768401036322,-35.3500000000002,-15.3223968322788));
#5184=CARTESIAN_POINT('',(182.768401036322,82.8499999999998,-15.3223968322788));
#5185=CARTESIAN_POINT('',(180.268401036322,-35.3500000000002,-15.3223968322788));
#5186=CARTESIAN_POINT('Origin',(189.018401036322,82.8499999999998,-21.0723968322788));
#5187=CARTESIAN_POINT('',(186.018401036322,-35.3500000000002,-21.0723968322788));
#5188=CARTESIAN_POINT('',(186.018401036322,82.8499999999998,-21.0723968322788));
#5189=CARTESIAN_POINT('Origin',(189.018401036322,-35.3500000000002,-21.0723968322788));
#5190=CARTESIAN_POINT('Origin',(186.018401036322,82.8499999999998,-18.5723968322788));
#5191=CARTESIAN_POINT('',(186.018401036322,-35.3500000000002,-18.5723968322788));
#5192=CARTESIAN_POINT('',(186.018401036322,82.8499999999998,-18.5723968322788));
#5193=CARTESIAN_POINT('',(186.018401036322,-35.3500000000002,-18.5723968322788));
#5194=CARTESIAN_POINT('Origin',(182.768401036322,82.8499999999998,-18.5723968322788));
#5195=CARTESIAN_POINT('Origin',(182.768401036322,-35.3500000000002,-18.5723968322788));
#5196=CARTESIAN_POINT('Origin',(177.268401036322,82.8499999999998,22.1776031677212));
#5197=CARTESIAN_POINT('',(177.268401036322,-35.3500000000002,3.42760316772123));
#5198=CARTESIAN_POINT('',(177.268401036322,43.7499999999998,3.42760316772123));
#5199=CARTESIAN_POINT('',(177.268401036322,-35.3500000000002,22.1776031677212));
#5200=CARTESIAN_POINT('Origin',(160.018401036322,-15.3500000000002,16.4276031677212));
#5201=CARTESIAN_POINT('',(156.518401036322,-15.3500000000002,3.42760316772123));
#5202=CARTESIAN_POINT('Origin',(160.018401036322,-15.3500000000002,3.42760316772123));
#5203=CARTESIAN_POINT('',(156.518401036322,-15.3500000000002,16.4276031677212));
#5204=CARTESIAN_POINT('Origin',(182.768401036323,-35.3500000000001,-18.5723968322789));
#5205=CARTESIAN_POINT('',(182.768401036323,-35.3500000000002,-21.1723968322789));
#5206=CARTESIAN_POINT('Origin',(182.768401036323,-35.3500000000002,-18.5723968322789));
#5207=CARTESIAN_POINT('',(182.768401036323,-35.3500000000001,-21.1723968322789));
#5208=CARTESIAN_POINT('Origin',(206.268401036322,-35.3500000000002,4.92760316772124));
#5209=CARTESIAN_POINT('',(163.768401036322,-35.3500000000002,3.42760316772123));
#5210=CARTESIAN_POINT('',(163.768401036322,-35.3500000000002,1.67760316772124));
#5211=CARTESIAN_POINT('',(171.268401036322,-35.3500000000002,-30.0723968322788));
#5212=CARTESIAN_POINT('',(248.768401036322,-35.3500000000002,3.42760316772124));
#5213=CARTESIAN_POINT('',(248.768401036322,-35.3500000000002,1.67760316772124));
#5214=CARTESIAN_POINT('',(241.268401036322,-35.3500000000002,3.42760316772124));
#5215=CARTESIAN_POINT('',(171.268401036322,-35.3500000000002,3.42760316772123));
#5216=CARTESIAN_POINT('Origin',(248.768401036322,-22.8500000000002,1.67760316772124));
#5217=CARTESIAN_POINT('',(261.268401036322,-22.8500000000002,3.42760316772124));
#5218=CARTESIAN_POINT('',(261.268401036322,-22.8500000000002,1.67760316772124));
#5219=CARTESIAN_POINT('Origin',(248.768401036322,-22.8500000000002,3.42760316772124));
#5220=CARTESIAN_POINT('Origin',(241.268401036322,4.64999999999982,3.42760316772124));
#5221=CARTESIAN_POINT('',(261.268401036322,-7.85000000000017,3.42760316772124));
#5222=CARTESIAN_POINT('Origin',(248.768401036322,-7.85000000000017,3.42760316772124));
#5223=CARTESIAN_POINT('',(261.268401036322,-35.3500000000002,3.42760316772124));
#5224=CARTESIAN_POINT('Origin',(261.268401036322,-15.3500000000002,-1.57239683227876));
#5225=CARTESIAN_POINT('',(261.268401036322,-7.85000000000017,1.67760316772124));
#5226=CARTESIAN_POINT('Origin',(248.768401036322,-7.85000000000017,1.67760316772124));
#5227=CARTESIAN_POINT('Origin',(163.768401036322,-7.85000000000017,1.67760316772124));
#5228=CARTESIAN_POINT('',(151.268401036322,-7.85000000000017,3.42760316772123));
#5229=CARTESIAN_POINT('Origin',(163.768401036322,-7.85000000000017,3.42760316772123));
#5230=CARTESIAN_POINT('',(151.268401036322,-7.85000000000017,1.67760316772124));
#5231=CARTESIAN_POINT('Origin',(171.268401036322,4.64999999999982,3.42760316772123));
#5232=CARTESIAN_POINT('',(151.268401036322,-22.8500000000002,3.42760316772123));
#5233=CARTESIAN_POINT('Origin',(163.768401036322,-22.8500000000002,3.42760316772123));
#5234=CARTESIAN_POINT('',(151.268401036322,-35.3500000000002,3.42760316772123));
#5235=CARTESIAN_POINT('Origin',(151.268401036322,-15.3500000000002,-1.57239683227877));
#5236=CARTESIAN_POINT('',(151.268401036322,-22.8500000000002,1.67760316772124));
#5237=CARTESIAN_POINT('Origin',(163.768401036322,-22.8500000000002,1.67760316772124));
#5238=CARTESIAN_POINT('Origin',(261.268401036322,-70.3500000000002,-1.57239683227876));
#5239=CARTESIAN_POINT('',(261.268401036322,-62.8500000000002,1.67760316772124));
#5240=CARTESIAN_POINT('Origin',(252.518401036322,-70.3500000000002,16.4276031677212));
#5241=CARTESIAN_POINT('',(256.018401036322,-70.3500000000002,16.4276031677212));
#5242=CARTESIAN_POINT('Origin',(160.018401036322,-70.3500000000002,16.4276031677212));
#5243=CARTESIAN_POINT('',(156.518401036322,-70.3500000000002,16.4276031677212));
#5244=CARTESIAN_POINT('Origin',(163.768401036322,-62.8500000000002,1.67760316772124));
#5245=CARTESIAN_POINT('',(163.768401036322,-50.3500000000002,1.67760316772124));
#5246=CARTESIAN_POINT('',(151.268401036322,-62.8500000000002,1.67760316772124));
#5247=CARTESIAN_POINT('Origin',(151.268401036322,-70.3500000000002,-1.57239683227877));
#5248=CARTESIAN_POINT('Origin',(248.768401036322,-62.8500000000002,1.67760316772124));
#5249=CARTESIAN_POINT('',(248.768401036322,-50.3500000000002,1.67760316772124));
#5250=CARTESIAN_POINT('Origin',(206.268401036322,-50.3500000000002,4.92760316772124));
#5251=CARTESIAN_POINT('',(188.768401036322,-50.3500000000002,-30.0723968322788));
#5252=CARTESIAN_POINT('Origin',(171.268401036322,-50.3500000000002,-30.0723968322788));
#5253=CARTESIAN_POINT('Origin',(146.268401036322,-83.3500000000001,-29.5723968322788));
#5254=CARTESIAN_POINT('',(45.2684010363226,-83.3500000000001,-46.0723968322788));
#5255=CARTESIAN_POINT('Origin',(141.268401036323,18.6499999999999,-29.072396832279));
#5256=CARTESIAN_POINT('',(141.268401036323,11.1499999999999,-34.072396832279));
#5257=CARTESIAN_POINT('',(141.268401036323,11.1499999999999,-24.072396832279));
#5258=CARTESIAN_POINT('',(141.268401036323,11.1499999999999,-25.822396832279));
#5259=CARTESIAN_POINT('',(141.268401036323,26.1499999999999,-34.072396832279));
#5260=CARTESIAN_POINT('',(141.268401036323,38.6499999999999,-34.072396832279));
#5261=CARTESIAN_POINT('',(141.268401036323,26.1499999999999,-24.072396832279));
#5262=CARTESIAN_POINT('',(141.268401036323,26.1499999999999,-25.822396832279));
#5263=CARTESIAN_POINT('',(141.268401036323,-1.35000000000014,-24.072396832279));
#5264=CARTESIAN_POINT('Origin',(121.268401036323,93.6499999999998,-24.072396832279));
#5265=CARTESIAN_POINT('',(128.768401036323,88.6499999999998,-24.072396832279));
#5266=CARTESIAN_POINT('',(141.268401036323,76.1499999999999,-24.072396832279));
#5267=CARTESIAN_POINT('Origin',(128.768401036323,76.1499999999999,-24.072396832279));
#5268=CARTESIAN_POINT('',(115.268401036323,88.6499999999998,-24.072396832279));
#5269=CARTESIAN_POINT('',(103.768401036323,88.6499999999998,-24.072396832279));
#5270=CARTESIAN_POINT('',(115.268401036323,53.6499999999998,-24.072396832279));
#5271=CARTESIAN_POINT('',(115.268401036323,132.75,-24.072396832279));
#5272=CARTESIAN_POINT('',(128.768401036323,53.6499999999998,-24.072396832279));
#5273=CARTESIAN_POINT('',(121.268401036323,53.6499999999998,-24.072396832279));
#5274=CARTESIAN_POINT('',(141.268401036323,66.1499999999999,-24.072396832279));
#5275=CARTESIAN_POINT('Origin',(128.768401036323,66.1499999999998,-24.072396832279));
#5276=CARTESIAN_POINT('',(141.268401036323,53.6499999999999,-24.072396832279));
#5277=CARTESIAN_POINT('',(135.787575243978,72.3999999999998,-24.072396832279));
#5278=CARTESIAN_POINT('',(129.249226828667,72.3999999999999,-24.072396832279));
#5279=CARTESIAN_POINT('Origin',(132.518401036322,71.1499999999998,-24.072396832279));
#5280=CARTESIAN_POINT('Origin',(132.518401036323,73.6499999999998,-24.072396832279));
#5281=CARTESIAN_POINT('Origin',(128.768401036323,76.1499999999998,-25.822396832279));
#5282=CARTESIAN_POINT('',(141.268401036323,76.1499999999999,-34.072396832279));
#5283=CARTESIAN_POINT('',(128.768401036323,88.6499999999998,-34.072396832279));
#5284=CARTESIAN_POINT('Origin',(128.768401036323,76.1499999999999,-34.072396832279));
#5285=CARTESIAN_POINT('',(128.768401036323,88.6499999999998,-25.822396832279));
#5286=CARTESIAN_POINT('',(141.268401036323,76.1499999999999,-25.822396832279));
#5287=CARTESIAN_POINT('Origin',(86.2684010363225,53.6499999999998,-22.572396832279));
#5288=CARTESIAN_POINT('',(121.268401036323,53.6499999999998,-36.572396832279));
#5289=CARTESIAN_POINT('',(121.268401036323,53.6499999999998,12.427603167721));
#5290=CARTESIAN_POINT('',(123.768401036323,53.6499999999998,-34.072396832279));
#5291=CARTESIAN_POINT('Origin',(123.768401036323,53.6499999999998,-36.572396832279));
#5292=CARTESIAN_POINT('',(128.768401036323,53.6499999999998,-34.072396832279));
#5293=CARTESIAN_POINT('',(121.268401036323,53.6499999999998,-34.072396832279));
#5294=CARTESIAN_POINT('',(128.768401036323,53.6499999999998,-25.822396832279));
#5295=CARTESIAN_POINT('',(115.268401036323,53.6499999999998,-39.822396832279));
#5296=CARTESIAN_POINT('',(115.268401036323,53.6499999999998,-5.322396832279));
#5297=CARTESIAN_POINT('',(112.268401036323,53.6499999999998,-42.822396832279));
#5298=CARTESIAN_POINT('Origin',(112.268401036323,53.6499999999998,-39.822396832279));
#5299=CARTESIAN_POINT('',(109.768401036323,53.6499999999998,-42.822396832279));
#5300=CARTESIAN_POINT('',(112.268401036323,53.6499999999998,-42.822396832279));
#5301=CARTESIAN_POINT('',(106.518401036323,53.6499999999998,-46.072396832279));
#5302=CARTESIAN_POINT('Origin',(109.768401036323,53.6499999999998,-46.072396832279));
#5303=CARTESIAN_POINT('',(106.518401036323,53.6499999999998,-48.572396832279));
#5304=CARTESIAN_POINT('',(106.518401036323,53.6499999999998,-46.072396832279));
#5305=CARTESIAN_POINT('',(103.518401036323,53.6499999999998,-51.572396832279));
#5306=CARTESIAN_POINT('Origin',(103.518401036323,53.6499999999998,-48.572396832279));
#5307=CARTESIAN_POINT('',(69.0184010363224,53.6499999999998,-51.572396832279));
#5308=CARTESIAN_POINT('',(69.0184010363224,53.6499999999998,-51.572396832279));
#5309=CARTESIAN_POINT('',(66.0184010363224,53.6499999999998,-48.572396832279));
#5310=CARTESIAN_POINT('Origin',(69.0184010363224,53.6499999999998,-48.572396832279));
#5311=CARTESIAN_POINT('',(66.0184010363224,53.6499999999998,-46.072396832279));
#5312=CARTESIAN_POINT('',(66.0184010363224,53.6499999999998,-46.072396832279));
#5313=CARTESIAN_POINT('',(62.7684010363224,53.6499999999998,-42.822396832279));
#5314=CARTESIAN_POINT('Origin',(62.7684010363224,53.6499999999998,-46.072396832279));
#5315=CARTESIAN_POINT('',(60.2684010363225,53.6499999999998,-42.822396832279));
#5316=CARTESIAN_POINT('',(60.2684010363225,53.6499999999998,-42.822396832279));
#5317=CARTESIAN_POINT('',(57.2684010363224,53.6499999999998,-39.822396832279));
#5318=CARTESIAN_POINT('Origin',(60.2684010363224,53.6499999999998,-39.822396832279));
#5319=CARTESIAN_POINT('',(57.2684010363225,53.6499999999998,-24.072396832279));
#5320=CARTESIAN_POINT('',(57.2684010363225,53.6499999999998,-5.322396832279));
#5321=CARTESIAN_POINT('',(43.7684010363225,53.6499999999998,-24.072396832279));
#5322=CARTESIAN_POINT('',(51.2684010363225,53.6499999999998,-24.072396832279));
#5323=CARTESIAN_POINT('',(43.7684010363225,53.6499999999998,-34.072396832279));
#5324=CARTESIAN_POINT('',(43.7684010363225,53.6499999999998,-25.822396832279));
#5325=CARTESIAN_POINT('',(48.7684010363225,53.6499999999998,-34.072396832279));
#5326=CARTESIAN_POINT('',(51.2684010363225,53.6499999999998,-34.072396832279));
#5327=CARTESIAN_POINT('',(51.2684010363225,53.6499999999998,-36.572396832279));
#5328=CARTESIAN_POINT('Origin',(48.7684010363225,53.6499999999998,-36.572396832279));
#5329=CARTESIAN_POINT('',(51.2684010363225,53.6499999999998,12.427603167721));
#5330=CARTESIAN_POINT('',(109.768401036323,53.6499999999998,-48.672396832279));
#5331=CARTESIAN_POINT('Origin',(109.768401036323,53.6499999999998,-46.072396832279));
#5332=CARTESIAN_POINT('',(62.7684010363226,53.6499999999998,-48.6723968322791));
#5333=CARTESIAN_POINT('Origin',(62.7684010363226,53.6499999999998,-46.0723968322791));
#5334=CARTESIAN_POINT('Origin',(121.268401036323,171.85,-57.572396832279));
#5335=CARTESIAN_POINT('',(121.268401036323,88.6499999999998,-36.572396832279));
#5336=CARTESIAN_POINT('',(121.268401036323,88.65,-57.5723968322788));
#5337=CARTESIAN_POINT('',(121.268401036323,112.75,-36.572396832279));
#5338=CARTESIAN_POINT('',(121.268401036323,38.6499999999998,-36.572396832279));
#5339=CARTESIAN_POINT('',(121.268401036323,38.6499999999998,-40.072396832279));
#5340=CARTESIAN_POINT('',(121.268401036323,-1.35000000000015,-36.572396832279));
#5341=CARTESIAN_POINT('',(121.268401036323,57.7499999999999,-36.572396832279));
#5342=CARTESIAN_POINT('',(121.268401036323,-1.35000000000015,12.427603167721));
#5343=CARTESIAN_POINT('Origin',(121.268401036323,53.6499999999998,-34.072396832279));
#5344=CARTESIAN_POINT('',(141.268401036323,66.1499999999999,-34.072396832279));
#5345=CARTESIAN_POINT('Origin',(128.768401036323,66.1499999999999,-34.072396832279));
#5346=CARTESIAN_POINT('',(123.768401036323,88.6499999999998,-34.072396832279));
#5347=CARTESIAN_POINT('',(123.768401036323,112.75,-34.072396832279));
#5348=CARTESIAN_POINT('',(103.768401036323,88.6499999999998,-34.072396832279));
#5349=CARTESIAN_POINT('',(141.268401036323,93.6499999999998,-34.072396832279));
#5350=CARTESIAN_POINT('',(129.249226828667,72.3999999999999,-34.072396832279));
#5351=CARTESIAN_POINT('',(135.787575243978,72.3999999999998,-34.072396832279));
#5352=CARTESIAN_POINT('Origin',(132.518401036322,71.1499999999998,-34.072396832279));
#5353=CARTESIAN_POINT('Origin',(132.518401036323,73.6499999999998,-34.072396832279));
#5354=CARTESIAN_POINT('Origin',(128.768401036323,66.1499999999998,-25.822396832279));
#5355=CARTESIAN_POINT('',(141.268401036323,66.1499999999999,-25.822396832279));
#5356=CARTESIAN_POINT('Origin',(43.7684010363225,66.1499999999998,-25.822396832279));
#5357=CARTESIAN_POINT('',(31.2684010363225,66.1499999999998,-34.072396832279));
#5358=CARTESIAN_POINT('Origin',(43.7684010363225,66.1499999999998,-34.072396832279));
#5359=CARTESIAN_POINT('',(31.2684010363225,66.1499999999998,-24.072396832279));
#5360=CARTESIAN_POINT('Origin',(43.7684010363225,66.1499999999998,-24.072396832279));
#5361=CARTESIAN_POINT('',(31.2684010363225,66.1499999999998,-25.822396832279));
#5362=CARTESIAN_POINT('Origin',(31.2684010363225,73.6499999999998,-29.072396832279));
#5363=CARTESIAN_POINT('',(31.2684010363225,76.1499999999998,-24.072396832279));
#5364=CARTESIAN_POINT('',(31.2684010363225,53.6499999999998,-24.072396832279));
#5365=CARTESIAN_POINT('',(31.2684010363225,76.1499999999998,-34.072396832279));
#5366=CARTESIAN_POINT('',(31.2684010363225,76.1499999999998,-25.822396832279));
#5367=CARTESIAN_POINT('',(31.2684010363225,93.6499999999998,-34.072396832279));
#5368=CARTESIAN_POINT('Origin',(51.2684010363225,93.6499999999998,-24.072396832279));
#5369=CARTESIAN_POINT('',(57.2684010363225,88.6499999999998,-24.072396832279));
#5370=CARTESIAN_POINT('',(57.2684010363225,132.75,-24.072396832279));
#5371=CARTESIAN_POINT('',(43.7684010363225,88.6499999999998,-24.072396832279));
#5372=CARTESIAN_POINT('',(68.7684010363225,88.6499999999998,-24.072396832279));
#5373=CARTESIAN_POINT('Origin',(43.7684010363225,76.1499999999998,-24.072396832279));
#5374=CARTESIAN_POINT('',(43.287575243978,72.3999999999998,-24.072396832279));
#5375=CARTESIAN_POINT('',(36.749226828667,72.3999999999998,-24.072396832279));
#5376=CARTESIAN_POINT('Origin',(40.0184010363225,71.1499999999998,-24.072396832279));
#5377=CARTESIAN_POINT('Origin',(40.0184010363225,73.6499999999998,-24.072396832279));
#5378=CARTESIAN_POINT('Origin',(43.7684010363225,76.1499999999998,-25.822396832279));
#5379=CARTESIAN_POINT('',(43.7684010363225,88.6499999999998,-34.072396832279));
#5380=CARTESIAN_POINT('Origin',(43.7684010363225,76.1499999999998,-34.072396832279));
#5381=CARTESIAN_POINT('',(43.7684010363225,88.6499999999998,-25.822396832279));
#5382=CARTESIAN_POINT('Origin',(40.0184010363225,71.1499999999998,-31.822396832279));
#5383=CARTESIAN_POINT('',(36.749226828667,72.3999999999998,-34.072396832279));
#5384=CARTESIAN_POINT('',(36.749226828667,72.3999999999998,-31.822396832279));
#5385=CARTESIAN_POINT('',(43.287575243978,72.3999999999998,-34.072396832279));
#5386=CARTESIAN_POINT('',(43.287575243978,72.3999999999998,-31.822396832279));
#5387=CARTESIAN_POINT('Origin',(40.0184010363225,71.1499999999998,-34.072396832279));
#5388=CARTESIAN_POINT('Origin',(40.0184010363225,73.6499999999998,-11.072396832279));
#5389=CARTESIAN_POINT('Origin',(40.0184010363225,73.6499999999998,-34.072396832279));
#5390=CARTESIAN_POINT('Origin',(132.518401036322,71.1499999999998,-11.072396832279));
#5391=CARTESIAN_POINT('',(135.787575243978,72.3999999999998,-11.072396832279));
#5392=CARTESIAN_POINT('',(129.249226828667,72.3999999999999,-11.072396832279));
#5393=CARTESIAN_POINT('Origin',(123.768401036323,112.75,-36.572396832279));
#5394=CARTESIAN_POINT('Origin',(123.768401036323,88.6499999999998,-36.572396832279));
#5395=CARTESIAN_POINT('Origin',(115.268401036323,171.85,-5.32239683227899));
#5396=CARTESIAN_POINT('',(115.268401036323,88.6499999999998,-39.822396832279));
#5397=CARTESIAN_POINT('',(115.268401036323,88.6499999999998,-13.9473968322789));
#5398=CARTESIAN_POINT('',(115.268401036323,171.85,-39.822396832279));
#5399=CARTESIAN_POINT('Origin',(112.268401036323,171.85,-39.822396832279));
#5400=CARTESIAN_POINT('',(112.268401036323,88.6499999999998,-42.822396832279));
#5401=CARTESIAN_POINT('Origin',(112.268401036323,88.6499999999998,-39.822396832279));
#5402=CARTESIAN_POINT('',(112.268401036323,171.85,-42.822396832279));
#5403=CARTESIAN_POINT('Origin',(112.268401036323,171.85,-42.822396832279));
#5404=CARTESIAN_POINT('',(109.768401036323,88.6499999999998,-42.822396832279));
#5405=CARTESIAN_POINT('',(99.2684010363224,88.6499999999998,-42.8223968322788));
#5406=CARTESIAN_POINT('',(109.768401036323,171.85,-42.822396832279));
#5407=CARTESIAN_POINT('Origin',(109.768401036323,171.85,-46.072396832279));
#5408=CARTESIAN_POINT('',(106.518401036323,88.6499999999998,-46.072396832279));
#5409=CARTESIAN_POINT('Origin',(109.768401036323,88.6499999999998,-46.072396832279));
#5410=CARTESIAN_POINT('',(106.518401036323,171.85,-46.072396832279));
#5411=CARTESIAN_POINT('Origin',(106.518401036323,171.85,-46.072396832279));
#5412=CARTESIAN_POINT('',(106.518401036323,88.6499999999998,-48.572396832279));
#5413=CARTESIAN_POINT('',(106.518401036323,88.6499999999998,-34.322396832279));
#5414=CARTESIAN_POINT('',(106.518401036323,171.85,-48.572396832279));
#5415=CARTESIAN_POINT('Origin',(103.518401036323,171.85,-48.572396832279));
#5416=CARTESIAN_POINT('',(103.518401036323,88.6499999999998,-51.572396832279));
#5417=CARTESIAN_POINT('Origin',(103.518401036323,88.6499999999998,-48.572396832279));
#5418=CARTESIAN_POINT('',(103.518401036323,171.85,-51.572396832279));
#5419=CARTESIAN_POINT('Origin',(103.518401036323,171.85,-51.572396832279));
#5420=CARTESIAN_POINT('',(69.0184010363224,88.6499999999998,-51.572396832279));
#5421=CARTESIAN_POINT('',(94.8934010363226,88.6499999999998,-51.572396832279));
#5422=CARTESIAN_POINT('',(69.0184010363224,171.85,-51.572396832279));
#5423=CARTESIAN_POINT('Origin',(62.7684010363226,53.6499999999999,-46.0723968322791));
#5424=CARTESIAN_POINT('',(62.7684010363226,88.6499999999998,-48.6723968322791));
#5425=CARTESIAN_POINT('',(62.7684010363226,53.6499999999999,-48.6723968322791));
#5426=CARTESIAN_POINT('Origin',(62.7684010363226,88.6499999999998,-46.0723968322791));
#5427=CARTESIAN_POINT('Origin',(57.2684010363225,171.85,-5.322396832279));
#5428=CARTESIAN_POINT('',(57.2684010363224,88.6499999999998,-39.822396832279));
#5429=CARTESIAN_POINT('',(57.2684010363225,88.6499999999998,-13.9473968322789));
#5430=CARTESIAN_POINT('',(57.2684010363224,171.85,-39.822396832279));
#5431=CARTESIAN_POINT('Origin',(62.7684010363224,171.85,-46.072396832279));
#5432=CARTESIAN_POINT('',(66.0184010363224,88.6499999999998,-46.072396832279));
#5433=CARTESIAN_POINT('',(62.7684010363224,88.6499999999998,-42.822396832279));
#5434=CARTESIAN_POINT('Origin',(62.7684010363224,88.6499999999998,-46.072396832279));
#5435=CARTESIAN_POINT('',(62.7684010363224,171.85,-42.822396832279));
#5436=CARTESIAN_POINT('',(66.0184010363224,171.85,-46.072396832279));
#5437=CARTESIAN_POINT('Origin',(66.0184010363224,171.85,-46.072396832279));
#5438=CARTESIAN_POINT('',(66.0184010363224,88.6499999999998,-48.572396832279));
#5439=CARTESIAN_POINT('',(66.0184010363224,88.6499999999998,-34.322396832279));
#5440=CARTESIAN_POINT('',(66.0184010363224,171.85,-48.572396832279));
#5441=CARTESIAN_POINT('Origin',(69.0184010363224,171.85,-48.572396832279));
#5442=CARTESIAN_POINT('Origin',(69.0184010363224,88.6499999999998,-48.572396832279));
#5443=CARTESIAN_POINT('Origin',(60.2684010363225,171.85,-42.822396832279));
#5444=CARTESIAN_POINT('',(60.2684010363225,88.6499999999998,-42.822396832279));
#5445=CARTESIAN_POINT('',(73.2684010363226,88.6499999999998,-42.8223968322788));
#5446=CARTESIAN_POINT('',(60.2684010363225,171.85,-42.822396832279));
#5447=CARTESIAN_POINT('Origin',(60.2684010363224,171.85,-39.822396832279));
#5448=CARTESIAN_POINT('Origin',(60.2684010363224,88.6499999999998,-39.822396832279));
#5449=CARTESIAN_POINT('Origin',(51.2684010363225,171.85,-57.572396832279));
#5450=CARTESIAN_POINT('',(51.2684010363225,88.6499999999998,-36.572396832279));
#5451=CARTESIAN_POINT('',(51.2684010363225,112.75,-36.572396832279));
#5452=CARTESIAN_POINT('',(51.2684010363225,88.6499999999998,-40.072396832279));
#5453=CARTESIAN_POINT('Origin',(51.2684010363225,53.6499999999998,-34.072396832279));
#5454=CARTESIAN_POINT('',(48.7684010363225,88.6499999999998,-34.072396832279));
#5455=CARTESIAN_POINT('',(68.7684010363225,88.6499999999998,-34.072396832279));
#5456=CARTESIAN_POINT('',(48.7684010363225,112.75,-34.072396832279));
#5457=CARTESIAN_POINT('Origin',(48.7684010363225,112.75,-36.572396832279));
#5458=CARTESIAN_POINT('Origin',(48.7684010363225,88.6499999999998,-36.572396832279));
#5459=CARTESIAN_POINT('Origin',(132.518401036323,73.6499999999998,-11.072396832279));
#5460=CARTESIAN_POINT('Origin',(109.768401036323,53.6499999999999,-46.072396832279));
#5461=CARTESIAN_POINT('',(109.768401036323,88.6499999999998,-48.672396832279));
#5462=CARTESIAN_POINT('',(109.768401036323,53.6499999999999,-48.672396832279));
#5463=CARTESIAN_POINT('Origin',(109.768401036323,88.6499999999998,-46.072396832279));
#5464=CARTESIAN_POINT('Origin',(141.268401036323,73.6499999999999,-29.072396832279));
#5465=CARTESIAN_POINT('Origin',(128.768401036323,11.1499999999999,-25.822396832279));
#5466=CARTESIAN_POINT('',(128.768401036323,-1.35000000000015,-24.072396832279));
#5467=CARTESIAN_POINT('Origin',(128.768401036323,11.1499999999999,-24.072396832279));
#5468=CARTESIAN_POINT('',(128.768401036323,-1.35000000000015,-34.072396832279));
#5469=CARTESIAN_POINT('',(128.768401036323,-1.35000000000015,-25.822396832279));
#5470=CARTESIAN_POINT('Origin',(128.768401036323,11.1499999999999,-34.072396832279));
#5471=CARTESIAN_POINT('Origin',(121.268401036323,-1.35000000000015,-34.072396832279));
#5472=CARTESIAN_POINT('',(123.768401036323,-1.35000000000015,-34.072396832279));
#5473=CARTESIAN_POINT('',(121.268401036323,-1.35000000000015,-34.072396832279));
#5474=CARTESIAN_POINT('',(123.768401036323,38.6499999999998,-34.072396832279));
#5475=CARTESIAN_POINT('',(123.768401036323,57.7499999999999,-34.072396832279));
#5476=CARTESIAN_POINT('',(128.768401036323,38.6499999999998,-34.072396832279));
#5477=CARTESIAN_POINT('',(121.268401036323,38.6499999999998,-34.072396832279));
#5478=CARTESIAN_POINT('Origin',(128.768401036323,26.1499999999999,-34.072396832279));
#5479=CARTESIAN_POINT('',(136.018401036323,18.6499999999998,-34.072396832279));
#5480=CARTESIAN_POINT('Origin',(132.518401036323,18.6499999999998,-34.072396832279));
#5481=CARTESIAN_POINT('Origin',(86.2684010363225,-1.35000000000015,-22.572396832279));
#5482=CARTESIAN_POINT('',(115.268401036323,-1.35000000000015,-24.072396832279));
#5483=CARTESIAN_POINT('',(121.268401036323,-1.35000000000015,-24.072396832279));
#5484=CARTESIAN_POINT('',(115.268401036323,-1.35000000000015,-39.822396832279));
#5485=CARTESIAN_POINT('',(115.268401036323,-1.35000000000015,-5.322396832279));
#5486=CARTESIAN_POINT('',(112.268401036323,-1.35000000000015,-42.822396832279));
#5487=CARTESIAN_POINT('Origin',(112.268401036323,-1.35000000000015,-39.822396832279));
#5488=CARTESIAN_POINT('',(109.768401036323,-1.35000000000015,-42.822396832279));
#5489=CARTESIAN_POINT('',(112.268401036323,-1.35000000000015,-42.822396832279));
#5490=CARTESIAN_POINT('',(106.518401036323,-1.35000000000015,-46.072396832279));
#5491=CARTESIAN_POINT('Origin',(109.768401036323,-1.35000000000015,-46.072396832279));
#5492=CARTESIAN_POINT('',(106.518401036323,-1.35000000000015,-48.572396832279));
#5493=CARTESIAN_POINT('',(106.518401036323,-1.35000000000015,-46.072396832279));
#5494=CARTESIAN_POINT('',(103.518401036323,-1.35000000000015,-51.572396832279));
#5495=CARTESIAN_POINT('Origin',(103.518401036323,-1.35000000000015,-48.572396832279));
#5496=CARTESIAN_POINT('',(69.0184010363224,-1.35000000000015,-51.572396832279));
#5497=CARTESIAN_POINT('',(69.0184010363224,-1.35000000000015,-51.572396832279));
#5498=CARTESIAN_POINT('',(66.0184010363224,-1.35000000000015,-48.572396832279));
#5499=CARTESIAN_POINT('Origin',(69.0184010363224,-1.35000000000015,-48.572396832279));
#5500=CARTESIAN_POINT('',(66.0184010363224,-1.35000000000015,-46.072396832279));
#5501=CARTESIAN_POINT('',(66.0184010363224,-1.35000000000015,-46.072396832279));
#5502=CARTESIAN_POINT('',(62.7684010363224,-1.35000000000015,-42.822396832279));
#5503=CARTESIAN_POINT('Origin',(62.7684010363224,-1.35000000000015,-46.072396832279));
#5504=CARTESIAN_POINT('',(60.2684010363225,-1.35000000000015,-42.822396832279));
#5505=CARTESIAN_POINT('',(60.2684010363225,-1.35000000000015,-42.822396832279));
#5506=CARTESIAN_POINT('',(57.2684010363224,-1.35000000000015,-39.822396832279));
#5507=CARTESIAN_POINT('Origin',(60.2684010363224,-1.35000000000015,-39.822396832279));
#5508=CARTESIAN_POINT('',(57.2684010363225,-1.35000000000015,-24.072396832279));
#5509=CARTESIAN_POINT('',(57.2684010363225,-1.35000000000015,-5.322396832279));
#5510=CARTESIAN_POINT('',(43.7684010363225,-1.35000000000015,-24.072396832279));
#5511=CARTESIAN_POINT('',(51.2684010363225,-1.35000000000015,-24.072396832279));
#5512=CARTESIAN_POINT('',(43.7684010363225,-1.35000000000015,-34.072396832279));
#5513=CARTESIAN_POINT('',(43.7684010363225,-1.35000000000015,-25.822396832279));
#5514=CARTESIAN_POINT('',(48.7684010363225,-1.35000000000015,-34.072396832279));
#5515=CARTESIAN_POINT('',(51.2684010363225,-1.35000000000015,-34.072396832279));
#5516=CARTESIAN_POINT('',(51.2684010363225,-1.35000000000015,-36.572396832279));
#5517=CARTESIAN_POINT('Origin',(48.7684010363225,-1.35000000000015,-36.572396832279));
#5518=CARTESIAN_POINT('',(51.2684010363225,-1.35000000000015,12.427603167721));
#5519=CARTESIAN_POINT('Origin',(123.768401036323,-1.35000000000015,-36.572396832279));
#5520=CARTESIAN_POINT('',(109.768401036323,-1.35000000000015,-48.672396832279));
#5521=CARTESIAN_POINT('Origin',(109.768401036323,-1.35000000000015,-46.072396832279));
#5522=CARTESIAN_POINT('',(62.7684010363226,-1.35000000000015,-48.6723968322791));
#5523=CARTESIAN_POINT('Origin',(62.7684010363226,-1.35000000000015,-46.0723968322791));
#5524=CARTESIAN_POINT('Origin',(43.7684010363225,11.1499999999999,-25.822396832279));
#5525=CARTESIAN_POINT('',(31.2684010363225,11.1499999999999,-34.072396832279));
#5526=CARTESIAN_POINT('Origin',(43.7684010363225,11.1499999999999,-34.072396832279));
#5527=CARTESIAN_POINT('',(31.2684010363225,11.1499999999999,-24.072396832279));
#5528=CARTESIAN_POINT('Origin',(43.7684010363225,11.1499999999999,-24.072396832279));
#5529=CARTESIAN_POINT('',(31.2684010363225,11.1499999999999,-25.822396832279));
#5530=CARTESIAN_POINT('Origin',(51.2684010363225,38.6499999999998,-24.072396832279));
#5531=CARTESIAN_POINT('',(57.2684010363225,38.6499999999998,-24.072396832279));
#5532=CARTESIAN_POINT('',(57.2684010363225,77.7499999999999,-24.072396832279));
#5533=CARTESIAN_POINT('',(43.7684010363225,38.6499999999998,-24.072396832279));
#5534=CARTESIAN_POINT('',(51.2684010363225,38.6499999999998,-24.072396832279));
#5535=CARTESIAN_POINT('',(31.2684010363225,26.1499999999998,-24.072396832279));
#5536=CARTESIAN_POINT('Origin',(43.7684010363225,26.1499999999998,-24.072396832279));
#5537=CARTESIAN_POINT('',(31.2684010363225,-1.35000000000015,-24.072396832279));
#5538=CARTESIAN_POINT('',(36.5184010363225,18.6499999999998,-24.072396832279));
#5539=CARTESIAN_POINT('Origin',(40.0184010363225,18.6499999999998,-24.072396832279));
#5540=CARTESIAN_POINT('Origin',(51.2684010363225,-1.35000000000015,-34.072396832279));
#5541=CARTESIAN_POINT('',(31.2684010363225,26.1499999999998,-34.072396832279));
#5542=CARTESIAN_POINT('',(31.2684010363225,38.6499999999998,-34.072396832279));
#5543=CARTESIAN_POINT('',(43.7684010363225,38.6499999999998,-34.072396832279));
#5544=CARTESIAN_POINT('Origin',(43.7684010363225,26.1499999999998,-34.072396832279));
#5545=CARTESIAN_POINT('',(48.7684010363225,38.6499999999998,-34.072396832279));
#5546=CARTESIAN_POINT('',(51.2684010363225,38.6499999999998,-34.072396832279));
#5547=CARTESIAN_POINT('',(48.7684010363225,57.7499999999999,-34.072396832279));
#5548=CARTESIAN_POINT('',(36.5184010363225,18.6499999999998,-34.072396832279));
#5549=CARTESIAN_POINT('Origin',(40.0184010363225,18.6499999999998,-34.072396832279));
#5550=CARTESIAN_POINT('Origin',(103.518401036323,116.85,-51.572396832279));
#5551=CARTESIAN_POINT('',(69.0184010363224,38.6499999999998,-51.572396832279));
#5552=CARTESIAN_POINT('',(69.0184010363224,116.85,-51.572396832279));
#5553=CARTESIAN_POINT('',(103.518401036323,38.6499999999998,-51.572396832279));
#5554=CARTESIAN_POINT('',(103.518401036323,116.85,-51.572396832279));
#5555=CARTESIAN_POINT('',(94.8934010363226,38.6499999999998,-51.572396832279));
#5556=CARTESIAN_POINT('Origin',(103.518401036323,116.85,-48.572396832279));
#5557=CARTESIAN_POINT('',(106.518401036323,38.6499999999998,-48.572396832279));
#5558=CARTESIAN_POINT('',(106.518401036323,116.85,-48.572396832279));
#5559=CARTESIAN_POINT('Origin',(103.518401036323,38.6499999999998,-48.572396832279));
#5560=CARTESIAN_POINT('Origin',(106.518401036323,116.85,-46.072396832279));
#5561=CARTESIAN_POINT('',(106.518401036323,38.6499999999998,-46.072396832279));
#5562=CARTESIAN_POINT('',(106.518401036323,116.85,-46.072396832279));
#5563=CARTESIAN_POINT('',(106.518401036323,38.6499999999998,-34.322396832279));
#5564=CARTESIAN_POINT('Origin',(48.7684010363225,57.7499999999999,-36.572396832279));
#5565=CARTESIAN_POINT('',(51.2684010363225,38.6499999999998,-36.572396832279));
#5566=CARTESIAN_POINT('',(51.2684010363225,57.7499999999999,-36.572396832279));
#5567=CARTESIAN_POINT('Origin',(48.7684010363225,38.6499999999998,-36.572396832279));
#5568=CARTESIAN_POINT('Origin',(51.2684010363225,116.85,-57.572396832279));
#5569=CARTESIAN_POINT('',(51.2684010363225,38.6499999999998,-40.072396832279));
#5570=CARTESIAN_POINT('Origin',(60.2684010363224,116.85,-39.822396832279));
#5571=CARTESIAN_POINT('',(57.2684010363224,38.6499999999998,-39.822396832279));
#5572=CARTESIAN_POINT('',(57.2684010363224,116.85,-39.822396832279));
#5573=CARTESIAN_POINT('',(60.2684010363225,38.6499999999998,-42.822396832279));
#5574=CARTESIAN_POINT('',(60.2684010363225,116.85,-42.822396832279));
#5575=CARTESIAN_POINT('Origin',(60.2684010363224,38.6499999999998,-39.822396832279));
#5576=CARTESIAN_POINT('Origin',(60.2684010363225,116.85,-42.822396832279));
#5577=CARTESIAN_POINT('',(62.7684010363224,38.6499999999998,-42.822396832279));
#5578=CARTESIAN_POINT('',(62.7684010363224,116.85,-42.822396832279));
#5579=CARTESIAN_POINT('',(73.2684010363226,38.6499999999998,-42.8223968322788));
#5580=CARTESIAN_POINT('Origin',(69.0184010363224,116.85,-48.572396832279));
#5581=CARTESIAN_POINT('',(66.0184010363224,38.6499999999998,-48.572396832279));
#5582=CARTESIAN_POINT('',(66.0184010363224,116.85,-48.572396832279));
#5583=CARTESIAN_POINT('Origin',(69.0184010363224,38.6499999999998,-48.572396832279));
#5584=CARTESIAN_POINT('Origin',(66.0184010363224,116.85,-46.072396832279));
#5585=CARTESIAN_POINT('',(66.0184010363224,38.6499999999998,-46.072396832279));
#5586=CARTESIAN_POINT('',(66.0184010363224,116.85,-46.072396832279));
#5587=CARTESIAN_POINT('',(66.0184010363224,38.6499999999998,-34.322396832279));
#5588=CARTESIAN_POINT('Origin',(62.7684010363224,116.85,-46.072396832279));
#5589=CARTESIAN_POINT('Origin',(62.7684010363224,38.6499999999998,-46.072396832279));
#5590=CARTESIAN_POINT('Origin',(57.2684010363225,116.85,-5.322396832279));
#5591=CARTESIAN_POINT('',(57.2684010363225,38.6499999999998,-13.9473968322789));
#5592=CARTESIAN_POINT('Origin',(109.768401036323,-1.35000000000008,-46.072396832279));
#5593=CARTESIAN_POINT('',(109.768401036323,38.6499999999998,-48.672396832279));
#5594=CARTESIAN_POINT('',(109.768401036323,-1.35000000000008,-48.672396832279));
#5595=CARTESIAN_POINT('Origin',(109.768401036323,38.6499999999998,-46.072396832279));
#5596=CARTESIAN_POINT('Origin',(62.7684010363226,-1.35000000000008,-46.0723968322791));
#5597=CARTESIAN_POINT('',(62.7684010363226,38.6499999999998,-48.6723968322791));
#5598=CARTESIAN_POINT('',(62.7684010363226,-1.35000000000008,-48.6723968322791));
#5599=CARTESIAN_POINT('Origin',(62.7684010363226,38.6499999999998,-46.0723968322791));
#5600=CARTESIAN_POINT('Origin',(109.768401036323,116.85,-46.072396832279));
#5601=CARTESIAN_POINT('',(109.768401036323,38.6499999999998,-42.822396832279));
#5602=CARTESIAN_POINT('',(109.768401036323,116.85,-42.822396832279));
#5603=CARTESIAN_POINT('Origin',(109.768401036323,38.6499999999998,-46.072396832279));
#5604=CARTESIAN_POINT('Origin',(112.268401036323,116.85,-42.822396832279));
#5605=CARTESIAN_POINT('',(112.268401036323,38.6499999999998,-42.822396832279));
#5606=CARTESIAN_POINT('',(112.268401036323,116.85,-42.822396832279));
#5607=CARTESIAN_POINT('',(99.2684010363224,38.6499999999998,-42.8223968322788));
#5608=CARTESIAN_POINT('Origin',(112.268401036323,116.85,-39.822396832279));
#5609=CARTESIAN_POINT('',(115.268401036323,38.6499999999998,-39.822396832279));
#5610=CARTESIAN_POINT('',(115.268401036323,116.85,-39.822396832279));
#5611=CARTESIAN_POINT('Origin',(112.268401036323,38.6499999999998,-39.822396832279));
#5612=CARTESIAN_POINT('Origin',(115.268401036323,116.85,-5.32239683227899));
#5613=CARTESIAN_POINT('',(115.268401036323,38.6499999999998,-24.072396832279));
#5614=CARTESIAN_POINT('',(115.268401036323,77.7499999999999,-24.072396832279));
#5615=CARTESIAN_POINT('',(115.268401036323,38.6499999999998,-13.9473968322789));
#5616=CARTESIAN_POINT('Origin',(123.768401036323,57.7499999999999,-36.572396832279));
#5617=CARTESIAN_POINT('Origin',(123.768401036323,38.6499999999998,-36.572396832279));
#5618=CARTESIAN_POINT('Origin',(132.518401036323,18.6499999999998,-11.072396832279));
#5619=CARTESIAN_POINT('',(136.018401036323,18.6499999999998,-24.072396832279));
#5620=CARTESIAN_POINT('Origin',(132.518401036323,18.6499999999998,-24.072396832279));
#5621=CARTESIAN_POINT('',(136.018401036323,18.6499999999998,-11.072396832279));
#5622=CARTESIAN_POINT('Origin',(40.0184010363225,18.6499999999998,-11.072396832279));
#5623=CARTESIAN_POINT('',(36.5184010363225,18.6499999999998,-11.072396832279));
#5624=CARTESIAN_POINT('Origin',(43.7684010363225,26.1499999999998,-25.822396832279));
#5625=CARTESIAN_POINT('',(43.7684010363225,38.6499999999998,-25.822396832279));
#5626=CARTESIAN_POINT('',(31.2684010363225,26.1499999999998,-25.822396832279));
#5627=CARTESIAN_POINT('Origin',(31.2684010363225,18.6499999999998,-29.072396832279));
#5628=CARTESIAN_POINT('Origin',(86.2684010363225,38.6499999999998,-22.572396832279));
#5629=CARTESIAN_POINT('',(128.768401036323,38.6499999999998,-24.072396832279));
#5630=CARTESIAN_POINT('',(121.268401036323,38.6499999999998,-24.072396832279));
#5631=CARTESIAN_POINT('',(128.768401036323,38.6499999999998,-25.822396832279));
#5632=CARTESIAN_POINT('Origin',(128.768401036323,26.1499999999998,-25.822396832279));
#5633=CARTESIAN_POINT('Origin',(128.768401036323,26.1499999999999,-24.072396832279));
#5634=CARTESIAN_POINT('Origin',(121.268401036323,38.6499999999998,-24.072396832279));
#5635=CARTESIAN_POINT('Origin',(136.268401036323,88.65,-62.5723968322788));
#5636=CARTESIAN_POINT('Origin',(86.2684010363226,-80.35,-43.3223968322789));
#5637=CARTESIAN_POINT('',(127.268401036323,-80.35,-52.9473968322789));
#5638=CARTESIAN_POINT('',(45.2684010363226,-80.35,-52.9473968322789));
#5639=CARTESIAN_POINT('Origin',(45.2684010363226,-91.3500000000001,-62.5723968322788));
#5640=CARTESIAN_POINT('Origin',(127.268401036323,-253.35,-62.5723968322788));
#5641=CARTESIAN_POINT('',(127.268401036323,-83.3500000000001,-46.0723968322788));
#5642=CARTESIAN_POINT('Origin',(146.268401036322,-83.3500000000001,-29.5723968322788));
#5643=UNCERTAINTY_MEASURE_WITH_UNIT(LENGTH_MEASURE(0.01),#5647,
'DISTANCE_ACCURACY_VALUE',
'Maximum model space distance between geometric entities at asserted c
onnectivities');
#5644=UNCERTAINTY_MEASURE_WITH_UNIT(LENGTH_MEASURE(0.01),#5647,
'DISTANCE_ACCURACY_VALUE',
'Maximum model space distance between geometric entities at asserted c
onnectivities');
#5645=(
GEOMETRIC_REPRESENTATION_CONTEXT(3)
GLOBAL_UNCERTAINTY_ASSIGNED_CONTEXT((#5643))
GLOBAL_UNIT_ASSIGNED_CONTEXT((#5647,#5649,#5650))
REPRESENTATION_CONTEXT('','3D')
);
#5646=(
GEOMETRIC_REPRESENTATION_CONTEXT(3)
GLOBAL_UNCERTAINTY_ASSIGNED_CONTEXT((#5644))
GLOBAL_UNIT_ASSIGNED_CONTEXT((#5647,#5649,#5650))
REPRESENTATION_CONTEXT('','3D')
);
#5647=(
LENGTH_UNIT()
NAMED_UNIT(*)
SI_UNIT(.MILLI.,.METRE.)
);
#5648=(
LENGTH_UNIT()
NAMED_UNIT(*)
SI_UNIT($,.METRE.)
);
#5649=(
NAMED_UNIT(*)
PLANE_ANGLE_UNIT()
SI_UNIT($,.RADIAN.)
);
#5650=(
NAMED_UNIT(*)
SI_UNIT($,.STERADIAN.)
SOLID_ANGLE_UNIT()
);
#5651=SHAPE_DEFINITION_REPRESENTATION(#5652,#5653);
#5652=PRODUCT_DEFINITION_SHAPE('',$,#5655);
#5653=SHAPE_REPRESENTATION('',(#3411),#5645);
#5654=PRODUCT_DEFINITION_CONTEXT('part definition',#5659,'design');
#5655=PRODUCT_DEFINITION('2026-09-16-01-27-47-372','Housing',#5656,#5654);
#5656=PRODUCT_DEFINITION_FORMATION('',$,#5661);
#5657=PRODUCT_RELATED_PRODUCT_CATEGORY('Housing','Housing',(#5661));
#5658=APPLICATION_PROTOCOL_DEFINITION('international standard',
'automotive_design',2009,#5659);
#5659=APPLICATION_CONTEXT(
'Core Data for Automotive Mechanical Design Process');
#5660=PRODUCT_CONTEXT('part definition',#5659,'mechanical');
#5661=PRODUCT('2026-09-16-01-27-47-372','Housing',$,(#5660));
#5662=PRESENTATION_STYLE_ASSIGNMENT((#5664));
#5663=PRESENTATION_STYLE_ASSIGNMENT((#5665));
#5664=SURFACE_STYLE_USAGE(.BOTH.,#5666);
#5665=SURFACE_STYLE_USAGE(.BOTH.,#5667);
#5666=SURFACE_SIDE_STYLE('',(#5668));
#5667=SURFACE_SIDE_STYLE('',(#5669));
#5668=SURFACE_STYLE_FILL_AREA(#5670);
#5669=SURFACE_STYLE_FILL_AREA(#5671);
#5670=FILL_AREA_STYLE('Steel - Satin',(#5672));
#5671=FILL_AREA_STYLE(
'PA 12 - PA 2200 - 120\X\B5m - Balance (with EOS 3D printers)',(#5673));
#5672=FILL_AREA_STYLE_COLOUR('Steel - Satin',#5674);
#5673=FILL_AREA_STYLE_COLOUR(
'PA 12 - PA 2200 - 120\X\B5m - Balance (with EOS 3D printers)',#5675);
#5674=COLOUR_RGB('Steel - Satin',0.627450980392157,0.627450980392157,0.627450980392157);
#5675=COLOUR_RGB(
'PA 12 - PA 2200 - 120\X\B5m - Balance (with EOS 3D printers)',0.964705882352941,
0.964705882352941,0.952941176470588);
ENDSEC;
END-ISO-10303-21;
